t,x,y
1,25.2,25.8
2,25.4,26.2
3,25.8,26.2
4,26.2,26.4
5,26.2,26.8
6,26.4,27.2
7,26.8,27.2
8,27.2,27.4
9,27.2,27.8
10,27.4,28.2
11,27.8,28.2
12,28.2,28.4
13,28.2,28.8
14,28.4,29.2
15,28.8,29.2
16,29.2,29.4
17,29.2,29.8
18,29.4,30.2
19,29.8,30.2
20,30.2,30.4
21,30.2,30.8
22,30.4,31.2
23,30.8,31.2
24,31.2,31.4
25,31.2,31.8
26,31.4,32.2
27,31.8,32.2
28,32.2,32.4
29,32.2,32.8
30,32.4,33.2
31,32.8,33.2
32,33.2,33.4
33,33.2,33.8
34,33.4,34.2
35,33.8,34.2
36,34.2,34.4
37,34.2,34.8
38,34.4,35.2
39,34.8,35.2
40,35.2,35.4
41,35.2,35.8
42,35.4,36.2
43,35.8,36.2
44,36.2,36.4
45,36.2,36.8
46,36.4,37.2
47,36.8,37.2
48,37.2,37.4
49,37.2,37.8
50,37.4,38.2
51,37.8,38.2
52,38.2,38.4
53,38.2,38.8
54,38.4,39.2
55,38.8,39.2
56,39.2,39.4
57,39.2,39.8
58,39.4,40.2
59,39.8,40.2
60,40.2,40.4
61,40.2,40.8
62,40.4,41.2
63,40.8,41.2
64,41.2,41.4
65,41.2,41.8
66,41.4,42.2
67,41.8,42.2
68,42.2,42.4
69,42.2,42.8
70,42.4,43.2
71,42.8,43.2
72,43.2,43.4
73,43.2,43.8
74,43.4,44.2
75,43.8,44.2
76,44.2,44.4
77,44.2,44.8
78,44.4,45.2
79,44.8,45.2
80,45.2,45.4
81,45.2,45.8
82,45.4,46.2
83,45.8,46.2
84,46.2,46.4
85,46.2,46.8
86,46.4,47.2
87,46.8,47.2
88,47.2,47.4
89,47.2,47.8
90,47.4,48.2
91,47.8,48.2
92,48.2,48.4
103,0.8,1.2
104,1.2,1.4
105,1.2,1.8
106,1.4,2.2
107,1.8,2.2
108,2.2,2.4
109,2.2,2.8
110,2.4,3.2
111,2.8,3.2
112,3.2,3.4
113,3.2,3.8
114,3.4,4.2
115,3.8,4.2
116,4.2,4.4
117,4.2,4.8
118,4.4,5.2
119,4.8,5.2
120,5.2,5.4
121,5.2,5.8
122,5.4,6.2
123,5.8,6.2
124,6.2,6.4
125,6.2,6.8
126,6.4,7.2
127,6.8,7.2
128,7.2,7.4
129,7.2,7.8
130,7.4,8.2
131,7.8,8.2
132,8.2,8.4
133,8.2,8.8
134,8.4,9.2
135,8.8,9.2
136,9.2,9.4
137,9.2,9.8
138,9.4,10.2
139,9.8,10.2
140,10.2,10.4
141,10.2,10.8
142,10.4,11.2
143,10.8,11.2
144,11.2,11.4
145,11.2,11.8
146,11.4,12.2
147,11.8,12.2
148,12.2,12.4
149,12.2,12.8
150,12.4,13.2
151,12.8,13.2
152,13.2,13.4
153,13.2,13.8
154,13.4,14.2
155,13.8,14.2
156,14.2,14.4
157,14.2,14.8
158,14.4,15.2
159,14.8,15.2
160,15.2,15.4
161,15.2,15.8
162,15.4,16.2
163,15.8,16.2
164,16.2,16.4
165,16.2,16.8
166,16.4,17.2
167,16.8,17.2
168,17.2,17.4
169,17.2,17.8
170,17.4,18.2
171,17.8,18.2
172,18.2,18.4
173,18.2,18.8
174,18.4,19.2
175,18.8,19.2
176,19.2,19.4
177,19.2,19.8
178,19.4,20.2
179,19.8,20.2
180,20.2,20.4
181,20.2,20.8
182,20.4,21.2
183,20.8,21.2
184,21.2,21.4
185,21.2,21.8
186,21.4,22.2
187,21.8,22.2
188,22.2,22.4
189,22.2,22.8
190,22.4,23.2
191,22.8,23.2
192,23.2,23.4
193,23.2,23.8
194,23.4,24.2
195,23.8,24.2
196,24.2,24.4
197,24.2,24.8
198,24.4,25.2
199,24.8,25.2
200,25.2,25.4
201,25.2,25.8
202,25.4,26.2
203,25.8,26.2
204,26.2,26.4
205,26.2,26.8
206,26.4,27.2
207,26.8,27.2
208,27.2,27.4
209,27.2,27.8
210,27.4,28.2
211,27.8,28.2
212,28.2,28.4
213,28.2,28.8
214,28.4,29.2
215,28.8,29.2
216,29.2,29.4
217,29.2,29.8
218,29.4,30.2
219,29.8,30.2
220,30.2,30.4
221,30.2,30.8
222,30.4,31.2
223,30.8,31.2
224,31.2,31.4
225,31.2,31.8
226,31.4,32.2
227,31.8,32.2
228,32.2,32.4
229,32.2,32.8
230,32.4,33.2
231,32.8,33.2
232,33.2,33.4
233,33.2,33.8
234,33.4,34.2
235,33.8,34.2
236,34.2,34.4
237,34.2,34.8
238,34.4,35.2
239,34.8,35.2
240,35.2,35.4
241,35.2,35.8
242,35.4,36.2
243,35.8,36.2
244,36.2,36.4
245,36.2,36.8
246,36.4,37.2
247,36.8,37.2
248,37.2,37.4
249,37.2,37.8
250,37.4,38.2
251,37.8,38.2
252,38.2,38.4
253,38.2,38.8
254,38.4,39.2
255,38.8,39.2
256,39.2,39.4
257,39.2,39.8
258,39.4,40.2
259,39.8,40.2
260,40.2,40.4
261,40.2,40.8
262,40.4,41.2
263,40.8,41.2
264,41.2,41.4
265,41.2,41.8
266,41.4,42.2
267,41.8,42.2
268,42.2,42.4
269,42.2,42.8
270,42.4,43.2
271,42.8,43.2
272,43.2,43.4
273,43.2,43.8
274,43.4,44.2
275,43.8,44.2
276,44.2,44.4
277,44.2,44.8
278,44.4,45.2
279,44.8,45.2
280,45.2,45.4
281,45.2,45.8
282,45.4,46.2
283,45.8,46.2
284,46.2,46.4
285,46.2,46.8
286,46.4,47.2
287,46.8,47.2
288,47.2,47.4
289,47.2,47.8
290,47.4,48.2
291,47.8,48.2
292,48.2,48.4
303,0.8,1.2
304,1.2,1.4
305,1.2,1.8
306,1.4,2.2
307,1.8,2.2
308,2.2,2.4
309,2.2,2.8
310,2.4,3.2
311,2.8,3.2
312,3.2,3.4
313,3.2,3.8
314,3.4,4.2
315,3.8,4.2
316,4.2,4.4
317,4.2,4.8
318,4.4,5.2
319,4.8,5.2
320,5.2,5.4
321,5.2,5.8
322,5.4,6.2
323,5.8,6.2
324,6.2,6.4
325,6.2,6.8
326,6.4,7.2
327,6.8,7.2
328,7.2,7.4
329,7.2,7.8
330,7.4,8.2
331,7.8,8.2
332,8.2,8.4
333,8.2,8.8
334,8.4,9.2
335,8.8,9.2
336,9.2,9.4
337,9.2,9.8
338,9.4,10.2
339,9.8,10.2
340,10.2,10.4
341,10.2,10.8
342,10.4,11.2
343,10.8,11.2
344,11.2,11.4
345,11.2,11.8
346,11.4,12.2
347,11.8,12.2
348,12.2,12.4
349,12.2,12.8
350,12.4,13.2
351,12.8,13.2
352,13.2,13.4
353,13.2,13.8
354,13.4,14.2
355,13.8,14.2
356,14.2,14.4
357,14.2,14.8
358,14.4,15.2
359,14.8,15.2
360,15.2,15.4
361,15.2,15.8
362,15.4,16.2
363,15.8,16.2
364,16.2,16.4
365,16.2,16.8
366,16.4,17.2
367,16.8,17.2
368,17.2,17.4
369,17.2,17.8
370,17.4,18.2
371,17.8,18.2
372,18.2,18.4
373,18.2,18.8
374,18.4,19.2
375,18.8,19.2
376,19.2,19.4
377,19.2,19.8
378,19.4,20.2
379,19.8,20.2
380,20.2,20.4
381,20.2,20.8
382,20.4,21.2
383,20.8,21.2
384,21.2,21.4
385,21.2,21.8
386,21.4,22.2
387,21.8,22.2
388,22.2,22.4
389,22.2,22.8
390,22.4,23.2
391,22.8,23.2
392,23.2,23.4
393,23.2,23.8
394,23.4,24.2
395,23.8,24.2
396,24.2,24.4
397,24.2,24.8
398,24.4,25.2
399,24.8,25.2
400,25.2,25.4
401,25.2,25.8
402,25.4,26.2
403,25.8,26.2
404,26.2,26.4
405,26.2,26.8
406,26.4,27.2
407,26.8,27.2
408,27.2,27.4
409,27.2,27.8
410,27.4,28.2
411,27.8,28.2
412,28.2,28.4
413,28.2,28.8
414,28.4,29.2
415,28.8,29.2
416,29.2,29.4
417,29.2,29.8
418,29.4,30.2
419,29.8,30.2
420,30.2,30.4
421,30.2,30.8
422,30.4,31.2
423,30.8,31.2
424,31.2,31.4
425,31.2,31.8
426,31.4,32.2
427,31.8,32.2
428,32.2,32.4
429,32.2,32.8
430,32.4,33.2
431,32.8,33.2
432,33.2,33.4
433,33.2,33.8
434,33.4,34.2
435,33.8,34.2
436,34.2,34.4
437,34.2,34.8
438,34.4,35.2
439,34.8,35.2
440,35.2,35.4
441,35.2,35.8
442,35.4,36.2
443,35.8,36.2
444,36.2,36.4
445,36.2,36.8
446,36.4,37.2
447,36.8,37.2
448,37.2,37.4
449,37.2,37.8
450,37.4,38.2
451,37.8,38.2
452,38.2,38.4
453,38.2,38.8
454,38.4,39.2
455,38.8,39.2
456,39.2,39.4
457,39.2,39.8
458,39.4,40.2
459,39.8,40.2
460,40.2,40.4
461,40.2,40.8
462,40.4,41.2
463,40.8,41.2
464,41.2,41.4
465,41.2,41.8
466,41.4,42.2
467,41.8,42.2
468,42.2,42.4
469,42.2,42.8
470,42.4,43.2
471,42.8,43.2
472,43.2,43.4
473,43.2,43.8
474,43.4,44.2
475,43.8,44.2
476,44.2,44.4
477,44.2,44.8
478,44.4,45.2
479,44.8,45.2
480,45.2,45.4
481,45.2,45.8
482,45.4,46.2
483,45.8,46.2
484,46.2,46.4
485,46.2,46.8
486,46.4,47.2
487,46.8,47.2
488,47.2,47.4
489,47.2,47.8
490,47.4,48.2
491,47.8,48.2
492,48.2,48.4
503,0.8,1.2
504,1.2,1.4
505,1.2,1.8
506,1.4,2.2
507,1.8,2.2
508,2.2,2.4
509,2.2,2.8
510,2.4,3.2
511,2.8,3.2
512,3.2,3.4
513,3.2,3.8
514,3.4,4.2
515,3.8,4.2
516,4.2,4.4
517,4.2,4.8
518,4.4,5.2
519,4.8,5.2
520,5.2,5.4
521,5.2,5.8
522,5.4,6.2
523,5.8,6.2
524,6.2,6.4
525,6.2,6.8
526,6.4,7.2
527,6.8,7.2
528,7.2,7.4
529,7.2,7.8
530,7.4,8.2
531,7.8,8.2
532,8.2,8.4
533,8.2,8.8
534,8.4,9.2
535,8.8,9.2
536,9.2,9.4
537,9.2,9.8
538,9.4,10.2
539,9.8,10.2
540,10.2,10.4
541,10.2,10.8
542,10.4,11.2
543,10.8,11.2
544,11.2,11.4
545,11.2,11.8
546,11.4,12.2
547,11.8,12.2
548,12.2,12.4
549,12.2,12.8
550,12.4,13.2
551,12.8,13.2
552,13.2,13.4
553,13.2,13.8
554,13.4,14.2
555,13.8,14.2
556,14.2,14.4
557,14.2,14.8
558,14.4,15.2
559,14.8,15.2
560,15.2,15.4
561,15.2,15.8
562,15.4,16.2
563,15.8,16.2
564,16.2,16.4
565,16.2,16.8
566,16.4,17.2
567,16.8,17.2
568,17.2,17.4
569,17.2,17.8
570,17.4,18.2
571,17.8,18.2
572,18.2,18.4
573,18.2,18.8
574,18.4,19.2
575,18.8,19.2
576,19.2,19.4
577,19.2,19.8
578,19.4,20.2
579,19.8,20.2
580,20.2,20.4
581,20.2,20.8
582,20.4,21.2
583,20.8,21.2
584,21.2,21.4
585,21.2,21.8
586,21.4,22.2
587,21.8,22.2
588,22.2,22.4
589,22.2,22.8
590,22.4,23.2
591,22.8,23.2
592,23.2,23.4
593,23.2,23.8
594,23.4,24.2
595,23.8,24.2
596,24.2,24.4
597,24.2,24.8
598,24.4,25.2
599,24.8,25.2
600,25.2,25.4
601,25.2,25.8
602,25.4,26.2
603,25.8,26.2
604,26.2,26.4
605,26.2,26.8
606,26.4,27.2
607,26.8,27.2
608,27.2,27.4
609,27.2,27.8
610,27.4,28.2
611,27.8,28.2
612,28.2,28.4
613,28.2,28.8
614,28.4,29.2
615,28.8,29.2
616,29.2,29.4
617,29.2,29.8
618,29.4,30.2
619,29.8,30.2
620,30.2,30.4
621,30.2,30.8
622,30.4,31.2
623,30.8,31.2
624,31.2,31.4
625,31.2,31.8
626,31.4,32.2
627,31.8,32.2
628,32.2,32.4
629,32.2,32.8
630,32.4,33.2
631,32.8,33.2
632,33.2,33.4
633,33.2,33.8
634,33.4,34.2
635,33.8,34.2
636,34.2,34.4
637,34.2,34.8
638,34.4,35.2
639,34.8,35.2
640,35.2,35.4
641,35.2,35.8
642,35.4,36.2
643,35.8,36.2
644,36.2,36.4
645,36.2,36.8
646,36.4,37.2
647,36.8,37.2
648,37.2,37.4
649,37.2,37.8
650,37.4,38.2
651,37.8,38.2
652,38.2,38.4
653,38.2,38.8
654,38.4,39.2
655,38.8,39.2
656,39.2,39.4
657,39.2,39.8
658,39.4,40.2
659,39.8,40.2
660,40.2,40.4
661,40.2,40.8
662,40.4,41.2
663,40.8,41.2
664,41.2,41.4
665,41.2,41.8
666,41.4,42.2
667,41.8,42.2
668,42.2,42.4
669,42.2,42.8
670,42.4,43.2
671,42.8,43.2
672,43.2,43.4
673,43.2,43.8
674,43.4,44.2
675,43.8,44.2
676,44.2,44.4
677,44.2,44.8
678,44.4,45.2
679,44.8,45.2
680,45.2,45.4
681,45.2,45.8
682,45.4,46.2
683,45.8,46.2
684,46.2,46.4
685,46.2,46.8
686,46.4,47.2
687,46.8,47.2
688,47.2,47.4
689,47.2,47.8
690,47.4,48.2
691,47.8,48.2
692,48.2,48.4
703,0.8,1.2
704,1.2,1.4
705,1.2,1.8
706,1.4,2.2
707,1.8,2.2
708,2.2,2.4
709,2.2,2.8
710,2.4,3.2
711,2.8,3.2
712,3.2,3.4
713,3.2,3.8
714,3.4,4.2
715,3.8,4.2
716,4.2,4.4
717,4.2,4.8
718,4.4,5.2
719,4.8,5.2
720,5.2,5.4
721,5.2,5.8
722,5.4,6.2
723,5.8,6.2
724,6.2,6.4
725,6.2,6.8
726,6.4,7.2
727,6.8,7.2
728,7.2,7.4
729,7.2,7.8
730,7.4,8.2
731,7.8,8.2
732,8.2,8.4
733,8.2,8.8
734,8.4,9.2
735,8.8,9.2
736,9.2,9.4
737,9.2,9.8
738,9.4,10.2
739,9.8,10.2
740,10.2,10.4
741,10.2,10.8
742,10.4,11.2
743,10.8,11.2
744,11.2,11.4
745,11.2,11.8
746,11.4,12.2
747,11.8,12.2
748,12.2,12.4
749,12.2,12.8
750,12.4,13.2
751,12.8,13.2
752,13.2,13.4
753,13.2,13.8
754,13.4,14.2
755,13.8,14.2
756,14.2,14.4
757,14.2,14.8
758,14.4,15.2
759,14.8,15.2
760,15.2,15.4
761,15.2,15.8
762,15.4,16.2
763,15.8,16.2
764,16.2,16.4
765,16.2,16.8
766,16.4,17.2
767,16.8,17.2
768,17.2,17.4
769,17.2,17.8
770,17.4,18.2
771,17.8,18.2
772,18.2,18.4
773,18.2,18.8
774,18.4,19.2
775,18.8,19.2
776,19.2,19.4
777,19.2,19.8
778,19.4,20.2
779,19.8,20.2
780,20.2,20.4
781,20.2,20.8
782,20.4,21.2
783,20.8,21.2
784,21.2,21.4
785,21.2,21.8
786,21.4,22.2
787,21.8,22.2
788,22.2,22.4
789,22.2,22.8
790,22.4,23.2
791,22.8,23.2
792,23.2,23.4
793,23.2,23.8
794,23.4,24.2
795,23.8,24.2
796,24.2,24.4
797,24.2,24.8
798,24.4,25.2
799,24.8,25.2
800,25.2,25.4
801,25.2,25.8
802,25.4,26.2
803,25.8,26.2
804,26.2,26.4
805,26.2,26.8
806,26.4,27.2
807,26.8,27.2
808,27.2,27.4
809,27.2,27.8
810,27.4,28.2
811,27.8,28.2
812,28.2,28.4
813,28.2,28.8
814,28.4,29.2
815,28.8,29.2
816,29.2,29.4
817,29.2,29.8
818,29.4,30.2
819,29.8,30.2
820,30.2,30.4
821,30.2,30.8
822,30.4,31.2
823,30.8,31.2
824,31.2,31.4
825,31.2,31.8
826,31.4,32.2
827,31.8,32.2
828,32.2,32.4
829,32.2,32.8
830,32.4,33.2
831,32.8,33.2
832,33.2,33.4
833,33.2,33.8
834,33.4,34.2
835,33.8,34.2
836,34.2,34.4
837,34.2,34.8
838,34.4,35.2
839,34.8,35.2
840,35.2,35.4
841,35.2,35.8
842,35.4,36.2
843,35.8,36.2
844,36.2,36.4
845,36.2,36.8
846,36.4,37.2
847,36.8,37.2
848,37.2,37.4
849,37.2,37.8
850,37.4,38.2
851,37.8,38.2
852,38.2,38.4
853,38.2,38.8
854,38.4,39.2
855,38.8,39.2
856,39.2,39.4
857,39.2,39.8
858,39.4,40.2
859,39.8,40.2
860,40.2,40.4
861,40.2,40.8
862,40.4,41.2
863,40.8,41.2
864,41.2,41.4
865,41.2,41.8
866,41.4,42.2
867,41.8,42.2
868,42.2,42.4
869,42.2,42.8
870,42.4,43.2
871,42.8,43.2
872,43.2,43.4
873,43.2,43.8
874,43.4,44.2
875,43.8,44.2
876,44.2,44.4
877,44.2,44.8
878,44.4,45.2
879,44.8,45.2
880,45.2,45.4
881,45.2,45.8
882,45.4,46.2
883,45.8,46.2
884,46.2,46.4
885,46.2,46.8
886,46.4,47.2
887,46.8,47.2
888,47.2,47.4
889,47.2,47.8
890,47.4,48.2
891,47.8,48.2
892,48.2,48.4
903,0.8,1.2
904,1.2,1.4
905,1.2,1.8
906,1.4,2.2
907,1.8,2.2
908,2.2,2.4
909,2.2,2.8
910,2.4,3.2
911,2.8,3.2
912,3.2,3.4
913,3.2,3.8
914,3.4,4.2
915,3.8,4.2
916,4.2,4.4
917,4.2,4.8
918,4.4,5.2
919,4.8,5.2
920,5.2,5.4
921,5.2,5.8
922,5.4,6.2
923,5.8,6.2
924,6.2,6.4
925,6.2,6.8
926,6.4,7.2
927,6.8,7.2
928,7.2,7.4
929,7.2,7.8
930,7.4,8.2
931,7.8,8.2
932,8.2,8.4
933,8.2,8.8
934,8.4,9.2
935,8.8,9.2
936,9.2,9.4
937,9.2,9.8
938,9.4,10.2
939,9.8,10.2
940,10.2,10.4
941,10.2,10.8
942,10.4,11.2
943,10.8,11.2
944,11.2,11.4
945,11.2,11.8
946,11.4,12.2
947,11.8,12.2
948,12.2,12.4
949,12.2,12.8
950,12.4,13.2
951,12.8,13.2
952,13.2,13.4
953,13.2,13.8
954,13.4,14.2
955,13.8,14.2
956,14.2,14.4
957,14.2,14.8
958,14.4,15.2
959,14.8,15.2
960,15.2,15.4
961,15.2,15.8
962,15.4,16.2
963,15.8,16.2
964,16.2,16.4
965,16.2,16.8
966,16.4,17.2
967,16.8,17.2
968,17.2,17.4
969,17.2,17.8
970,17.4,18.2
971,17.8,18.2
972,18.2,18.4
973,18.2,18.8
974,18.4,19.2
975,18.8,19.2
976,19.2,19.4
977,19.2,19.8
978,19.4,20.2
979,19.8,20.2
980,20.2,20.4
981,20.2,20.8
982,20.4,21.2
983,20.8,21.2
984,21.2,21.4
985,21.2,21.8
986,21.4,22.2
987,21.8,22.2
988,22.2,22.4
989,22.2,22.8
990,22.4,23.2
991,22.8,23.2
992,23.2,23.4
993,23.2,23.8
994,23.4,24.2
995,23.8,24.2
996,24.2,24.4
997,24.2,24.8
998,24.4,25.2
999,24.8,25.2
1000,25.2,25.4
1001,25.2,25.8
1002,25.4,26.2
1003,25.8,26.2
1004,26.2,26.4
1005,26.2,26.8
1006,26.4,27.2
1007,26.8,27.2
1008,27.2,27.4
1009,27.2,27.8
1010,27.4,28.2
1011,27.8,28.2
1012,28.2,28.4
1013,28.2,28.8
1014,28.4,29.2
1015,28.8,29.2
1016,29.2,29.4
1017,29.2,29.8
1018,29.4,30.2
1019,29.8,30.2
1020,30.2,30.4
1021,30.2,30.8
1022,30.4,31.2
1023,30.8,31.2
1024,31.2,31.4
1025,31.2,31.8
1026,31.4,32.2
1027,31.8,32.2
1028,32.2,32.4
1029,32.2,32.8
1030,32.4,33.2
1031,32.8,33.2
1032,33.2,33.4
1033,33.2,33.8
1034,33.4,34.2
1035,33.8,34.2
1036,34.2,34.4
1037,34.2,34.8
1038,34.4,35.2
1039,34.8,35.2
1040,35.2,35.4
1041,35.2,35.8
1042,35.4,36.2
1043,35.8,36.2
1044,36.2,36.4
1045,36.2,36.8
1046,36.4,37.2
1047,36.8,37.2
1048,37.2,37.4
1049,37.2,37.8
1050,37.4,38.2
1051,37.8,38.2
1052,38.2,38.4
1053,38.2,38.8
1054,38.4,39.2
1055,38.8,39.2
1056,39.2,39.4
1057,39.2,39.8
1058,39.4,40.2
1059,39.8,40.2
1060,40.2,40.4
1061,40.2,40.8
1062,40.4,41.2
1063,40.8,41.2
1064,41.2,41.4
1065,41.2,41.8
1066,41.4,42.2
1067,41.8,42.2
1068,42.2,42.4
1069,42.2,42.8
1070,42.4,43.2
1071,42.8,43.2
1072,43.2,43.4
1073,43.2,43.8
1074,43.4,44.2
1075,43.8,44.2
1076,44.2,44.4
1077,44.2,44.8
1078,44.4,45.2
1079,44.8,45.2
1080,45.2,45.4
1081,45.2,45.8
1082,45.4,46.2
1083,45.8,46.2
1084,46.2,46.4
1085,46.2,46.8
1086,46.4,47.2
1087,46.8,47.2
1088,47.2,47.4
1089,47.2,47.8
1090,47.4,48.2
1091,47.8,48.2
1092,48.2,48.4
1103,0.8,1.2
1104,1.2,1.4
1105,1.2,1.8
1106,1.4,2.2
1107,1.8,2.2
1108,2.2,2.4
1109,2.2,2.8
1110,2.4,3.2
1111,2.8,3.2
1112,3.2,3.4
1113,3.2,3.8
1114,3.4,4.2
1115,3.8,4.2
1116,4.2,4.4
1117,4.2,4.8
1118,4.4,5.2
1119,4.8,5.2
1120,5.2,5.4
1121,5.2,5.8
1122,5.4,6.2
1123,5.8,6.2
1124,6.2,6.4
1125,6.2,6.8
1126,6.4,7.2
1127,6.8,7.2
1128,7.2,7.4
1129,7.2,7.8
1130,7.4,8.2
1131,7.8,8.2
1132,8.2,8.4
1133,8.2,8.8
1134,8.4,9.2
1135,8.8,9.2
1136,9.2,9.4
1137,9.2,9.8
1138,9.4,10.2
1139,9.8,10.2
1140,10.2,10.4
1141,10.2,10.8
1142,10.4,11.2
1143,10.8,11.2
1144,11.2,11.4
1145,11.2,11.8
1146,11.4,12.2
1147,11.8,12.2
1148,12.2,12.4
1149,12.2,12.8
1150,12.4,13.2
1151,12.8,13.2
1152,13.2,13.4
1153,13.2,13.8
1154,13.4,14.2
1155,13.8,14.2
1156,14.2,14.4
1157,14.2,14.8
1158,14.4,15.2
1159,14.8,15.2
1160,15.2,15.4
1161,15.2,15.8
1162,15.4,16.2
1163,15.8,16.2
1164,16.2,16.4
1165,16.2,16.8
1166,16.4,17.2
1167,16.8,17.2
1168,17.2,17.4
1169,17.2,17.8
1170,17.4,18.2
1171,17.8,18.2
1172,18.2,18.4
1173,18.2,18.8
1174,18.4,19.2
1175,18.8,19.2
1176,19.2,19.4
1177,19.2,19.8
1178,19.4,20.2
1179,19.8,20.2
1180,20.2,20.4
1181,20.2,20.8
1182,20.4,21.2
1183,20.8,21.2
1184,21.2,21.4
1185,21.2,21.8
1186,21.4,22.2
1187,21.8,22.2
1188,22.2,22.4
1189,22.2,22.8
1190,22.4,23.2
1191,22.8,23.2
1192,23.2,23.4
1193,23.2,23.8
1194,23.4,24.2
1195,23.8,24.2
1196,24.2,24.4
1197,24.2,24.8
1198,24.4,25.2
1199,24.8,25.2
1200,25.2,25.4
1201,25.2,25.8
1202,25.4,26.2
1203,25.8,26.2
1204,26.2,26.4
1205,26.2,26.8
1206,26.4,27.2
1207,26.8,27.2
1208,27.2,27.4
1209,27.2,27.8
1210,27.4,28.2
1211,27.8,28.2
1212,28.2,28.4
1213,28.2,28.8
1214,28.4,29.2
1215,28.8,29.2
1216,29.2,29.4
1217,29.2,29.8
1218,29.4,30.2
1219,29.8,30.2
1220,30.2,30.4
1221,30.2,30.8
1222,30.4,31.2
1223,30.8,31.2
1224,31.2,31.4
1225,31.2,31.8
1226,31.4,32.2
1227,31.8,32.2
1228,32.2,32.4
1229,32.2,32.8
1230,32.4,33.2
1231,32.8,33.2
1232,33.2,33.4
1233,33.2,33.8
1234,33.4,34.2
1235,33.8,34.2
1236,34.2,34.4
1237,34.2,34.8
1238,34.4,35.2
1239,34.8,35.2
1240,35.2,35.4
1241,35.2,35.8
1242,35.4,36.2
1243,35.8,36.2
1244,36.2,36.4
1245,36.2,36.8
1246,36.4,37.2
1247,36.8,37.2
1248,37.2,37.4
1249,37.2,37.8
1250,37.4,38.2
1251,37.8,38.2
1252,38.2,38.4
1253,38.2,38.8
1254,38.4,39.2
1255,38.8,39.2
1256,39.2,39.4
1257,39.2,39.8
1258,39.4,40.2
1259,39.8,40.2
1260,40.2,40.4
1261,40.2,40.8
1262,40.4,41.2
1263,40.8,41.2
1264,41.2,41.4
1265,41.2,41.8
1266,41.4,42.2
1267,41.8,42.2
1268,42.2,42.4
1269,42.2,42.8
1270,42.4,43.2
1271,42.8,43.2
1272,43.2,43.4
1273,43.2,43.8
1274,43.4,44.2
1275,43.8,44.2
1276,44.2,44.4
1277,44.2,44.8
1278,44.4,45.2
1279,44.8,45.2
1280,45.2,45.4
1281,45.2,45.8
1282,45.4,46.2
1283,45.8,46.2
1284,46.2,46.4
1285,46.2,46.8
1286,46.4,47.2
1287,46.8,47.2
1288,47.2,47.4
1289,47.2,47.8
1290,47.4,48.2
1291,47.8,48.2
1292,48.2,48.4
1303,0.8,1.2
1304,1.2,1.4
1305,1.2,1.8
1306,1.4,2.2
1307,1.8,2.2
1308,2.2,2.4
1309,2.2,2.8
1310,2.4,3.2
1311,2.8,3.2
1312,3.2,3.4
1313,3.2,3.8
1314,3.4,4.2
1315,3.8,4.2
1316,4.2,4.4
1317,4.2,4.8
1318,4.4,5.2
1319,4.8,5.2
1320,5.2,5.4
1321,5.2,5.8
1322,5.4,6.2
1323,5.8,6.2
1324,6.2,6.4
1325,6.2,6.8
1326,6.4,7.2
1327,6.8,7.2
1328,7.2,7.4
1329,7.2,7.8
1330,7.4,8.2
1331,7.8,8.2
1332,8.2,8.4
1333,8.2,8.8
1334,8.4,9.2
1335,8.8,9.2
1336,9.2,9.4
1337,9.2,9.8
1338,9.4,10.2
1339,9.8,10.2
1340,10.2,10.4
1341,10.2,10.8
1342,10.4,11.2
1343,10.8,11.2
1344,11.2,11.4
1345,11.2,11.8
1346,11.4,12.2
1347,11.8,12.2
1348,12.2,12.4
1349,12.2,12.8
1350,12.4,13.2
1351,12.8,13.2
1352,13.2,13.4
1353,13.2,13.8
1354,13.4,14.2
1355,13.8,14.2
1356,14.2,14.4
1357,14.2,14.8
1358,14.4,15.2
1359,14.8,15.2
1360,15.2,15.4
1361,15.2,15.8
1362,15.4,16.2
1363,15.8,16.2
1364,16.2,16.4
1365,16.2,16.8
1366,16.4,17.2
1367,16.8,17.2
1368,17.2,17.4
1369,17.2,17.8
1370,17.4,18.2
1371,17.8,18.2
1372,18.2,18.4
1373,18.2,18.8
1374,18.4,19.2
1375,18.8,19.2
1376,19.2,19.4
1377,19.2,19.8
1378,19.4,20.2
1379,19.8,20.2
1380,20.2,20.4
1381,20.2,20.8
1382,20.4,21.2
1383,20.8,21.2
1384,21.2,21.4
1385,21.2,21.8
1386,21.4,22.2
1387,21.8,22.2
1388,22.2,22.4
1389,22.2,22.8
1390,22.4,23.2
1391,22.8,23.2
1392,23.2,23.4
1393,23.2,23.8
1394,23.4,24.2
1395,23.8,24.2
1396,24.2,24.4
1397,24.2,24.8
1398,24.4,25.2
1399,24.8,25.2
1400,25.2,25.4
1401,25.2,25.8
1402,25.4,26.2
1403,25.8,26.2
1404,26.2,26.4
1405,26.2,26.8
1406,26.4,27.2
1407,26.8,27.2
1408,27.2,27.4
1409,27.2,27.8
1410,27.4,28.2
1411,27.8,28.2
1412,28.2,28.4
1413,28.2,28.8
1414,28.4,29.2
1415,28.8,29.2
1416,29.2,29.4
1417,29.2,29.8
1418,29.4,30.2
1419,29.8,30.2
1420,30.2,30.4
1421,30.2,30.8
1422,30.4,31.2
1423,30.8,31.2
1424,31.2,31.4
1425,31.2,31.8
1426,31.4,32.2
1427,31.8,32.2
1428,32.2,32.4
1429,32.2,32.8
1430,32.4,33.2
1431,32.8,33.2
1432,33.2,33.4
1433,33.2,33.8
1434,33.4,34.2
1435,33.8,34.2
1436,34.2,34.4
1437,34.2,34.8
1438,34.4,35.2
1439,34.8,35.2
1440,35.2,35.4
1441,35.2,35.8
1442,35.4,36.2
1443,35.8,36.2
1444,36.2,36.4
1445,36.2,36.8
1446,36.4,37.2
1447,36.8,37.2
1448,37.2,37.4
1449,37.2,37.8
1450,37.4,38.2
1451,37.8,38.2
1452,38.2,38.4
1453,38.2,38.8
1454,38.4,39.2
1455,38.8,39.2
1456,39.2,39.4
1457,39.2,39.8
1458,39.4,40.2
1459,39.8,40.2
1460,40.2,40.4
1461,40.2,40.8
1462,40.4,41.2
1463,40.8,41.2
1464,41.2,41.4
1465,41.2,41.8
1466,41.4,42.2
1467,41.8,42.2
1468,42.2,42.4
1469,42.2,42.8
1470,42.4,43.2
1471,42.8,43.2
1472,43.2,43.4
1473,43.2,43.8
1474,43.4,44.2
1475,43.8,44.2
1476,44.2,44.4
1477,44.2,44.8
1478,44.4,45.2
1479,44.8,45.2
1480,45.2,45.4
1481,45.2,45.8
1482,45.4,46.2
1483,45.8,46.2
1484,46.2,46.4
1485,46.2,46.8
1486,46.4,47.2
1487,46.8,47.2
1488,47.2,47.4
1489,47.2,47.8
1490,47.4,48.2
1491,47.8,48.2
1492,48.2,48.4
1503,0.8,1.2
1504,1.2,1.4
1505,1.2,1.8
1506,1.4,2.2
1507,1.8,2.2
1508,2.2,2.4
1509,2.2,2.8
1510,2.4,3.2
1511,2.8,3.2
1512,3.2,3.4
1513,3.2,3.8
1514,3.4,4.2
1515,3.8,4.2
1516,4.2,4.4
1517,4.2,4.8
1518,4.4,5.2
1519,4.8,5.2
1520,5.2,5.4
1521,5.2,5.8
1522,5.4,6.2
1523,5.8,6.2
1524,6.2,6.4
1525,6.2,6.8
1526,6.4,7.2
1527,6.8,7.2
1528,7.2,7.4
1529,7.2,7.8
1530,7.4,8.2
1531,7.8,8.2
1532,8.2,8.4
1533,8.2,8.8
1534,8.4,9.2
1535,8.8,9.2
1536,9.2,9.4
1537,9.2,9.8
1538,9.4,10.2
1539,9.8,10.2
1540,10.2,10.4
1541,10.2,10.8
1542,10.4,11.2
1543,10.8,11.2
1544,11.2,11.4
1545,11.2,11.8
1546,11.4,12.2
1547,11.8,12.2
1548,12.2,12.4
1549,12.2,12.8
1550,12.4,13.2
1551,12.8,13.2
1552,13.2,13.4
1553,13.2,13.8
1554,13.4,14.2
1555,13.8,14.2
1556,14.2,14.4
1557,14.2,14.8
1558,14.4,15.2
1559,14.8,15.2
1560,15.2,15.4
1561,15.2,15.8
1562,15.4,16.2
1563,15.8,16.2
1564,16.2,16.4
1565,16.2,16.8
1566,16.4,17.2
1567,16.8,17.2
1568,17.2,17.4
1569,17.2,17.8
1570,17.4,18.2
1571,17.8,18.2
1572,18.2,18.4
1573,18.2,18.8
1574,18.4,19.2
1575,18.8,19.2
1576,19.2,19.4
1577,19.2,19.8
1578,19.4,20.2
1579,19.8,20.2
1580,20.2,20.4
1581,20.2,20.8
1582,20.4,21.2
1583,20.8,21.2
1584,21.2,21.4
1585,21.2,21.8
1586,21.4,22.2
1587,21.8,22.2
1588,22.2,22.4
1589,22.2,22.8
1590,22.4,23.2
1591,22.8,23.2
1592,23.2,23.4
1593,23.2,23.8
1594,23.4,24.2
1595,23.8,24.2
1596,24.2,24.4
1597,24.2,24.8
1598,24.4,25.2
1599,24.8,25.2
1600,25.2,25.4
1601,25.2,25.8
1602,25.4,26.2
1603,25.8,26.2
1604,26.2,26.4
1605,26.2,26.8
1606,26.4,27.2
1607,26.8,27.2
1608,27.2,27.4
1609,27.2,27.8
1610,27.4,28.2
1611,27.8,28.2
1612,28.2,28.4
1613,28.2,28.8
1614,28.4,29.2
1615,28.8,29.2
1616,29.2,29.4
1617,29.2,29.8
1618,29.4,30.2
1619,29.8,30.2
1620,30.2,30.4
1621,30.2,30.8
1622,30.4,31.2
1623,30.8,31.2
1624,31.2,31.4
1625,31.2,31.8
1626,31.4,32.2
1627,31.8,32.2
1628,32.2,32.4
1629,32.2,32.8
1630,32.4,33.2
1631,32.8,33.2
1632,33.2,33.4
1633,33.2,33.8
1634,33.4,34.2
1635,33.8,34.2
1636,34.2,34.4
1637,34.2,34.8
1638,34.4,35.2
1639,34.8,35.2
1640,35.2,35.4
1641,35.2,35.8
1642,35.4,36.2
1643,35.8,36.2
1644,36.2,36.4
1645,36.2,36.8
1646,36.4,37.2
1647,36.8,37.2
1648,37.2,37.4
1649,37.2,37.8
1650,37.4,38.2
1651,37.8,38.2
1652,38.2,38.4
1653,38.2,38.8
1654,38.4,39.2
1655,38.8,39.2
1656,39.2,39.4
1657,39.2,39.8
1658,39.4,40.2
1659,39.8,40.2
1660,40.2,40.4
1661,40.2,40.8
1662,40.4,41.2
1663,40.8,41.2
1664,41.2,41.4
1665,41.2,41.8
1666,41.4,42.2
1667,41.8,42.2
1668,42.2,42.4
1669,42.2,42.8
1670,42.4,43.2
1671,42.8,43.2
1672,43.2,43.4
1673,43.2,43.8
1674,43.4,44.2
1675,43.8,44.2
1676,44.2,44.4
1677,44.2,44.8
1678,44.4,45.2
1679,44.8,45.2
1680,45.2,45.4
1681,45.2,45.8
1682,45.4,46.2
1683,45.8,46.2
1684,46.2,46.4
1685,46.2,46.8
1686,46.4,47.2
1687,46.8,47.2
1688,47.2,47.4
1689,47.2,47.8
1690,47.4,48.2
1691,47.8,48.2
1692,48.2,48.4
1703,0.8,1.2
1704,1.2,1.4
1705,1.2,1.8
1706,1.4,2.2
1707,1.8,2.2
1708,2.2,2.4
1709,2.2,2.8
1710,2.4,3.2
1711,2.8,3.2
1712,3.2,3.4
1713,3.2,3.8
1714,3.4,4.2
1715,3.8,4.2
1716,4.2,4.4
1717,4.2,4.8
1718,4.4,5.2
1719,4.8,5.2
1720,5.2,5.4
1721,5.2,5.8
1722,5.4,6.2
1723,5.8,6.2
1724,6.2,6.4
1725,6.2,6.8
1726,6.4,7.2
1727,6.8,7.2
1728,7.2,7.4
1729,7.2,7.8
1730,7.4,8.2
1731,7.8,8.2
1732,8.2,8.4
1733,8.2,8.8
1734,8.4,9.2
1735,8.8,9.2
1736,9.2,9.4
1737,9.2,9.8
1738,9.4,10.2
1739,9.8,10.2
1740,10.2,10.4
1741,10.2,10.8
1742,10.4,11.2
1743,10.8,11.2
1744,11.2,11.4
1745,11.2,11.8
1746,11.4,12.2
1747,11.8,12.2
1748,12.2,12.4
1749,12.2,12.8
1750,12.4,13.2
1751,12.8,13.2
1752,13.2,13.4
1753,13.2,13.8
1754,13.4,14.2
1755,13.8,14.2
1756,14.2,14.4
1757,14.2,14.8
1758,14.4,15.2
1759,14.8,15.2
1760,15.2,15.4
1761,15.2,15.8
1762,15.4,16.2
1763,15.8,16.2
1764,16.2,16.4
1765,16.2,16.8
1766,16.4,17.2
1767,16.8,17.2
1768,17.2,17.4
1769,17.2,17.8
1770,17.4,18.2
1771,17.8,18.2
1772,18.2,18.4
1773,18.2,18.8
1774,18.4,19.2
1775,18.8,19.2
1776,19.2,19.4
1777,19.2,19.8
1778,19.4,20.2
1779,19.8,20.2
1780,20.2,20.4
1781,20.2,20.8
1782,20.4,21.2
1783,20.8,21.2
1784,21.2,21.4
1785,21.2,21.8
1786,21.4,22.2
1787,21.8,22.2
1788,22.2,22.4
1789,22.2,22.8
1790,22.4,23.2
1791,22.8,23.2
1792,23.2,23.4
1793,23.2,23.8
1794,23.4,24.2
1795,23.8,24.2
1796,24.2,24.4
1797,24.2,24.8
1798,24.4,25.2
1799,24.8,25.2
1800,25.2,25.4
1801,25.2,25.8
1802,25.4,26.2
1803,25.8,26.2
1804,26.2,26.4
1805,26.2,26.8
1806,26.4,27.2
1807,26.8,27.2
1808,27.2,27.4
1809,27.2,27.8
1810,27.4,28.2
1811,27.8,28.2
1812,28.2,28.4
1813,28.2,28.8
1814,28.4,29.2
1815,28.8,29.2
1816,29.2,29.4
1817,29.2,29.8
1818,29.4,30.2
1819,29.8,30.2
1820,30.2,30.4
1821,30.2,30.8
1822,30.4,31.2
1823,30.8,31.2
1824,31.2,31.4
1825,31.2,31.8
1826,31.4,32.2
1827,31.8,32.2
1828,32.2,32.4
1829,32.2,32.8
1830,32.4,33.2
1831,32.8,33.2
1832,33.2,33.4
1833,33.2,33.8
1834,33.4,34.2
1835,33.8,34.2
1836,34.2,34.4
1837,34.2,34.8
1838,34.4,35.2
1839,34.8,35.2
1840,35.2,35.4
1841,35.2,35.8
1842,35.4,36.2
1843,35.8,36.2
1844,36.2,36.4
1845,36.2,36.8
1846,36.4,37.2
1847,36.8,37.2
1848,37.2,37.4
1849,37.2,37.8
1850,37.4,38.2
1851,37.8,38.2
1852,38.2,38.4
1853,38.2,38.8
1854,38.4,39.2
1855,38.8,39.2
1856,39.2,39.4
1857,39.2,39.8
1858,39.4,40.2
1859,39.8,40.2
1860,40.2,40.4
1861,40.2,40.8
1862,40.4,41.2
1863,40.8,41.2
1864,41.2,41.4
1865,41.2,41.8
1866,41.4,42.2
1867,41.8,42.2
1868,42.2,42.4
1869,42.2,42.8
1870,42.4,43.2
1871,42.8,43.2
1872,43.2,43.4
1873,43.2,43.8
1874,43.4,44.2
1875,43.8,44.2
1876,44.2,44.4
1877,44.2,44.8
1878,44.4,45.2
1879,44.8,45.2
1880,45.2,45.4
1881,45.2,45.8
1882,45.4,46.2
1883,45.8,46.2
1884,46.2,46.4
1885,46.2,46.8
1886,46.4,47.2
1887,46.8,47.2
1888,47.2,47.4
1889,47.2,47.8
1890,47.4,48.2
1891,47.8,48.2
1892,48.2,48.4
1903,0.8,1.2
1904,1.2,1.4
1905,1.2,1.8
1906,1.4,2.2
1907,1.8,2.2
1908,2.2,2.4
1909,2.2,2.8
1910,2.4,3.2
1911,2.8,3.2
1912,3.2,3.4
1913,3.2,3.8
1914,3.4,4.2
1915,3.8,4.2
1916,4.2,4.4
1917,4.2,4.8
1918,4.4,5.2
1919,4.8,5.2
1920,5.2,5.4
1921,5.2,5.8
1922,5.4,6.2
1923,5.8,6.2
1924,6.2,6.4
1925,6.2,6.8
1926,6.4,7.2
1927,6.8,7.2
1928,7.2,7.4
1929,7.2,7.8
1930,7.4,8.2
1931,7.8,8.2
1932,8.2,8.4
1933,8.2,8.8
1934,8.4,9.2
1935,8.8,9.2
1936,9.2,9.4
1937,9.2,9.8
1938,9.4,10.2
1939,9.8,10.2
1940,10.2,10.4
1941,10.2,10.8
1942,10.4,11.2
1943,10.8,11.2
1944,11.2,11.4
1945,11.2,11.8
1946,11.4,12.2
1947,11.8,12.2
1948,12.2,12.4
1949,12.2,12.8
1950,12.4,13.2
1951,12.8,13.2
1952,13.2,13.4
1953,13.2,13.8
1954,13.4,14.2
1955,13.8,14.2
1956,14.2,14.4
1957,14.2,14.8
1958,14.4,15.2
1959,14.8,15.2
1960,15.2,15.4
1961,15.2,15.8
1962,15.4,16.2
1963,15.8,16.2
1964,16.2,16.4
1965,16.2,16.8
1966,16.4,17.2
1967,16.8,17.2
1968,17.2,17.4
1969,17.2,17.8
1970,17.4,18.2
1971,17.8,18.2
1972,18.2,18.4
1973,18.2,18.8
1974,18.4,19.2
1975,18.8,19.2
1976,19.2,19.4
1977,19.2,19.8
1978,19.4,20.2
1979,19.8,20.2
1980,20.2,20.4
1981,20.2,20.8
1982,20.4,21.2
1983,20.8,21.2
1984,21.2,21.4
1985,21.2,21.8
1986,21.4,22.2
1987,21.8,22.2
1988,22.2,22.4
1989,22.2,22.8
1990,22.4,23.2
1991,22.8,23.2
1992,23.2,23.4
1993,23.2,23.8
1994,23.4,24.2
1995,23.8,24.2
1996,24.2,24.4
1997,24.2,24.8
1998,24.4,25.2
1999,24.8,25.2
2000,25.2,25.4
2001,25.2,25.8
2002,25.4,26.2
2003,25.8,26.2
2004,26.2,26.4
2005,26.2,26.8
2006,26.4,27.2
2007,26.8,27.2
2008,27.2,27.4
2009,27.2,27.8
2010,27.4,28.2
2011,27.8,28.2
2012,28.2,28.4
2013,28.2,28.8
2014,28.4,29.2
2015,28.8,29.2
2016,29.2,29.4
2017,29.2,29.8
2018,29.4,30.2
2019,29.8,30.2
2020,30.2,30.4
2021,30.2,30.8
2022,30.4,31.2
2023,30.8,31.2
2024,31.2,31.4
2025,31.2,31.8
2026,31.4,32.2
2027,31.8,32.2
2028,32.2,32.4
2029,32.2,32.8
2030,32.4,33.2
2031,32.8,33.2
2032,33.2,33.4
2033,33.2,33.8
2034,33.4,34.2
2035,33.8,34.2
2036,34.2,34.4
2037,34.2,34.8
2038,34.4,35.2
2039,34.8,35.2
2040,35.2,35.4
2041,35.2,35.8
2042,35.4,36.2
2043,35.8,36.2
2044,36.2,36.4
2045,36.2,36.8
2046,36.4,37.2
2047,36.8,37.2
2048,37.2,37.4
2049,37.2,37.8
2050,37.4,38.2
2051,37.8,38.2
2052,38.2,38.4
2053,38.2,38.8
2054,38.4,39.2
2055,38.8,39.2
2056,39.2,39.4
2057,39.2,39.8
2058,39.4,40.2
2059,39.8,40.2
2060,40.2,40.4
2061,40.2,40.8
2062,40.4,41.2
2063,40.8,41.2
2064,41.2,41.4
2065,41.2,41.8
2066,41.4,42.2
2067,41.8,42.2
2068,42.2,42.4
2069,42.2,42.8
2070,42.4,43.2
2071,42.8,43.2
2072,43.2,43.4
2073,43.2,43.8
2074,43.4,44.2
2075,43.8,44.2
2076,44.2,44.4
2077,44.2,44.8
2078,44.4,45.2
2079,44.8,45.2
2080,45.2,45.4
2081,45.2,45.8
2082,45.4,46.2
2083,45.8,46.2
2084,46.2,46.4
2085,46.2,46.8
2086,46.4,47.2
2087,46.8,47.2
2088,47.2,47.4
2089,47.2,47.8
2090,47.4,48.2
2091,47.8,48.2
2092,48.2,48.4
2103,0.8,1.2
2104,1.2,1.4
2105,1.2,1.8
2106,1.4,2.2
2107,1.8,2.2
2108,2.2,2.4
2109,2.2,2.8
2110,2.4,3.2
2111,2.8,3.2
2112,3.2,3.4
2113,3.2,3.8
2114,3.4,4.2
2115,3.8,4.2
2116,4.2,4.4
2117,4.2,4.8
2118,4.4,5.2
2119,4.8,5.2
2120,5.2,5.4
2121,5.2,5.8
2122,5.4,6.2
2123,5.8,6.2
2124,6.2,6.4
2125,6.2,6.8
2126,6.4,7.2
2127,6.8,7.2
2128,7.2,7.4
2129,7.2,7.8
2130,7.4,8.2
2131,7.8,8.2
2132,8.2,8.4
2133,8.2,8.8
2134,8.4,9.2
2135,8.8,9.2
2136,9.2,9.4
2137,9.2,9.8
2138,9.4,10.2
2139,9.8,10.2
2140,10.2,10.4
2141,10.2,10.8
2142,10.4,11.2
2143,10.8,11.2
2144,11.2,11.4
2145,11.2,11.8
2146,11.4,12.2
2147,11.8,12.2
2148,12.2,12.4
2149,12.2,12.8
2150,12.4,13.2
2151,12.8,13.2
2152,13.2,13.4
2153,13.2,13.8
2154,13.4,14.2
2155,13.8,14.2
2156,14.2,14.4
2157,14.2,14.8
2158,14.4,15.2
2159,14.8,15.2
2160,15.2,15.4
2161,15.2,15.8
2162,15.4,16.2
2163,15.8,16.2
2164,16.2,16.4
2165,16.2,16.8
2166,16.4,17.2
2167,16.8,17.2
2168,17.2,17.4
2169,17.2,17.8
2170,17.4,18.2
2171,17.8,18.2
2172,18.2,18.4
2173,18.2,18.8
2174,18.4,19.2
2175,18.8,19.2
2176,19.2,19.4
2177,19.2,19.8
2178,19.4,20.2
2179,19.8,20.2
2180,20.2,20.4
2181,20.2,20.8
2182,20.4,21.2
2183,20.8,21.2
2184,21.2,21.4
2185,21.2,21.8
2186,21.4,22.2
2187,21.8,22.2
2188,22.2,22.4
2189,22.2,22.8
2190,22.4,23.2
2191,22.8,23.2
2192,23.2,23.4
2193,23.2,23.8
2194,23.4,24.2
2195,23.8,24.2
2196,24.2,24.4
2197,24.2,24.8
2198,24.4,25.2
2199,24.8,25.2
2200,25.2,25.4
2201,25.2,25.8
2202,25.4,26.2
2203,25.8,26.2
2204,26.2,26.4
2205,26.2,26.8
2206,26.4,27.2
2207,26.8,27.2
2208,27.2,27.4
2209,27.2,27.8
2210,27.4,28.2
2211,27.8,28.2
2212,28.2,28.4
2213,28.2,28.8
2214,28.4,29.2
2215,28.8,29.2
2216,29.2,29.4
2217,29.2,29.8
2218,29.4,30.2
2219,29.8,30.2
2220,30.2,30.4
2221,30.2,30.8
2222,30.4,31.2
2223,30.8,31.2
2224,31.2,31.4
2225,31.2,31.8
2226,31.4,32.2
2227,31.8,32.2
2228,32.2,32.4
2229,32.2,32.8
2230,32.4,33.2
2231,32.8,33.2
2232,33.2,33.4
2233,33.2,33.8
2234,33.4,34.2
2235,33.8,34.2
2236,34.2,34.4
2237,34.2,34.8
2238,34.4,35.2
2239,34.8,35.2
2240,35.2,35.4
2241,35.2,35.8
2242,35.4,36.2
2243,35.8,36.2
2244,36.2,36.4
2245,36.2,36.8
2246,36.4,37.2
2247,36.8,37.2
2248,37.2,37.4
2249,37.2,37.8
2250,37.4,38.2
2251,37.8,38.2
2252,38.2,38.4
2253,38.2,38.8
2254,38.4,39.2
2255,38.8,39.2
2256,39.2,39.4
2257,39.2,39.8
2258,39.4,40.2
2259,39.8,40.2
2260,40.2,40.4
2261,40.2,40.8
2262,40.4,41.2
2263,40.8,41.2
2264,41.2,41.4
2265,41.2,41.8
2266,41.4,42.2
2267,41.8,42.2
2268,42.2,42.4
2269,42.2,42.8
2270,42.4,43.2
2271,42.8,43.2
2272,43.2,43.4
2273,43.2,43.8
2274,43.4,44.2
2275,43.8,44.2
2276,44.2,44.4
2277,44.2,44.8
2278,44.4,45.2
2279,44.8,45.2
2280,45.2,45.4
2281,45.2,45.8
2282,45.4,46.2
2283,45.8,46.2
2284,46.2,46.4
2285,46.2,46.8
2286,46.4,47.2
2287,46.8,47.2
2288,47.2,47.4
2289,47.2,47.8
2290,47.4,48.2
2291,47.8,48.2
2292,48.2,48.4
2303,0.8,1.2
2304,1.2,1.4
2305,1.2,1.8
2306,1.4,2.2
2307,1.8,2.2
2308,2.2,2.4
2309,2.2,2.8
2310,2.4,3.2
2311,2.8,3.2
2312,3.2,3.4
2313,3.2,3.8
2314,3.4,4.2
2315,3.8,4.2
2316,4.2,4.4
2317,4.2,4.8
2318,4.4,5.2
2319,4.8,5.2
2320,5.2,5.4
2321,5.2,5.8
2322,5.4,6.2
2323,5.8,6.2
2324,6.2,6.4
2325,6.2,6.8
2326,6.4,7.2
2327,6.8,7.2
2328,7.2,7.4
2329,7.2,7.8
2330,7.4,8.2
2331,7.8,8.2
2332,8.2,8.4
2333,8.2,8.8
2334,8.4,9.2
2335,8.8,9.2
2336,9.2,9.4
2337,9.2,9.8
2338,9.4,10.2
2339,9.8,10.2
2340,10.2,10.4
2341,10.2,10.8
2342,10.4,11.2
2343,10.8,11.2
2344,11.2,11.4
2345,11.2,11.8
2346,11.4,12.2
2347,11.8,12.2
2348,12.2,12.4
2349,12.2,12.8
2350,12.4,13.2
2351,12.8,13.2
2352,13.2,13.4
2353,13.2,13.8
2354,13.4,14.2
2355,13.8,14.2
2356,14.2,14.4
2357,14.2,14.8
2358,14.4,15.2
2359,14.8,15.2
2360,15.2,15.4
2361,15.2,15.8
2362,15.4,16.2
2363,15.8,16.2
2364,16.2,16.4
2365,16.2,16.8
2366,16.4,17.2
2367,16.8,17.2
2368,17.2,17.4
2369,17.2,17.8
2370,17.4,18.2
2371,17.8,18.2
2372,18.2,18.4
2373,18.2,18.8
2374,18.4,19.2
2375,18.8,19.2
2376,19.2,19.4
2377,19.2,19.8
2378,19.4,20.2
2379,19.8,20.2
2380,20.2,20.4
2381,20.2,20.8
2382,20.4,21.2
2383,20.8,21.2
2384,21.2,21.4
2385,21.2,21.8
2386,21.4,22.2
2387,21.8,22.2
2388,22.2,22.4
2389,22.2,22.8
2390,22.4,23.2
2391,22.8,23.2
2392,23.2,23.4
2393,23.2,23.8
2394,23.4,24.2
2395,23.8,24.2
2396,24.2,24.4
2397,24.2,24.8
2398,24.4,25.2
2399,24.8,25.2
2400,25.2,25.4
2401,25.2,25.8
2402,25.4,26.2
2403,25.8,26.2
2404,26.2,26.4
2405,26.2,26.8
2406,26.4,27.2
2407,26.8,27.2
2408,27.2,27.4
2409,27.2,27.8
2410,27.4,28.2
2411,27.8,28.2
2412,28.2,28.4
2413,28.2,28.8
2414,28.4,29.2
2415,28.8,29.2
2416,29.2,29.4
2417,29.2,29.8
2418,29.4,30.2
2419,29.8,30.2
2420,30.2,30.4
2421,30.2,30.8
2422,30.4,31.2
2423,30.8,31.2
2424,31.2,31.4
2425,31.2,31.8
2426,31.4,32.2
2427,31.8,32.2
2428,32.2,32.4
2429,32.2,32.8
2430,32.4,33.2
2431,32.8,33.2
2432,33.2,33.4
2433,33.2,33.8
2434,33.4,34.2
2435,33.8,34.2
2436,34.2,34.4
2437,34.2,34.8
2438,34.4,35.2
2439,34.8,35.2
2440,35.2,35.4
2441,35.2,35.8
2442,35.4,36.2
2443,35.8,36.2
2444,36.2,36.4
2445,36.2,36.8
2446,36.4,37.2
2447,36.8,37.2
2448,37.2,37.4
2449,37.2,37.8
2450,37.4,38.2
2451,37.8,38.2
2452,38.2,38.4
2453,38.2,38.8
2454,38.4,39.2
2455,38.8,39.2
2456,39.2,39.4
2457,39.2,39.8
2458,39.4,40.2
2459,39.8,40.2
2460,40.2,40.4
2461,40.2,40.8
2462,40.4,41.2
2463,40.8,41.2
2464,41.2,41.4
2465,41.2,41.8
2466,41.4,42.2
2467,41.8,42.2
2468,42.2,42.4
2469,42.2,42.8
2470,42.4,43.2
2471,42.8,43.2
2472,43.2,43.4
2473,43.2,43.8
2474,43.4,44.2
2475,43.8,44.2
2476,44.2,44.4
2477,44.2,44.8
2478,44.4,45.2
2479,44.8,45.2
2480,45.2,45.4
2481,45.2,45.8
2482,45.4,46.2
2483,45.8,46.2
2484,46.2,46.4
2485,46.2,46.8
2486,46.4,47.2
2487,46.8,47.2
2488,47.2,47.4
2489,47.2,47.8
2490,47.4,48.2
2491,47.8,48.2
2492,48.2,48.4
2503,0.8,1.2
2504,1.2,1.4
2505,1.2,1.8
2506,1.4,2.2
2507,1.8,2.2
2508,2.2,2.4
2509,2.2,2.8
2510,2.4,3.2
2511,2.8,3.2
2512,3.2,3.4
2513,3.2,3.8
2514,3.4,4.2
2515,3.8,4.2
2516,4.2,4.4
2517,4.2,4.8
2518,4.4,5.2
2519,4.8,5.2
2520,5.2,5.4
2521,5.2,5.8
2522,5.4,6.2
2523,5.8,6.2
2524,6.2,6.4
2525,6.2,6.8
2526,6.4,7.2
2527,6.8,7.2
2528,7.2,7.4
2529,7.2,7.8
2530,7.4,8.2
2531,7.8,8.2
2532,8.2,8.4
2533,8.2,8.8
2534,8.4,9.2
2535,8.8,9.2
2536,9.2,9.4
2537,9.2,9.8
2538,9.4,10.2
2539,9.8,10.2
2540,10.2,10.4
2541,10.2,10.8
2542,10.4,11.2
2543,10.8,11.2
2544,11.2,11.4
2545,11.2,11.8
2546,11.4,12.2
2547,11.8,12.2
2548,12.2,12.4
2549,12.2,12.8
2550,12.4,13.2
2551,12.8,13.2
2552,13.2,13.4
2553,13.2,13.8
2554,13.4,14.2
2555,13.8,14.2
2556,14.2,14.4
2557,14.2,14.8
2558,14.4,15.2
2559,14.8,15.2
2560,15.2,15.4
2561,15.2,15.8
2562,15.4,16.2
2563,15.8,16.2
2564,16.2,16.4
2565,16.2,16.8
2566,16.4,17.2
2567,16.8,17.2
2568,17.2,17.4
2569,17.2,17.8
2570,17.4,18.2
2571,17.8,18.2
2572,18.2,18.4
2573,18.2,18.8
2574,18.4,19.2
2575,18.8,19.2
2576,19.2,19.4
2577,19.2,19.8
2578,19.4,20.2
2579,19.8,20.2
2580,20.2,20.4
2581,20.2,20.8
2582,20.4,21.2
2583,20.8,21.2
2584,21.2,21.4
2585,21.2,21.8
2586,21.4,22.2
2587,21.8,22.2
2588,22.2,22.4
2589,22.2,22.8
2590,22.4,23.2
2591,22.8,23.2
2592,23.2,23.4
2593,23.2,23.8
2594,23.4,24.2
2595,23.8,24.2
2596,24.2,24.4
2597,24.2,24.8
2598,24.4,25.2
2599,24.8,25.2
2600,25.2,25.4
2601,25.2,25.8
2602,25.4,26.2
2603,25.8,26.2
2604,26.2,26.4
2605,26.2,26.8
2606,26.4,27.2
2607,26.8,27.2
2608,27.2,27.4
2609,27.2,27.8
2610,27.4,28.2
2611,27.8,28.2
2612,28.2,28.4
2613,28.2,28.8
2614,28.4,29.2
2615,28.8,29.2
2616,29.2,29.4
2617,29.2,29.8
2618,29.4,30.2
2619,29.8,30.2
2620,30.2,30.4
2621,30.2,30.8
2622,30.4,31.2
2623,30.8,31.2
2624,31.2,31.4
2625,31.2,31.8
2626,31.4,32.2
2627,31.8,32.2
2628,32.2,32.4
2629,32.2,32.8
2630,32.4,33.2
2631,32.8,33.2
2632,33.2,33.4
2633,33.2,33.8
2634,33.4,34.2
2635,33.8,34.2
2636,34.2,34.4
2637,34.2,34.8
2638,34.4,35.2
2639,34.8,35.2
2640,35.2,35.4
2641,35.2,35.8
2642,35.4,36.2
2643,35.8,36.2
2644,36.2,36.4
2645,36.2,36.8
2646,36.4,37.2
2647,36.8,37.2
2648,37.2,37.4
2649,37.2,37.8
2650,37.4,38.2
2651,37.8,38.2
2652,38.2,38.4
2653,38.2,38.8
2654,38.4,39.2
2655,38.8,39.2
2656,39.2,39.4
2657,39.2,39.8
2658,39.4,40.2
2659,39.8,40.2
2660,40.2,40.4
2661,40.2,40.8
2662,40.4,41.2
2663,40.8,41.2
2664,41.2,41.4
2665,41.2,41.8
2666,41.4,42.2
2667,41.8,42.2
2668,42.2,42.4
2669,42.2,42.8
2670,42.4,43.2
2671,42.8,43.2
2672,43.2,43.4
2673,43.2,43.8
2674,43.4,44.2
2675,43.8,44.2
2676,44.2,44.4
2677,44.2,44.8
2678,44.4,45.2
2679,44.8,45.2
2680,45.2,45.4
2681,45.2,45.8
2682,45.4,46.2
2683,45.8,46.2
2684,46.2,46.4
2685,46.2,46.8
2686,46.4,47.2
2687,46.8,47.2
2688,47.2,47.4
2689,47.2,47.8
2690,47.4,48.2
2691,47.8,48.2
2692,48.2,48.4
2703,0.8,1.2
2704,1.2,1.4
2705,1.2,1.8
2706,1.4,2.2
2707,1.8,2.2
2708,2.2,2.4
2709,2.2,2.8
2710,2.4,3.2
2711,2.8,3.2
2712,3.2,3.4
2713,3.2,3.8
2714,3.4,4.2
2715,3.8,4.2
2716,4.2,4.4
2717,4.2,4.8
2718,4.4,5.2
2719,4.8,5.2
2720,5.2,5.4
2721,5.2,5.8
2722,5.4,6.2
2723,5.8,6.2
2724,6.2,6.4
2725,6.2,6.8
2726,6.4,7.2
2727,6.8,7.2
2728,7.2,7.4
2729,7.2,7.8
2730,7.4,8.2
2731,7.8,8.2
2732,8.2,8.4
2733,8.2,8.8
2734,8.4,9.2
2735,8.8,9.2
2736,9.2,9.4
2737,9.2,9.8
2738,9.4,10.2
2739,9.8,10.2
2740,10.2,10.4
2741,10.2,10.8
2742,10.4,11.2
2743,10.8,11.2
2744,11.2,11.4
2745,11.2,11.8
2746,11.4,12.2
2747,11.8,12.2
2748,12.2,12.4
2749,12.2,12.8
2750,12.4,13.2
2751,12.8,13.2
2752,13.2,13.4
2753,13.2,13.8
2754,13.4,14.2
2755,13.8,14.2
2756,14.2,14.4
2757,14.2,14.8
2758,14.4,15.2
2759,14.8,15.2
2760,15.2,15.4
2761,15.2,15.8
2762,15.4,16.2
2763,15.8,16.2
2764,16.2,16.4
2765,16.2,16.8
2766,16.4,17.2
2767,16.8,17.2
2768,17.2,17.4
2769,17.2,17.8
2770,17.4,18.2
2771,17.8,18.2
2772,18.2,18.4
2773,18.2,18.8
2774,18.4,19.2
2775,18.8,19.2
2776,19.2,19.4
2777,19.2,19.8
2778,19.4,20.2
2779,19.8,20.2
2780,20.2,20.4
2781,20.2,20.8
2782,20.4,21.2
2783,20.8,21.2
2784,21.2,21.4
2785,21.2,21.8
2786,21.4,22.2
2787,21.8,22.2
2788,22.2,22.4
2789,22.2,22.8
2790,22.4,23.2
2791,22.8,23.2
2792,23.2,23.4
2793,23.2,23.8
2794,23.4,24.2
2795,23.8,24.2
2796,24.2,24.4
2797,24.2,24.8
2798,24.4,25.2
2799,24.8,25.2
2800,25.2,25.4
2801,25.2,25.8
2802,25.4,26.2
2803,25.8,26.2
2804,26.2,26.4
2805,26.2,26.8
2806,26.4,27.2
2807,26.8,27.2
2808,27.2,27.4
2809,27.2,27.8
2810,27.4,28.2
2811,27.8,28.2
2812,28.2,28.4
2813,28.2,28.8
2814,28.4,29.2
2815,28.8,29.2
2816,29.2,29.4
2817,29.2,29.8
2818,29.4,30.2
2819,29.8,30.2
2820,30.2,30.4
2821,30.2,30.8
2822,30.4,31.2
2823,30.8,31.2
2824,31.2,31.4
2825,31.2,31.8
2826,31.4,32.2
2827,31.8,32.2
2828,32.2,32.4
2829,32.2,32.8
2830,32.4,33.2
2831,32.8,33.2
2832,33.2,33.4
2833,33.2,33.8
2834,33.4,34.2
2835,33.8,34.2
2836,34.2,34.4
2837,34.2,34.8
2838,34.4,35.2
2839,34.8,35.2
2840,35.2,35.4
2841,35.2,35.8
2842,35.4,36.2
2843,35.8,36.2
2844,36.2,36.4
2845,36.2,36.8
2846,36.4,37.2
2847,36.8,37.2
2848,37.2,37.4
2849,37.2,37.8
2850,37.4,38.2
2851,37.8,38.2
2852,38.2,38.4
2853,38.2,38.8
2854,38.4,39.2
2855,38.8,39.2
2856,39.2,39.4
2857,39.2,39.8
2858,39.4,40.2
2859,39.8,40.2
2860,40.2,40.4
2861,40.2,40.8
2862,40.4,41.2
2863,40.8,41.2
2864,41.2,41.4
2865,41.2,41.8
2866,41.4,42.2
2867,41.8,42.2
2868,42.2,42.4
2869,42.2,42.8
2870,42.4,43.2
2871,42.8,43.2
2872,43.2,43.4
2873,43.2,43.8
2874,43.4,44.2
2875,43.8,44.2
2876,44.2,44.4
2877,44.2,44.8
2878,44.4,45.2
2879,44.8,45.2
2880,45.2,45.4
2881,45.2,45.8
2882,45.4,46.2
2883,45.8,46.2
2884,46.2,46.4
2885,46.2,46.8
2886,46.4,47.2
2887,46.8,47.2
2888,47.2,47.4
2889,47.2,47.8
2890,47.4,48.2
2891,47.8,48.2
2892,48.2,48.4
2903,0.8,1.2
2904,1.2,1.4
2905,1.2,1.8
2906,1.4,2.2
2907,1.8,2.2
2908,2.2,2.4
2909,2.2,2.8
2910,2.4,3.2
2911,2.8,3.2
2912,3.2,3.4
2913,3.2,3.8
2914,3.4,4.2
2915,3.8,4.2
2916,4.2,4.4
2917,4.2,4.8
2918,4.4,5.2
2919,4.8,5.2
2920,5.2,5.4
2921,5.2,5.8
2922,5.4,6.2
2923,5.8,6.2
2924,6.2,6.4
2925,6.2,6.8
2926,6.4,7.2
2927,6.8,7.2
2928,7.2,7.4
2929,7.2,7.8
2930,7.4,8.2
2931,7.8,8.2
2932,8.2,8.4
2933,8.2,8.8
2934,8.4,9.2
2935,8.8,9.2
2936,9.2,9.4
2937,9.2,9.8
2938,9.4,10.2
2939,9.8,10.2
2940,10.2,10.4
2941,10.2,10.8
2942,10.4,11.2
2943,10.8,11.2
2944,11.2,11.4
2945,11.2,11.8
2946,11.4,12.2
2947,11.8,12.2
2948,12.2,12.4
2949,12.2,12.8
2950,12.4,13.2
2951,12.8,13.2
2952,13.2,13.4
2953,13.2,13.8
2954,13.4,14.2
2955,13.8,14.2
2956,14.2,14.4
2957,14.2,14.8
2958,14.4,15.2
2959,14.8,15.2
2960,15.2,15.4
2961,15.2,15.8
2962,15.4,16.2
2963,15.8,16.2
2964,16.2,16.4
2965,16.2,16.8
2966,16.4,17.2
2967,16.8,17.2
2968,17.2,17.4
2969,17.2,17.8
2970,17.4,18.2
2971,17.8,18.2
2972,18.2,18.4
2973,18.2,18.8
2974,18.4,19.2
2975,18.8,19.2
2976,19.2,19.4
2977,19.2,19.8
2978,19.4,20.2
2979,19.8,20.2
2980,20.2,20.4
2981,20.2,20.8
2982,20.4,21.2
2983,20.8,21.2
2984,21.2,21.4
2985,21.2,21.8
2986,21.4,22.2
2987,21.8,22.2
2988,22.2,22.4
2989,22.2,22.8
2990,22.4,23.2
2991,22.8,23.2
2992,23.2,23.4
2993,23.2,23.8
2994,23.4,24.2
2995,23.8,24.2
2996,24.2,24.4
2997,24.2,24.8
2998,24.4,25.2
2999,24.8,25.2
3000,25.2,25.4
3001,25.2,25.8
3002,25.4,26.2
3003,25.8,26.2
3004,26.2,26.4
3005,26.2,26.8
3006,26.4,27.2
3007,26.8,27.2
3008,27.2,27.4
3009,27.2,27.8
3010,27.4,28.2
3011,27.8,28.2
3012,28.2,28.4
3013,28.2,28.8
3014,28.4,29.2
3015,28.8,29.2
3016,29.2,29.4
3017,29.2,29.8
3018,29.4,30.2
3019,29.8,30.2
3020,30.2,30.4
3021,30.2,30.8
3022,30.4,31.2
3023,30.8,31.2
3024,31.2,31.4
3025,31.2,31.8
3026,31.4,32.2
3027,31.8,32.2
3028,32.2,32.4
3029,32.2,32.8
3030,32.4,33.2
3031,32.8,33.2
3032,33.2,33.4
3033,33.2,33.8
3034,33.4,34.2
3035,33.8,34.2
3036,34.2,34.4
3037,34.2,34.8
3038,34.4,35.2
3039,34.8,35.2
3040,35.2,35.4
3041,35.2,35.8
3042,35.4,36.2
3043,35.8,36.2
3044,36.2,36.4
3045,36.2,36.8
3046,36.4,37.2
3047,36.8,37.2
3048,37.2,37.4
3049,37.2,37.8
3050,37.4,38.2
3051,37.8,38.2
3052,38.2,38.4
3053,38.2,38.8
3054,38.4,39.2
3055,38.8,39.2
3056,39.2,39.4
3057,39.2,39.8
3058,39.4,40.2
3059,39.8,40.2
3060,40.2,40.4
3061,40.2,40.8
3062,40.4,41.2
3063,40.8,41.2
3064,41.2,41.4
3065,41.2,41.8
3066,41.4,42.2
3067,41.8,42.2
3068,42.2,42.4
3069,42.2,42.8
3070,42.4,43.2
3071,42.8,43.2
3072,43.2,43.4
3073,43.2,43.8
3074,43.4,44.2
3075,43.8,44.2
3076,44.2,44.4
3077,44.2,44.8
3078,44.4,45.2
3079,44.8,45.2
3080,45.2,45.4
3081,45.2,45.8
3082,45.4,46.2
3083,45.8,46.2
3084,46.2,46.4
3085,46.2,46.8
3086,46.4,47.2
3087,46.8,47.2
3088,47.2,47.4
3089,47.2,47.8
3090,47.4,48.2
3091,47.8,48.2
3092,48.2,48.4
3103,0.8,1.2
3104,1.2,1.4
3105,1.2,1.8
3106,1.4,2.2
3107,1.8,2.2
3108,2.2,2.4
3109,2.2,2.8
3110,2.4,3.2
3111,2.8,3.2
3112,3.2,3.4
3113,3.2,3.8
3114,3.4,4.2
3115,3.8,4.2
3116,4.2,4.4
3117,4.2,4.8
3118,4.4,5.2
3119,4.8,5.2
3120,5.2,5.4
3121,5.2,5.8
3122,5.4,6.2
3123,5.8,6.2
3124,6.2,6.4
3125,6.2,6.8
3126,6.4,7.2
3127,6.8,7.2
3128,7.2,7.4
3129,7.2,7.8
3130,7.4,8.2
3131,7.8,8.2
3132,8.2,8.4
3133,8.2,8.8
3134,8.4,9.2
3135,8.8,9.2
3136,9.2,9.4
3137,9.2,9.8
3138,9.4,10.2
3139,9.8,10.2
3140,10.2,10.4
3141,10.2,10.8
3142,10.4,11.2
3143,10.8,11.2
3144,11.2,11.4
3145,11.2,11.8
3146,11.4,12.2
3147,11.8,12.2
3148,12.2,12.4
3149,12.2,12.8
3150,12.4,13.2
3151,12.8,13.2
3152,13.2,13.4
3153,13.2,13.8
3154,13.4,14.2
3155,13.8,14.2
3156,14.2,14.4
3157,14.2,14.8
3158,14.4,15.2
3159,14.8,15.2
3160,15.2,15.4
3161,15.2,15.8
3162,15.4,16.2
3163,15.8,16.2
3164,16.2,16.4
3165,16.2,16.8
3166,16.4,17.2
3167,16.8,17.2
3168,17.2,17.4
3169,17.2,17.8
3170,17.4,18.2
3171,17.8,18.2
3172,18.2,18.4
3173,18.2,18.8
3174,18.4,19.2
3175,18.8,19.2
3176,19.2,19.4
3177,19.2,19.8
3178,19.4,20.2
3179,19.8,20.2
3180,20.2,20.4
3181,20.2,20.8
3182,20.4,21.2
3183,20.8,21.2
3184,21.2,21.4
3185,21.2,21.8
3186,21.4,22.2
3187,21.8,22.2
3188,22.2,22.4
3189,22.2,22.8
3190,22.4,23.2
3191,22.8,23.2
3192,23.2,23.4
3193,23.2,23.8
3194,23.4,24.2
3195,23.8,24.2
3196,24.2,24.4
3197,24.2,24.8
3198,24.4,25.2
3199,24.8,25.2
3200,25.2,25.4
3201,25.2,25.8
3202,25.4,26.2
3203,25.8,26.2
3204,26.2,26.4
3205,26.2,26.8
3206,26.4,27.2
3207,26.8,27.2
3208,27.2,27.4
3209,27.2,27.8
3210,27.4,28.2
3211,27.8,28.2
3212,28.2,28.4
3213,28.2,28.8
3214,28.4,29.2
3215,28.8,29.2
3216,29.2,29.4
3217,29.2,29.8
3218,29.4,30.2
3219,29.8,30.2
3220,30.2,30.4
3221,30.2,30.8
3222,30.4,31.2
3223,30.8,31.2
3224,31.2,31.4
3225,31.2,31.8
3226,31.4,32.2
3227,31.8,32.2
3228,32.2,32.4
3229,32.2,32.8
3230,32.4,33.2
3231,32.8,33.2
3232,33.2,33.4
3233,33.2,33.8
3234,33.4,34.2
3235,33.8,34.2
3236,34.2,34.4
3237,34.2,34.8
3238,34.4,35.2
3239,34.8,35.2
3240,35.2,35.4
3241,35.2,35.8
3242,35.4,36.2
3243,35.8,36.2
3244,36.2,36.4
3245,36.2,36.8
3246,36.4,37.2
3247,36.8,37.2
3248,37.2,37.4
3249,37.2,37.8
3250,37.4,38.2
3251,37.8,38.2
3252,38.2,38.4
3253,38.2,38.8
3254,38.4,39.2
3255,38.8,39.2
3256,39.2,39.4
3257,39.2,39.8
3258,39.4,40.2
3259,39.8,40.2
3260,40.2,40.4
3261,40.2,40.8
3262,40.4,41.2
3263,40.8,41.2
3264,41.2,41.4
3265,41.2,41.8
3266,41.4,42.2
3267,41.8,42.2
3268,42.2,42.4
3269,42.2,42.8
3270,42.4,43.2
3271,42.8,43.2
3272,43.2,43.4
3273,43.2,43.8
3274,43.4,44.2
3275,43.8,44.2
3276,44.2,44.4
3277,44.2,44.8
3278,44.4,45.2
3279,44.8,45.2
3280,45.2,45.4
3281,45.2,45.8
3282,45.4,46.2
3283,45.8,46.2
3284,46.2,46.4
3285,46.2,46.8
3286,46.4,47.2
3287,46.8,47.2
3288,47.2,47.4
3289,47.2,47.8
3290,47.4,48.2
3291,47.8,48.2
3292,48.2,48.4
3303,0.8,1.2
3304,1.2,1.4
3305,1.2,1.8
3306,1.4,2.2
3307,1.8,2.2
3308,2.2,2.4
3309,2.2,2.8
3310,2.4,3.2
3311,2.8,3.2
3312,3.2,3.4
3313,3.2,3.8
3314,3.4,4.2
3315,3.8,4.2
3316,4.2,4.4
3317,4.2,4.8
3318,4.4,5.2
3319,4.8,5.2
3320,5.2,5.4
3321,5.2,5.8
3322,5.4,6.2
3323,5.8,6.2
3324,6.2,6.4
3325,6.2,6.8
3326,6.4,7.2
3327,6.8,7.2
3328,7.2,7.4
3329,7.2,7.8
3330,7.4,8.2
3331,7.8,8.2
3332,8.2,8.4
3333,8.2,8.8
3334,8.4,9.2
3335,8.8,9.2
3336,9.2,9.4
3337,9.2,9.8
3338,9.4,10.2
3339,9.8,10.2
3340,10.2,10.4
3341,10.2,10.8
3342,10.4,11.2
3343,10.8,11.2
3344,11.2,11.4
3345,11.2,11.8
3346,11.4,12.2
3347,11.8,12.2
3348,12.2,12.4
3349,12.2,12.8
3350,12.4,13.2
3351,12.8,13.2
3352,13.2,13.4
3353,13.2,13.8
3354,13.4,14.2
3355,13.8,14.2
3356,14.2,14.4
3357,14.2,14.8
3358,14.4,15.2
3359,14.8,15.2
3360,15.2,15.4
3361,15.2,15.8
3362,15.4,16.2
3363,15.8,16.2
3364,16.2,16.4
3365,16.2,16.8
3366,16.4,17.2
3367,16.8,17.2
3368,17.2,17.4
3369,17.2,17.8
3370,17.4,18.2
3371,17.8,18.2
3372,18.2,18.4
3373,18.2,18.8
3374,18.4,19.2
3375,18.8,19.2
3376,19.2,19.4
3377,19.2,19.8
3378,19.4,20.2
3379,19.8,20.2
3380,20.2,20.4
3381,20.2,20.8
3382,20.4,21.2
3383,20.8,21.2
3384,21.2,21.4
3385,21.2,21.8
3386,21.4,22.2
3387,21.8,22.2
3388,22.2,22.4
3389,22.2,22.8
3390,22.4,23.2
3391,22.8,23.2
3392,23.2,23.4
3393,23.2,23.8
3394,23.4,24.2
3395,23.8,24.2
3396,24.2,24.4
3397,24.2,24.8
3398,24.4,25.2
3399,24.8,25.2
3400,25.2,25.4
3401,25.2,25.8
3402,25.4,26.2
3403,25.8,26.2
3404,26.2,26.4
3405,26.2,26.8
3406,26.4,27.2
3407,26.8,27.2
3408,27.2,27.4
3409,27.2,27.8
3410,27.4,28.2
3411,27.8,28.2
3412,28.2,28.4
3413,28.2,28.8
3414,28.4,29.2
3415,28.8,29.2
3416,29.2,29.4
3417,29.2,29.8
3418,29.4,30.2
3419,29.8,30.2
3420,30.2,30.4
3421,30.2,30.8
3422,30.4,31.2
3423,30.8,31.2
3424,31.2,31.4
3425,31.2,31.8
3426,31.4,32.2
3427,31.8,32.2
3428,32.2,32.4
3429,32.2,32.8
3430,32.4,33.2
3431,32.8,33.2
3432,33.2,33.4
3433,33.2,33.8
3434,33.4,34.2
3435,33.8,34.2
3436,34.2,34.4
3437,34.2,34.8
3438,34.4,35.2
3439,34.8,35.2
3440,35.2,35.4
3441,35.2,35.8
3442,35.4,36.2
3443,35.8,36.2
3444,36.2,36.4
3445,36.2,36.8
3446,36.4,37.2
3447,36.8,37.2
3448,37.2,37.4
3449,37.2,37.8
3450,37.4,38.2
3451,37.8,38.2
3452,38.2,38.4
3453,38.2,38.8
3454,38.4,39.2
3455,38.8,39.2
3456,39.2,39.4
3457,39.2,39.8
3458,39.4,40.2
3459,39.8,40.2
3460,40.2,40.4
3461,40.2,40.8
3462,40.4,41.2
3463,40.8,41.2
3464,41.2,41.4
3465,41.2,41.8
3466,41.4,42.2
3467,41.8,42.2
3468,42.2,42.4
3469,42.2,42.8
3470,42.4,43.2
3471,42.8,43.2
3472,43.2,43.4
3473,43.2,43.8
3474,43.4,44.2
3475,43.8,44.2
3476,44.2,44.4
3477,44.2,44.8
3478,44.4,45.2
3479,44.8,45.2
3480,45.2,45.4
3481,45.2,45.8
3482,45.4,46.2
3483,45.8,46.2
3484,46.2,46.4
3485,46.2,46.8
3486,46.4,47.2
3487,46.8,47.2
3488,47.2,47.4
3489,47.2,47.8
3490,47.4,48.2
3491,47.8,48.2
3492,48.2,48.4
3503,0.8,1.2
3504,1.2,1.4
3505,1.2,1.8
3506,1.4,2.2
3507,1.8,2.2
3508,2.2,2.4
3509,2.2,2.8
3510,2.4,3.2
3511,2.8,3.2
3512,3.2,3.4
3513,3.2,3.8
3514,3.4,4.2
3515,3.8,4.2
3516,4.2,4.4
3517,4.2,4.8
3518,4.4,5.2
3519,4.8,5.2
3520,5.2,5.4
3521,5.2,5.8
3522,5.4,6.2
3523,5.8,6.2
3524,6.2,6.4
3525,6.2,6.8
3526,6.4,7.2
3527,6.8,7.2
3528,7.2,7.4
3529,7.2,7.8
3530,7.4,8.2
3531,7.8,8.2
3532,8.2,8.4
3533,8.2,8.8
3534,8.4,9.2
3535,8.8,9.2
3536,9.2,9.4
3537,9.2,9.8
3538,9.4,10.2
3539,9.8,10.2
3540,10.2,10.4
3541,10.2,10.8
3542,10.4,11.2
3543,10.8,11.2
3544,11.2,11.4
3545,11.2,11.8
3546,11.4,12.2
3547,11.8,12.2
3548,12.2,12.4
3549,12.2,12.8
3550,12.4,13.2
3551,12.8,13.2
3552,13.2,13.4
3553,13.2,13.8
3554,13.4,14.2
3555,13.8,14.2
3556,14.2,14.4
3557,14.2,14.8
3558,14.4,15.2
3559,14.8,15.2
3560,15.2,15.4
3561,15.2,15.8
3562,15.4,16.2
3563,15.8,16.2
3564,16.2,16.4
3565,16.2,16.8
3566,16.4,17.2
3567,16.8,17.2
3568,17.2,17.4
3569,17.2,17.8
3570,17.4,18.2
3571,17.8,18.2
3572,18.2,18.4
3573,18.2,18.8
3574,18.4,19.2
3575,18.8,19.2
3576,19.2,19.4
3577,19.2,19.8
3578,19.4,20.2
3579,19.8,20.2
3580,20.2,20.4
3581,20.2,20.8
3582,20.4,21.2
3583,20.8,21.2
3584,21.2,21.4
3585,21.2,21.8
3586,21.4,22.2
3587,21.8,22.2
3588,22.2,22.4
3589,22.2,22.8
3590,22.4,23.2
3591,22.8,23.2
3592,23.2,23.4
3593,23.2,23.8
3594,23.4,24.2
3595,23.8,24.2
3596,24.2,24.4
3597,24.2,24.8
3598,24.4,25.2
3599,24.8,25.2
3600,25.2,25.4
3601,25.2,25.8
3602,25.4,26.2
3603,25.8,26.2
3604,26.2,26.4
3605,26.2,26.8
3606,26.4,27.2
3607,26.8,27.2
3608,27.2,27.4
3609,27.2,27.8
3610,27.4,28.2
3611,27.8,28.2
3612,28.2,28.4
3613,28.2,28.8
3614,28.4,29.2
3615,28.8,29.2
3616,29.2,29.4
3617,29.2,29.8
3618,29.4,30.2
3619,29.8,30.2
3620,30.2,30.4
3621,30.2,30.8
3622,30.4,31.2
3623,30.8,31.2
3624,31.2,31.4
3625,31.2,31.8
3626,31.4,32.2
3627,31.8,32.2
3628,32.2,32.4
3629,32.2,32.8
3630,32.4,33.2
3631,32.8,33.2
3632,33.2,33.4
3633,33.2,33.8
3634,33.4,34.2
3635,33.8,34.2
3636,34.2,34.4
3637,34.2,34.8
3638,34.4,35.2
3639,34.8,35.2
3640,35.2,35.4
3641,35.2,35.8
3642,35.4,36.2
3643,35.8,36.2
3644,36.2,36.4
3645,36.2,36.8
3646,36.4,37.2
3647,36.8,37.2
3648,37.2,37.4
3649,37.2,37.8
3650,37.4,38.2
3651,37.8,38.2
3652,38.2,38.4
3653,38.2,38.8
3654,38.4,39.2
3655,38.8,39.2
3656,39.2,39.4
3657,39.2,39.8
3658,39.4,40.2
3659,39.8,40.2
3660,40.2,40.4
3661,40.2,40.8
3662,40.4,41.2
3663,40.8,41.2
3664,41.2,41.4
3665,41.2,41.8
3666,41.4,42.2
3667,41.8,42.2
3668,42.2,42.4
3669,42.2,42.8
3670,42.4,43.2
3671,42.8,43.2
3672,43.2,43.4
3673,43.2,43.8
3674,43.4,44.2
3675,43.8,44.2
3676,44.2,44.4
3677,44.2,44.8
3678,44.4,45.2
3679,44.8,45.2
3680,45.2,45.4
3681,45.2,45.8
3682,45.4,46.2
3683,45.8,46.2
3684,46.2,46.4
3685,46.2,46.8
3686,46.4,47.2
3687,46.8,47.2
3688,47.2,47.4
3689,47.2,47.8
3690,47.4,48.2
3691,47.8,48.2
3692,48.2,48.4
3703,0.8,1.2
3704,1.2,1.4
3705,1.2,1.8
3706,1.4,2.2
3707,1.8,2.2
3708,2.2,2.4
3709,2.2,2.8
3710,2.4,3.2
3711,2.8,3.2
3712,3.2,3.4
3713,3.2,3.8
3714,3.4,4.2
3715,3.8,4.2
3716,4.2,4.4
3717,4.2,4.8
3718,4.4,5.2
3719,4.8,5.2
3720,5.2,5.4
3721,5.2,5.8
3722,5.4,6.2
3723,5.8,6.2
3724,6.2,6.4
3725,6.2,6.8
3726,6.4,7.2
3727,6.8,7.2
3728,7.2,7.4
3729,7.2,7.8
3730,7.4,8.2
3731,7.8,8.2
3732,8.2,8.4
3733,8.2,8.8
3734,8.4,9.2
3735,8.8,9.2
3736,9.2,9.4
3737,9.2,9.8
3738,9.4,10.2
3739,9.8,10.2
3740,10.2,10.4
3741,10.2,10.8
3742,10.4,11.2
3743,10.8,11.2
3744,11.2,11.4
3745,11.2,11.8
3746,11.4,12.2
3747,11.8,12.2
3748,12.2,12.4
3749,12.2,12.8
3750,12.4,13.2
3751,12.8,13.2
3752,13.2,13.4
3753,13.2,13.8
3754,13.4,14.2
3755,13.8,14.2
3756,14.2,14.4
3757,14.2,14.8
3758,14.4,15.2
3759,14.8,15.2
3760,15.2,15.4
3761,15.2,15.8
3762,15.4,16.2
3763,15.8,16.2
3764,16.2,16.4
3765,16.2,16.8
3766,16.4,17.2
3767,16.8,17.2
3768,17.2,17.4
3769,17.2,17.8
3770,17.4,18.2
3771,17.8,18.2
3772,18.2,18.4
3773,18.2,18.8
3774,18.4,19.2
3775,18.8,19.2
3776,19.2,19.4
3777,19.2,19.8
3778,19.4,20.2
3779,19.8,20.2
3780,20.2,20.4
3781,20.2,20.8
3782,20.4,21.2
3783,20.8,21.2
3784,21.2,21.4
3785,21.2,21.8
3786,21.4,22.2
3787,21.8,22.2
3788,22.2,22.4
3789,22.2,22.8
3790,22.4,23.2
3791,22.8,23.2
3792,23.2,23.4
3793,23.2,23.8
3794,23.4,24.2
3795,23.8,24.2
3796,24.2,24.4
3797,24.2,24.8
3798,24.4,25.2
3799,24.8,25.2
3800,25.2,25.4
3801,25.2,25.8
3802,25.4,26.2
3803,25.8,26.2
3804,26.2,26.4
3805,26.2,26.8
3806,26.4,27.2
3807,26.8,27.2
3808,27.2,27.4
3809,27.2,27.8
3810,27.4,28.2
3811,27.8,28.2
3812,28.2,28.4
3813,28.2,28.8
3814,28.4,29.2
3815,28.8,29.2
3816,29.2,29.4
3817,29.2,29.8
3818,29.4,30.2
3819,29.8,30.2
3820,30.2,30.4
3821,30.2,30.8
3822,30.4,31.2
3823,30.8,31.2
3824,31.2,31.4
3825,31.2,31.8
3826,31.4,32.2
3827,31.8,32.2
3828,32.2,32.4
3829,32.2,32.8
3830,32.4,33.2
3831,32.8,33.2
3832,33.2,33.4
3833,33.2,33.8
3834,33.4,34.2
3835,33.8,34.2
3836,34.2,34.4
3837,34.2,34.8
3838,34.4,35.2
3839,34.8,35.2
3840,35.2,35.4
3841,35.2,35.8
3842,35.4,36.2
3843,35.8,36.2
3844,36.2,36.4
3845,36.2,36.8
3846,36.4,37.2
3847,36.8,37.2
3848,37.2,37.4
3849,37.2,37.8
3850,37.4,38.2
3851,37.8,38.2
3852,38.2,38.4
3853,38.2,38.8
3854,38.4,39.2
3855,38.8,39.2
3856,39.2,39.4
3857,39.2,39.8
3858,39.4,40.2
3859,39.8,40.2
3860,40.2,40.4
3861,40.2,40.8
3862,40.4,41.2
3863,40.8,41.2
3864,41.2,41.4
3865,41.2,41.8
3866,41.4,42.2
3867,41.8,42.2
3868,42.2,42.4
3869,42.2,42.8
3870,42.4,43.2
3871,42.8,43.2
3872,43.2,43.4
3873,43.2,43.8
3874,43.4,44.2
3875,43.8,44.2
3876,44.2,44.4
3877,44.2,44.8
3878,44.4,45.2
3879,44.8,45.2
3880,45.2,45.4
3881,45.2,45.8
3882,45.4,46.2
3883,45.8,46.2
3884,46.2,46.4
3885,46.2,46.8
3886,46.4,47.2
3887,46.8,47.2
3888,47.2,47.4
3889,47.2,47.8
3890,47.4,48.2
3891,47.8,48.2
3892,48.2,48.4
3903,0.8,1.2
3904,1.2,1.4
3905,1.2,1.8
3906,1.4,2.2
3907,1.8,2.2
3908,2.2,2.4
3909,2.2,2.8
3910,2.4,3.2
3911,2.8,3.2
3912,3.2,3.4
3913,3.2,3.8
3914,3.4,4.2
3915,3.8,4.2
3916,4.2,4.4
3917,4.2,4.8
3918,4.4,5.2
3919,4.8,5.2
3920,5.2,5.4
3921,5.2,5.8
3922,5.4,6.2
3923,5.8,6.2
3924,6.2,6.4
3925,6.2,6.8
3926,6.4,7.2
3927,6.8,7.2
3928,7.2,7.4
3929,7.2,7.8
3930,7.4,8.2
3931,7.8,8.2
3932,8.2,8.4
3933,8.2,8.8
3934,8.4,9.2
3935,8.8,9.2
3936,9.2,9.4
3937,9.2,9.8
3938,9.4,10.2
3939,9.8,10.2
3940,10.2,10.4
3941,10.2,10.8
3942,10.4,11.2
3943,10.8,11.2
3944,11.2,11.4
3945,11.2,11.8
3946,11.4,12.2
3947,11.8,12.2
3948,12.2,12.4
3949,12.2,12.8
3950,12.4,13.2
3951,12.8,13.2
3952,13.2,13.4
3953,13.2,13.8
3954,13.4,14.2
3955,13.8,14.2
3956,14.2,14.4
3957,14.2,14.8
3958,14.4,15.2
3959,14.8,15.2
3960,15.2,15.4
3961,15.2,15.8
3962,15.4,16.2
3963,15.8,16.2
3964,16.2,16.4
3965,16.2,16.8
3966,16.4,17.2
3967,16.8,17.2
3968,17.2,17.4
3969,17.2,17.8
3970,17.4,18.2
3971,17.8,18.2
3972,18.2,18.4
3973,18.2,18.8
3974,18.4,19.2
3975,18.8,19.2
3976,19.2,19.4
3977,19.2,19.8
3978,19.4,20.2
3979,19.8,20.2
3980,20.2,20.4
3981,20.2,20.8
3982,20.4,21.2
3983,20.8,21.2
3984,21.2,21.4
3985,21.2,21.8
3986,21.4,22.2
3987,21.8,22.2
3988,22.2,22.4
3989,22.2,22.8
3990,22.4,23.2
3991,22.8,23.2
3992,23.2,23.4
3993,23.2,23.8
3994,23.4,24.2
3995,23.8,24.2
3996,24.2,24.4
3997,24.2,24.8
3998,24.4,25.2
3999,24.8,25.2
4000,25.2,25.4
4001,25.2,25.8
4002,25.4,26.2
4003,25.8,26.2
4004,26.2,26.4
4005,26.2,26.8
4006,26.4,27.2
4007,26.8,27.2
4008,27.2,27.4
4009,27.2,27.8
4010,27.4,28.2
4011,27.8,28.2
4012,28.2,28.4
4013,28.2,28.8
4014,28.4,29.2
4015,28.8,29.2
4016,29.2,29.4
4017,29.2,29.8
4018,29.4,30.2
4019,29.8,30.2
4020,30.2,30.4
4021,30.2,30.8
4022,30.4,31.2
4023,30.8,31.2
4024,31.2,31.4
4025,31.2,31.8
4026,31.4,32.2
4027,31.8,32.2
4028,32.2,32.4
4029,32.2,32.8
4030,32.4,33.2
4031,32.8,33.2
4032,33.2,33.4
4033,33.2,33.8
4034,33.4,34.2
4035,33.8,34.2
4036,34.2,34.4
4037,34.2,34.8
4038,34.4,35.2
4039,34.8,35.2
4040,35.2,35.4
4041,35.2,35.8
4042,35.4,36.2
4043,35.8,36.2
4044,36.2,36.4
4045,36.2,36.8
4046,36.4,37.2
4047,36.8,37.2
4048,37.2,37.4
4049,37.2,37.8
4050,37.4,38.2
4051,37.8,38.2
4052,38.2,38.4
4053,38.2,38.8
4054,38.4,39.2
4055,38.8,39.2
4056,39.2,39.4
4057,39.2,39.8
4058,39.4,40.2
4059,39.8,40.2
4060,40.2,40.4
4061,40.2,40.8
4062,40.4,41.2
4063,40.8,41.2
4064,41.2,41.4
4065,41.2,41.8
4066,41.4,42.2
4067,41.8,42.2
4068,42.2,42.4
4069,42.2,42.8
4070,42.4,43.2
4071,42.8,43.2
4072,43.2,43.4
4073,43.2,43.8
4074,43.4,44.2
4075,43.8,44.2
4076,44.2,44.4
4077,44.2,44.8
4078,44.4,45.2
4079,44.8,45.2
4080,45.2,45.4
4081,45.2,45.8
4082,45.4,46.2
4083,45.8,46.2
4084,46.2,46.4
4085,46.2,46.8
4086,46.4,47.2
4087,46.8,47.2
4088,47.2,47.4
4089,47.2,47.8
4090,47.4,48.2
4091,47.8,48.2
4092,48.2,48.4
4103,0.8,1.2
4104,1.2,1.4
4105,1.2,1.8
4106,1.4,2.2
4107,1.8,2.2
4108,2.2,2.4
4109,2.2,2.8
4110,2.4,3.2
4111,2.8,3.2
4112,3.2,3.4
4113,3.2,3.8
4114,3.4,4.2
4115,3.8,4.2
4116,4.2,4.4
4117,4.2,4.8
4118,4.4,5.2
4119,4.8,5.2
4120,5.2,5.4
4121,5.2,5.8
4122,5.4,6.2
4123,5.8,6.2
4124,6.2,6.4
4125,6.2,6.8
4126,6.4,7.2
4127,6.8,7.2
4128,7.2,7.4
4129,7.2,7.8
4130,7.4,8.2
4131,7.8,8.2
4132,8.2,8.4
4133,8.2,8.8
4134,8.4,9.2
4135,8.8,9.2
4136,9.2,9.4
4137,9.2,9.8
4138,9.4,10.2
4139,9.8,10.2
4140,10.2,10.4
4141,10.2,10.8
4142,10.4,11.2
4143,10.8,11.2
4144,11.2,11.4
4145,11.2,11.8
4146,11.4,12.2
4147,11.8,12.2
4148,12.2,12.4
4149,12.2,12.8
4150,12.4,13.2
4151,12.8,13.2
4152,13.2,13.4
4153,13.2,13.8
4154,13.4,14.2
4155,13.8,14.2
4156,14.2,14.4
4157,14.2,14.8
4158,14.4,15.2
4159,14.8,15.2
4160,15.2,15.4
4161,15.2,15.8
4162,15.4,16.2
4163,15.8,16.2
4164,16.2,16.4
4165,16.2,16.8
4166,16.4,17.2
4167,16.8,17.2
4168,17.2,17.4
4169,17.2,17.8
4170,17.4,18.2
4171,17.8,18.2
4172,18.2,18.4
4173,18.2,18.8
4174,18.4,19.2
4175,18.8,19.2
4176,19.2,19.4
4177,19.2,19.8
4178,19.4,20.2
4179,19.8,20.2
4180,20.2,20.4
4181,20.2,20.8
4182,20.4,21.2
4183,20.8,21.2
4184,21.2,21.4
4185,21.2,21.8
4186,21.4,22.2
4187,21.8,22.2
4188,22.2,22.4
4189,22.2,22.8
4190,22.4,23.2
4191,22.8,23.2
4192,23.2,23.4
4193,23.2,23.8
4194,23.4,24.2
4195,23.8,24.2
4196,24.2,24.4
4197,24.2,24.8
4198,24.4,25.2
4199,24.8,25.2
4200,25.2,25.4
4201,25.2,25.8
4202,25.4,26.2
4203,25.8,26.2
4204,26.2,26.4
4205,26.2,26.8
4206,26.4,27.2
4207,26.8,27.2
4208,27.2,27.4
4209,27.2,27.8
4210,27.4,28.2
4211,27.8,28.2
4212,28.2,28.4
4213,28.2,28.8
4214,28.4,29.2
4215,28.8,29.2
4216,29.2,29.4
4217,29.2,29.8
4218,29.4,30.2
4219,29.8,30.2
4220,30.2,30.4
4221,30.2,30.8
4222,30.4,31.2
4223,30.8,31.2
4224,31.2,31.4
4225,31.2,31.8
4226,31.4,32.2
4227,31.8,32.2
4228,32.2,32.4
4229,32.2,32.8
4230,32.4,33.2
4231,32.8,33.2
4232,33.2,33.4
4233,33.2,33.8
4234,33.4,34.2
4235,33.8,34.2
4236,34.2,34.4
4237,34.2,34.8
4238,34.4,35.2
4239,34.8,35.2
4240,35.2,35.4
4241,35.2,35.8
4242,35.4,36.2
4243,35.8,36.2
4244,36.2,36.4
4245,36.2,36.8
4246,36.4,37.2
4247,36.8,37.2
4248,37.2,37.4
4249,37.2,37.8
4250,37.4,38.2
4251,37.8,38.2
4252,38.2,38.4
4253,38.2,38.8
4254,38.4,39.2
4255,38.8,39.2
4256,39.2,39.4
4257,39.2,39.8
4258,39.4,40.2
4259,39.8,40.2
4260,40.2,40.4
4261,40.2,40.8
4262,40.4,41.2
4263,40.8,41.2
4264,41.2,41.4
4265,41.2,41.8
4266,41.4,42.2
4267,41.8,42.2
4268,42.2,42.4
4269,42.2,42.8
4270,42.4,43.2
4271,42.8,43.2
4272,43.2,43.4
4273,43.2,43.8
4274,43.4,44.2
4275,43.8,44.2
4276,44.2,44.4
4277,44.2,44.8
4278,44.4,45.2
4279,44.8,45.2
4280,45.2,45.4
4281,45.2,45.8
4282,45.4,46.2
4283,45.8,46.2
4284,46.2,46.4
4285,46.2,46.8
4286,46.4,47.2
4287,46.8,47.2
4288,47.2,47.4
4289,47.2,47.8
4290,47.4,48.2
4291,47.8,48.2
4292,48.2,48.4
4303,0.8,1.2
4304,1.2,1.4
4305,1.2,1.8
4306,1.4,2.2
4307,1.8,2.2
4308,2.2,2.4
4309,2.2,2.8
4310,2.4,3.2
4311,2.8,3.2
4312,3.2,3.4
4313,3.2,3.8
4314,3.4,4.2
4315,3.8,4.2
4316,4.2,4.4
4317,4.2,4.8
4318,4.4,5.2
4319,4.8,5.2
4320,5.2,5.4
4321,5.2,5.8
4322,5.4,6.2
4323,5.8,6.2
4324,6.2,6.4
4325,6.2,6.8
4326,6.4,7.2
4327,6.8,7.2
4328,7.2,7.4
4329,7.2,7.8
4330,7.4,8.2
4331,7.8,8.2
4332,8.2,8.4
4333,8.2,8.8
4334,8.4,9.2
4335,8.8,9.2
4336,9.2,9.4
4337,9.2,9.8
4338,9.4,10.2
4339,9.8,10.2
4340,10.2,10.4
4341,10.2,10.8
4342,10.4,11.2
4343,10.8,11.2
4344,11.2,11.4
4345,11.2,11.8
4346,11.4,12.2
4347,11.8,12.2
4348,12.2,12.4
4349,12.2,12.8
4350,12.4,13.2
4351,12.8,13.2
4352,13.2,13.4
4353,13.2,13.8
4354,13.4,14.2
4355,13.8,14.2
4356,14.2,14.4
4357,14.2,14.8
4358,14.4,15.2
4359,14.8,15.2
4360,15.2,15.4
4361,15.2,15.8
4362,15.4,16.2
4363,15.8,16.2
4364,16.2,16.4
4365,16.2,16.8
4366,16.4,17.2
4367,16.8,17.2
4368,17.2,17.4
4369,17.2,17.8
4370,17.4,18.2
4371,17.8,18.2
4372,18.2,18.4
4373,18.2,18.8
4374,18.4,19.2
4375,18.8,19.2
4376,19.2,19.4
4377,19.2,19.8
4378,19.4,20.2
4379,19.8,20.2
4380,20.2,20.4
4381,20.2,20.8
4382,20.4,21.2
4383,20.8,21.2
4384,21.2,21.4
4385,21.2,21.8
4386,21.4,22.2
4387,21.8,22.2
4388,22.2,22.4
4389,22.2,22.8
4390,22.4,23.2
4391,22.8,23.2
4392,23.2,23.4
4393,23.2,23.8
4394,23.4,24.2
4395,23.8,24.2
4396,24.2,24.4
4397,24.2,24.8
4398,24.4,25.2
4399,24.8,25.2
4400,25.2,25.4
4401,25.2,25.8
4402,25.4,26.2
4403,25.8,26.2
4404,26.2,26.4
4405,26.2,26.8
4406,26.4,27.2
4407,26.8,27.2
4408,27.2,27.4
4409,27.2,27.8
4410,27.4,28.2
4411,27.8,28.2
4412,28.2,28.4
4413,28.2,28.8
4414,28.4,29.2
4415,28.8,29.2
4416,29.2,29.4
4417,29.2,29.8
4418,29.4,30.2
4419,29.8,30.2
4420,30.2,30.4
4421,30.2,30.8
4422,30.4,31.2
4423,30.8,31.2
4424,31.2,31.4
4425,31.2,31.8
4426,31.4,32.2
4427,31.8,32.2
4428,32.2,32.4
4429,32.2,32.8
4430,32.4,33.2
4431,32.8,33.2
4432,33.2,33.4
4433,33.2,33.8
4434,33.4,34.2
4435,33.8,34.2
4436,34.2,34.4
4437,34.2,34.8
4438,34.4,35.2
4439,34.8,35.2
4440,35.2,35.4
4441,35.2,35.8
4442,35.4,36.2
4443,35.8,36.2
4444,36.2,36.4
4445,36.2,36.8
4446,36.4,37.2
4447,36.8,37.2
4448,37.2,37.4
4449,37.2,37.8
4450,37.4,38.2
4451,37.8,38.2
4452,38.2,38.4
4453,38.2,38.8
4454,38.4,39.2
4455,38.8,39.2
4456,39.2,39.4
4457,39.2,39.8
4458,39.4,40.2
4459,39.8,40.2
4460,40.2,40.4
4461,40.2,40.8
4462,40.4,41.2
4463,40.8,41.2
4464,41.2,41.4
4465,41.2,41.8
4466,41.4,42.2
4467,41.8,42.2
4468,42.2,42.4
4469,42.2,42.8
4470,42.4,43.2
4471,42.8,43.2
4472,43.2,43.4
4473,43.2,43.8
4474,43.4,44.2
4475,43.8,44.2
4476,44.2,44.4
4477,44.2,44.8
4478,44.4,45.2
4479,44.8,45.2
4480,45.2,45.4
4481,45.2,45.8
4482,45.4,46.2
4483,45.8,46.2
4484,46.2,46.4
4485,46.2,46.8
4486,46.4,47.2
4487,46.8,47.2
4488,47.2,47.4
4489,47.2,47.8
4490,47.4,48.2
4491,47.8,48.2
4492,48.2,48.4
4503,0.8,1.2
4504,1.2,1.4
4505,1.2,1.8
4506,1.4,2.2
4507,1.8,2.2
4508,2.2,2.4
4509,2.2,2.8
4510,2.4,3.2
4511,2.8,3.2
4512,3.2,3.4
4513,3.2,3.8
4514,3.4,4.2
4515,3.8,4.2
4516,4.2,4.4
4517,4.2,4.8
4518,4.4,5.2
4519,4.8,5.2
4520,5.2,5.4
4521,5.2,5.8
4522,5.4,6.2
4523,5.8,6.2
4524,6.2,6.4
4525,6.2,6.8
4526,6.4,7.2
4527,6.8,7.2
4528,7.2,7.4
4529,7.2,7.8
4530,7.4,8.2
4531,7.8,8.2
4532,8.2,8.4
4533,8.2,8.8
4534,8.4,9.2
4535,8.8,9.2
4536,9.2,9.4
4537,9.2,9.8
4538,9.4,10.2
4539,9.8,10.2
4540,10.2,10.4
4541,10.2,10.8
4542,10.4,11.2
4543,10.8,11.2
4544,11.2,11.4
4545,11.2,11.8
4546,11.4,12.2
4547,11.8,12.2
4548,12.2,12.4
4549,12.2,12.8
4550,12.4,13.2
4551,12.8,13.2
4552,13.2,13.4
4553,13.2,13.8
4554,13.4,14.2
4555,13.8,14.2
4556,14.2,14.4
4557,14.2,14.8
4558,14.4,15.2
4559,14.8,15.2
4560,15.2,15.4
4561,15.2,15.8
4562,15.4,16.2
4563,15.8,16.2
4564,16.2,16.4
4565,16.2,16.8
4566,16.4,17.2
4567,16.8,17.2
4568,17.2,17.4
4569,17.2,17.8
4570,17.4,18.2
4571,17.8,18.2
4572,18.2,18.4
4573,18.2,18.8
4574,18.4,19.2
4575,18.8,19.2
4576,19.2,19.4
4577,19.2,19.8
4578,19.4,20.2
4579,19.8,20.2
4580,20.2,20.4
4581,20.2,20.8
4582,20.4,21.2
4583,20.8,21.2
4584,21.2,21.4
4585,21.2,21.8
4586,21.4,22.2
4587,21.8,22.2
4588,22.2,22.4
4589,22.2,22.8
4590,22.4,23.2
4591,22.8,23.2
4592,23.2,23.4
4593,23.2,23.8
4594,23.4,24.2
4595,23.8,24.2
4596,24.2,24.4
4597,24.2,24.8
4598,24.4,25.2
4599,24.8,25.2
4600,25.2,25.4
4601,25.2,25.8
4602,25.4,26.2
4603,25.8,26.2
4604,26.2,26.4
4605,26.2,26.8
4606,26.4,27.2
4607,26.8,27.2
4608,27.2,27.4
4609,27.2,27.8
4610,27.4,28.2
4611,27.8,28.2
4612,28.2,28.4
4613,28.2,28.8
4614,28.4,29.2
4615,28.8,29.2
4616,29.2,29.4
4617,29.2,29.8
4618,29.4,30.2
4619,29.8,30.2
4620,30.2,30.4
4621,30.2,30.8
4622,30.4,31.2
4623,30.8,31.2
4624,31.2,31.4
4625,31.2,31.8
4626,31.4,32.2
4627,31.8,32.2
4628,32.2,32.4
4629,32.2,32.8
4630,32.4,33.2
4631,32.8,33.2
4632,33.2,33.4
4633,33.2,33.8
4634,33.4,34.2
4635,33.8,34.2
4636,34.2,34.4
4637,34.2,34.8
4638,34.4,35.2
4639,34.8,35.2
4640,35.2,35.4
4641,35.2,35.8
4642,35.4,36.2
4643,35.8,36.2
4644,36.2,36.4
4645,36.2,36.8
4646,36.4,37.2
4647,36.8,37.2
4648,37.2,37.4
4649,37.2,37.8
4650,37.4,38.2
4651,37.8,38.2
4652,38.2,38.4
4653,38.2,38.8
4654,38.4,39.2
4655,38.8,39.2
4656,39.2,39.4
4657,39.2,39.8
4658,39.4,40.2
4659,39.8,40.2
4660,40.2,40.4
4661,40.2,40.8
4662,40.4,41.2
4663,40.8,41.2
4664,41.2,41.4
4665,41.2,41.8
4666,41.4,42.2
4667,41.8,42.2
4668,42.2,42.4
4669,42.2,42.8
4670,42.4,43.2
4671,42.8,43.2
4672,43.2,43.4
4673,43.2,43.8
4674,43.4,44.2
4675,43.8,44.2
4676,44.2,44.4
4677,44.2,44.8
4678,44.4,45.2
4679,44.8,45.2
4680,45.2,45.4
4681,45.2,45.8
4682,45.4,46.2
4683,45.8,46.2
4684,46.2,46.4
4685,46.2,46.8
4686,46.4,47.2
4687,46.8,47.2
4688,47.2,47.4
4689,47.2,47.8
4690,47.4,48.2
4691,47.8,48.2
4692,48.2,48.4
4703,0.8,1.2
4704,1.2,1.4
4705,1.2,1.8
4706,1.4,2.2
4707,1.8,2.2
4708,2.2,2.4
4709,2.2,2.8
4710,2.4,3.2
4711,2.8,3.2
4712,3.2,3.4
4713,3.2,3.8
4714,3.4,4.2
4715,3.8,4.2
4716,4.2,4.4
4717,4.2,4.8
4718,4.4,5.2
4719,4.8,5.2
4720,5.2,5.4
4721,5.2,5.8
4722,5.4,6.2
4723,5.8,6.2
4724,6.2,6.4
4725,6.2,6.8
4726,6.4,7.2
4727,6.8,7.2
4728,7.2,7.4
4729,7.2,7.8
4730,7.4,8.2
4731,7.8,8.2
4732,8.2,8.4
4733,8.2,8.8
4734,8.4,9.2
4735,8.8,9.2
4736,9.2,9.4
4737,9.2,9.8
4738,9.4,10.2
4739,9.8,10.2
4740,10.2,10.4
4741,10.2,10.8
4742,10.4,11.2
4743,10.8,11.2
4744,11.2,11.4
4745,11.2,11.8
4746,11.4,12.2
4747,11.8,12.2
4748,12.2,12.4
4749,12.2,12.8
4750,12.4,13.2
4751,12.8,13.2
4752,13.2,13.4
4753,13.2,13.8
4754,13.4,14.2
4755,13.8,14.2
4756,14.2,14.4
4757,14.2,14.8
4758,14.4,15.2
4759,14.8,15.2
4760,15.2,15.4
4761,15.2,15.8
4762,15.4,16.2
4763,15.8,16.2
4764,16.2,16.4
4765,16.2,16.8
4766,16.4,17.2
4767,16.8,17.2
4768,17.2,17.4
4769,17.2,17.8
4770,17.4,18.2
4771,17.8,18.2
4772,18.2,18.4
4773,18.2,18.8
4774,18.4,19.2
4775,18.8,19.2
4776,19.2,19.4
4777,19.2,19.8
4778,19.4,20.2
4779,19.8,20.2
4780,20.2,20.4
4781,20.2,20.8
4782,20.4,21.2
4783,20.8,21.2
4784,21.2,21.4
4785,21.2,21.8
4786,21.4,22.2
4787,21.8,22.2
4788,22.2,22.4
4789,22.2,22.8
4790,22.4,23.2
4791,22.8,23.2
4792,23.2,23.4
4793,23.2,23.8
4794,23.4,24.2
4795,23.8,24.2
4796,24.2,24.4
4797,24.2,24.8
4798,24.4,25.2
4799,24.8,25.2
4800,25.2,25.4
4801,25.2,25.8
4802,25.4,26.2
4803,25.8,26.2
4804,26.2,26.4
4805,26.2,26.8
4806,26.4,27.2
4807,26.8,27.2
4808,27.2,27.4
4809,27.2,27.8
4810,27.4,28.2
4811,27.8,28.2
4812,28.2,28.4
4813,28.2,28.8
4814,28.4,29.2
4815,28.8,29.2
4816,29.2,29.4
4817,29.2,29.8
4818,29.4,30.2
4819,29.8,30.2
4820,30.2,30.4
4821,30.2,30.8
4822,30.4,31.2
4823,30.8,31.2
4824,31.2,31.4
4825,31.2,31.8
4826,31.4,32.2
4827,31.8,32.2
4828,32.2,32.4
4829,32.2,32.8
4830,32.4,33.2
4831,32.8,33.2
4832,33.2,33.4
4833,33.2,33.8
4834,33.4,34.2
4835,33.8,34.2
4836,34.2,34.4
4837,34.2,34.8
4838,34.4,35.2
4839,34.8,35.2
4840,35.2,35.4
4841,35.2,35.8
4842,35.4,36.2
4843,35.8,36.2
4844,36.2,36.4
4845,36.2,36.8
4846,36.4,37.2
4847,36.8,37.2
4848,37.2,37.4
4849,37.2,37.8
4850,37.4,38.2
4851,37.8,38.2
4852,38.2,38.4
4853,38.2,38.8
4854,38.4,39.2
4855,38.8,39.2
4856,39.2,39.4
4857,39.2,39.8
4858,39.4,40.2
4859,39.8,40.2
4860,40.2,40.4
4861,40.2,40.8
4862,40.4,41.2
4863,40.8,41.2
4864,41.2,41.4
4865,41.2,41.8
4866,41.4,42.2
4867,41.8,42.2
4868,42.2,42.4
4869,42.2,42.8
4870,42.4,43.2
4871,42.8,43.2
4872,43.2,43.4
4873,43.2,43.8
4874,43.4,44.2
4875,43.8,44.2
4876,44.2,44.4
4877,44.2,44.8
4878,44.4,45.2
4879,44.8,45.2
4880,45.2,45.4
4881,45.2,45.8
4882,45.4,46.2
4883,45.8,46.2
4884,46.2,46.4
4885,46.2,46.8
4886,46.4,47.2
4887,46.8,47.2
4888,47.2,47.4
4889,47.2,47.8
4890,47.4,48.2
4891,47.8,48.2
4892,48.2,48.4
4903,0.8,1.2
4904,1.2,1.4
4905,1.2,1.8
4906,1.4,2.2
4907,1.8,2.2
4908,2.2,2.4
4909,2.2,2.8
4910,2.4,3.2
4911,2.8,3.2
4912,3.2,3.4
4913,3.2,3.8
4914,3.4,4.2
4915,3.8,4.2
4916,4.2,4.4
4917,4.2,4.8
4918,4.4,5.2
4919,4.8,5.2
4920,5.2,5.4
4921,5.2,5.8
4922,5.4,6.2
4923,5.8,6.2
4924,6.2,6.4
4925,6.2,6.8
4926,6.4,7.2
4927,6.8,7.2
4928,7.2,7.4
4929,7.2,7.8
4930,7.4,8.2
4931,7.8,8.2
4932,8.2,8.4
4933,8.2,8.8
4934,8.4,9.2
4935,8.8,9.2
4936,9.2,9.4
4937,9.2,9.8
4938,9.4,10.2
4939,9.8,10.2
4940,10.2,10.4
4941,10.2,10.8
4942,10.4,11.2
4943,10.8,11.2
4944,11.2,11.4
4945,11.2,11.8
4946,11.4,12.2
4947,11.8,12.2
4948,12.2,12.4
4949,12.2,12.8
4950,12.4,13.2
4951,12.8,13.2
4952,13.2,13.4
4953,13.2,13.8
4954,13.4,14.2
4955,13.8,14.2
4956,14.2,14.4
4957,14.2,14.8
4958,14.4,15.2
4959,14.8,15.2
4960,15.2,15.4
4961,15.2,15.8
4962,15.4,16.2
4963,15.8,16.2
4964,16.2,16.4
4965,16.2,16.8
4966,16.4,17.2
4967,16.8,17.2
4968,17.2,17.4
4969,17.2,17.8
4970,17.4,18.2
4971,17.8,18.2
4972,18.2,18.4
4973,18.2,18.8
4974,18.4,19.2
4975,18.8,19.2
4976,19.2,19.4
4977,19.2,19.8
4978,19.4,20.2
4979,19.8,20.2
4980,20.2,20.4
4981,20.2,20.8
4982,20.4,21.2
4983,20.8,21.2
4984,21.2,21.4
4985,21.2,21.8
4986,21.4,22.2
4987,21.8,22.2
4988,22.2,22.4
4989,22.2,22.8
4990,22.4,23.2
4991,22.8,23.2
4992,23.2,23.4
4993,23.2,23.8
4994,23.4,24.2
4995,23.8,24.2
4996,24.2,24.4
4997,24.2,24.8
4998,24.4,25.2
4999,24.8,25.2
5000,25.2,25.4
5001,25.2,25.8
5002,25.4,26.2
5003,25.8,26.2
5004,26.2,26.4
5005,26.2,26.8
5006,26.4,27.2
5007,26.8,27.2
5008,27.2,27.4
5009,27.2,27.8
5010,27.4,28.2
5011,27.8,28.2
5012,28.2,28.4
5013,28.2,28.8
5014,28.4,29.2
5015,28.8,29.2
5016,29.2,29.4
5017,29.2,29.8
5018,29.4,30.2
5019,29.8,30.2
5020,30.2,30.4
5021,30.2,30.8
5022,30.4,31.2
5023,30.8,31.2
5024,31.2,31.4
5025,31.2,31.8
5026,31.4,32.2
5027,31.8,32.2
5028,32.2,32.4
5029,32.2,32.8
5030,32.4,33.2
5031,32.8,33.2
5032,33.2,33.4
5033,33.2,33.8
5034,33.4,34.2
5035,33.8,34.2
5036,34.2,34.4
5037,34.2,34.8
5038,34.4,35.2
5039,34.8,35.2
5040,35.2,35.4
5041,35.2,35.8
5042,35.4,36.2
5043,35.8,36.2
5044,36.2,36.4
5045,36.2,36.8
5046,36.4,37.2
5047,36.8,37.2
5048,37.2,37.4
5049,37.2,37.8
5050,37.4,38.2
5051,37.8,38.2
5052,38.2,38.4
5053,38.2,38.8
5054,38.4,39.2
5055,38.8,39.2
5056,39.2,39.4
5057,39.2,39.8
5058,39.4,40.2
5059,39.8,40.2
5060,40.2,40.4
5061,40.2,40.8
5062,40.4,41.2
5063,40.8,41.2
5064,41.2,41.4
5065,41.2,41.8
5066,41.4,42.2
5067,41.8,42.2
5068,42.2,42.4
5069,42.2,42.8
5070,42.4,43.2
5071,42.8,43.2
5072,43.2,43.4
5073,43.2,43.8
5074,43.4,44.2
5075,43.8,44.2
5076,44.2,44.4
5077,44.2,44.8
5078,44.4,45.2
5079,44.8,45.2
5080,45.2,45.4
5081,45.2,45.8
5082,45.4,46.2
5083,45.8,46.2
5084,46.2,46.4
5085,46.2,46.8
5086,46.4,47.2
5087,46.8,47.2
5088,47.2,47.4
5089,47.2,47.8
5090,47.4,48.2
5091,47.8,48.2
5092,48.2,48.4
5103,0.8,1.2
5104,1.2,1.4
5105,1.2,1.8
5106,1.4,2.2
5107,1.8,2.2
5108,2.2,2.4
5109,2.2,2.8
5110,2.4,3.2
5111,2.8,3.2
5112,3.2,3.4
5113,3.2,3.8
5114,3.4,4.2
5115,3.8,4.2
5116,4.2,4.4
5117,4.2,4.8
5118,4.4,5.2
5119,4.8,5.2
5120,5.2,5.4
5121,5.2,5.8
5122,5.4,6.2
5123,5.8,6.2
5124,6.2,6.4
5125,6.2,6.8
5126,6.4,7.2
5127,6.8,7.2
5128,7.2,7.4
5129,7.2,7.8
5130,7.4,8.2
5131,7.8,8.2
5132,8.2,8.4
5133,8.2,8.8
5134,8.4,9.2
5135,8.8,9.2
5136,9.2,9.4
5137,9.2,9.8
5138,9.4,10.2
5139,9.8,10.2
5140,10.2,10.4
5141,10.2,10.8
5142,10.4,11.2
5143,10.8,11.2
5144,11.2,11.4
5145,11.2,11.8
5146,11.4,12.2
5147,11.8,12.2
5148,12.2,12.4
5149,12.2,12.8
5150,12.4,13.2
5151,12.8,13.2
5152,13.2,13.4
5153,13.2,13.8
5154,13.4,14.2
5155,13.8,14.2
5156,14.2,14.4
5157,14.2,14.8
5158,14.4,15.2
5159,14.8,15.2
5160,15.2,15.4
5161,15.2,15.8
5162,15.4,16.2
5163,15.8,16.2
5164,16.2,16.4
5165,16.2,16.8
5166,16.4,17.2
5167,16.8,17.2
5168,17.2,17.4
5169,17.2,17.8
5170,17.4,18.2
5171,17.8,18.2
5172,18.2,18.4
5173,18.2,18.8
5174,18.4,19.2
5175,18.8,19.2
5176,19.2,19.4
5177,19.2,19.8
5178,19.4,20.2
5179,19.8,20.2
5180,20.2,20.4
5181,20.2,20.8
5182,20.4,21.2
5183,20.8,21.2
5184,21.2,21.4
5185,21.2,21.8
5186,21.4,22.2
5187,21.8,22.2
5188,22.2,22.4
5189,22.2,22.8
5190,22.4,23.2
5191,22.8,23.2
5192,23.2,23.4
5193,23.2,23.8
5194,23.4,24.2
5195,23.8,24.2
5196,24.2,24.4
5197,24.2,24.8
5198,24.4,25.2
5199,24.8,25.2
5200,25.2,25.4
5201,25.2,25.8
5202,25.4,26.2
5203,25.8,26.2
5204,26.2,26.4
5205,26.2,26.8
5206,26.4,27.2
5207,26.8,27.2
5208,27.2,27.4
5209,27.2,27.8
5210,27.4,28.2
5211,27.8,28.2
5212,28.2,28.4
5213,28.2,28.8
5214,28.4,29.2
5215,28.8,29.2
5216,29.2,29.4
5217,29.2,29.8
5218,29.4,30.2
5219,29.8,30.2
5220,30.2,30.4
5221,30.2,30.8
5222,30.4,31.2
5223,30.8,31.2
5224,31.2,31.4
5225,31.2,31.8
5226,31.4,32.2
5227,31.8,32.2
5228,32.2,32.4
5229,32.2,32.8
5230,32.4,33.2
5231,32.8,33.2
5232,33.2,33.4
5233,33.2,33.8
5234,33.4,34.2
5235,33.8,34.2
5236,34.2,34.4
5237,34.2,34.8
5238,34.4,35.2
5239,34.8,35.2
5240,35.2,35.4
5241,35.2,35.8
5242,35.4,36.2
5243,35.8,36.2
5244,36.2,36.4
5245,36.2,36.8
5246,36.4,37.2
5247,36.8,37.2
5248,37.2,37.4
5249,37.2,37.8
5250,37.4,38.2
5251,37.8,38.2
5252,38.2,38.4
5253,38.2,38.8
5254,38.4,39.2
5255,38.8,39.2
5256,39.2,39.4
5257,39.2,39.8
5258,39.4,40.2
5259,39.8,40.2
5260,40.2,40.4
5261,40.2,40.8
5262,40.4,41.2
5263,40.8,41.2
5264,41.2,41.4
5265,41.2,41.8
5266,41.4,42.2
5267,41.8,42.2
5268,42.2,42.4
5269,42.2,42.8
5270,42.4,43.2
5271,42.8,43.2
5272,43.2,43.4
5273,43.2,43.8
5274,43.4,44.2
5275,43.8,44.2
5276,44.2,44.4
5277,44.2,44.8
5278,44.4,45.2
5279,44.8,45.2
5280,45.2,45.4
5281,45.2,45.8
5282,45.4,46.2
5283,45.8,46.2
5284,46.2,46.4
5285,46.2,46.8
5286,46.4,47.2
5287,46.8,47.2
5288,47.2,47.4
5289,47.2,47.8
5290,47.4,48.2
5291,47.8,48.2
5292,48.2,48.4
5303,0.8,1.2
5304,1.2,1.4
5305,1.2,1.8
5306,1.4,2.2
5307,1.8,2.2
5308,2.2,2.4
5309,2.2,2.8
5310,2.4,3.2
5311,2.8,3.2
5312,3.2,3.4
5313,3.2,3.8
5314,3.4,4.2
5315,3.8,4.2
5316,4.2,4.4
5317,4.2,4.8
5318,4.4,5.2
5319,4.8,5.2
5320,5.2,5.4
5321,5.2,5.8
5322,5.4,6.2
5323,5.8,6.2
5324,6.2,6.4
5325,6.2,6.8
5326,6.4,7.2
5327,6.8,7.2
5328,7.2,7.4
5329,7.2,7.8
5330,7.4,8.2
5331,7.8,8.2
5332,8.2,8.4
5333,8.2,8.8
5334,8.4,9.2
5335,8.8,9.2
5336,9.2,9.4
5337,9.2,9.8
5338,9.4,10.2
5339,9.8,10.2
5340,10.2,10.4
5341,10.2,10.8
5342,10.4,11.2
5343,10.8,11.2
5344,11.2,11.4
5345,11.2,11.8
5346,11.4,12.2
5347,11.8,12.2
5348,12.2,12.4
5349,12.2,12.8
5350,12.4,13.2
5351,12.8,13.2
5352,13.2,13.4
5353,13.2,13.8
5354,13.4,14.2
5355,13.8,14.2
5356,14.2,14.4
5357,14.2,14.8
5358,14.4,15.2
5359,14.8,15.2
5360,15.2,15.4
5361,15.2,15.8
5362,15.4,16.2
5363,15.8,16.2
5364,16.2,16.4
5365,16.2,16.8
5366,16.4,17.2
5367,16.8,17.2
5368,17.2,17.4
5369,17.2,17.8
5370,17.4,18.2
5371,17.8,18.2
5372,18.2,18.4
5373,18.2,18.8
5374,18.4,19.2
5375,18.8,19.2
5376,19.2,19.4
5377,19.2,19.8
5378,19.4,20.2
5379,19.8,20.2
5380,20.2,20.4
5381,20.2,20.8
5382,20.4,21.2
5383,20.8,21.2
5384,21.2,21.4
5385,21.2,21.8
5386,21.4,22.2
5387,21.8,22.2
5388,22.2,22.4
5389,22.2,22.8
5390,22.4,23.2
5391,22.8,23.2
5392,23.2,23.4
5393,23.2,23.8
5394,23.4,24.2
5395,23.8,24.2
5396,24.2,24.4
5397,24.2,24.8
5398,24.4,25.2
5399,24.8,25.2
5400,25.2,25.4
5401,25.2,25.8
5402,25.4,26.2
5403,25.8,26.2
5404,26.2,26.4
5405,26.2,26.8
5406,26.4,27.2
5407,26.8,27.2
5408,27.2,27.4
5409,27.2,27.8
5410,27.4,28.2
5411,27.8,28.2
5412,28.2,28.4
5413,28.2,28.8
5414,28.4,29.2
5415,28.8,29.2
5416,29.2,29.4
5417,29.2,29.8
5418,29.4,30.2
5419,29.8,30.2
5420,30.2,30.4
5421,30.2,30.8
5422,30.4,31.2
5423,30.8,31.2
5424,31.2,31.4
5425,31.2,31.8
5426,31.4,32.2
5427,31.8,32.2
5428,32.2,32.4
5429,32.2,32.8
5430,32.4,33.2
5431,32.8,33.2
5432,33.2,33.4
5433,33.2,33.8
5434,33.4,34.2
5435,33.8,34.2
5436,34.2,34.4
5437,34.2,34.8
5438,34.4,35.2
5439,34.8,35.2
5440,35.2,35.4
5441,35.2,35.8
5442,35.4,36.2
5443,35.8,36.2
5444,36.2,36.4
5445,36.2,36.8
5446,36.4,37.2
5447,36.8,37.2
5448,37.2,37.4
5449,37.2,37.8
5450,37.4,38.2
5451,37.8,38.2
5452,38.2,38.4
5453,38.2,38.8
5454,38.4,39.2
5455,38.8,39.2
5456,39.2,39.4
5457,39.2,39.8
5458,39.4,40.2
5459,39.8,40.2
5460,40.2,40.4
5461,40.2,40.8
5462,40.4,41.2
5463,40.8,41.2
5464,41.2,41.4
5465,41.2,41.8
5466,41.4,42.2
5467,41.8,42.2
5468,42.2,42.4
5469,42.2,42.8
5470,42.4,43.2
5471,42.8,43.2
5472,43.2,43.4
5473,43.2,43.8
5474,43.4,44.2
5475,43.8,44.2
5476,44.2,44.4
5477,44.2,44.8
5478,44.4,45.2
5479,44.8,45.2
5480,45.2,45.4
5481,45.2,45.8
5482,45.4,46.2
5483,45.8,46.2
5484,46.2,46.4
5485,46.2,46.8
5486,46.4,47.2
5487,46.8,47.2
5488,47.2,47.4
5489,47.2,47.8
5490,47.4,48.2
5491,47.8,48.2
5492,48.2,48.4
5503,0.8,1.2
5504,1.2,1.4
5505,1.2,1.8
5506,1.4,2.2
5507,1.8,2.2
5508,2.2,2.4
5509,2.2,2.8
5510,2.4,3.2
5511,2.8,3.2
5512,3.2,3.4
5513,3.2,3.8
5514,3.4,4.2
5515,3.8,4.2
5516,4.2,4.4
5517,4.2,4.8
5518,4.4,5.2
5519,4.8,5.2
5520,5.2,5.4
5521,5.2,5.8
5522,5.4,6.2
5523,5.8,6.2
5524,6.2,6.4
5525,6.2,6.8
5526,6.4,7.2
5527,6.8,7.2
5528,7.2,7.4
5529,7.2,7.8
5530,7.4,8.2
5531,7.8,8.2
5532,8.2,8.4
5533,8.2,8.8
5534,8.4,9.2
5535,8.8,9.2
5536,9.2,9.4
5537,9.2,9.8
5538,9.4,10.2
5539,9.8,10.2
5540,10.2,10.4
5541,10.2,10.8
5542,10.4,11.2
5543,10.8,11.2
5544,11.2,11.4
5545,11.2,11.8
5546,11.4,12.2
5547,11.8,12.2
5548,12.2,12.4
5549,12.2,12.8
5550,12.4,13.2
5551,12.8,13.2
5552,13.2,13.4
5553,13.2,13.8
5554,13.4,14.2
5555,13.8,14.2
5556,14.2,14.4
5557,14.2,14.8
5558,14.4,15.2
5559,14.8,15.2
5560,15.2,15.4
5561,15.2,15.8
5562,15.4,16.2
5563,15.8,16.2
5564,16.2,16.4
5565,16.2,16.8
5566,16.4,17.2
5567,16.8,17.2
5568,17.2,17.4
5569,17.2,17.8
5570,17.4,18.2
5571,17.8,18.2
5572,18.2,18.4
5573,18.2,18.8
5574,18.4,19.2
5575,18.8,19.2
5576,19.2,19.4
5577,19.2,19.8
5578,19.4,20.2
5579,19.8,20.2
5580,20.2,20.4
5581,20.2,20.8
5582,20.4,21.2
5583,20.8,21.2
5584,21.2,21.4
5585,21.2,21.8
5586,21.4,22.2
5587,21.8,22.2
5588,22.2,22.4
5589,22.2,22.8
5590,22.4,23.2
5591,22.8,23.2
5592,23.2,23.4
5593,23.2,23.8
5594,23.4,24.2
5595,23.8,24.2
5596,24.2,24.4
5597,24.2,24.8
5598,24.4,25.2
5599,24.8,25.2
5600,25.2,25.4
5601,25.2,25.8
5602,25.4,26.2
5603,25.8,26.2
5604,26.2,26.4
5605,26.2,26.8
5606,26.4,27.2
5607,26.8,27.2
5608,27.2,27.4
5609,27.2,27.8
5610,27.4,28.2
5611,27.8,28.2
5612,28.2,28.4
5613,28.2,28.8
5614,28.4,29.2
5615,28.8,29.2
5616,29.2,29.4
5617,29.2,29.8
5618,29.4,30.2
5619,29.8,30.2
5620,30.2,30.4
5621,30.2,30.8
5622,30.4,31.2
5623,30.8,31.2
5624,31.2,31.4
5625,31.2,31.8
5626,31.4,32.2
5627,31.8,32.2
5628,32.2,32.4
5629,32.2,32.8
5630,32.4,33.2
5631,32.8,33.2
5632,33.2,33.4
5633,33.2,33.8
5634,33.4,34.2
5635,33.8,34.2
5636,34.2,34.4
5637,34.2,34.8
5638,34.4,35.2
5639,34.8,35.2
5640,35.2,35.4
5641,35.2,35.8
5642,35.4,36.2
5643,35.8,36.2
5644,36.2,36.4
5645,36.2,36.8
5646,36.4,37.2
5647,36.8,37.2
5648,37.2,37.4
5649,37.2,37.8
5650,37.4,38.2
5651,37.8,38.2
5652,38.2,38.4
5653,38.2,38.8
5654,38.4,39.2
5655,38.8,39.2
5656,39.2,39.4
5657,39.2,39.8
5658,39.4,40.2
5659,39.8,40.2
5660,40.2,40.4
5661,40.2,40.8
5662,40.4,41.2
5663,40.8,41.2
5664,41.2,41.4
5665,41.2,41.8
5666,41.4,42.2
5667,41.8,42.2
5668,42.2,42.4
5669,42.2,42.8
5670,42.4,43.2
5671,42.8,43.2
5672,43.2,43.4
5673,43.2,43.8
5674,43.4,44.2
5675,43.8,44.2
5676,44.2,44.4
5677,44.2,44.8
5678,44.4,45.2
5679,44.8,45.2
5680,45.2,45.4
5681,45.2,45.8
5682,45.4,46.2
5683,45.8,46.2
5684,46.2,46.4
5685,46.2,46.8
5686,46.4,47.2
5687,46.8,47.2
5688,47.2,47.4
5689,47.2,47.8
5690,47.4,48.2
5691,47.8,48.2
5692,48.2,48.4
5703,0.8,1.2
5704,1.2,1.4
5705,1.2,1.8
5706,1.4,2.2
5707,1.8,2.2
5708,2.2,2.4
5709,2.2,2.8
5710,2.4,3.2
5711,2.8,3.2
5712,3.2,3.4
5713,3.2,3.8
5714,3.4,4.2
5715,3.8,4.2
5716,4.2,4.4
5717,4.2,4.8
5718,4.4,5.2
5719,4.8,5.2
5720,5.2,5.4
5721,5.2,5.8
5722,5.4,6.2
5723,5.8,6.2
5724,6.2,6.4
5725,6.2,6.8
5726,6.4,7.2
5727,6.8,7.2
5728,7.2,7.4
5729,7.2,7.8
5730,7.4,8.2
5731,7.8,8.2
5732,8.2,8.4
5733,8.2,8.8
5734,8.4,9.2
5735,8.8,9.2
5736,9.2,9.4
5737,9.2,9.8
5738,9.4,10.2
5739,9.8,10.2
5740,10.2,10.4
5741,10.2,10.8
5742,10.4,11.2
5743,10.8,11.2
5744,11.2,11.4
5745,11.2,11.8
5746,11.4,12.2
5747,11.8,12.2
5748,12.2,12.4
5749,12.2,12.8
5750,12.4,13.2
5751,12.8,13.2
5752,13.2,13.4
5753,13.2,13.8
5754,13.4,14.2
5755,13.8,14.2
5756,14.2,14.4
5757,14.2,14.8
5758,14.4,15.2
5759,14.8,15.2
5760,15.2,15.4
5761,15.2,15.8
5762,15.4,16.2
5763,15.8,16.2
5764,16.2,16.4
5765,16.2,16.8
5766,16.4,17.2
5767,16.8,17.2
5768,17.2,17.4
5769,17.2,17.8
5770,17.4,18.2
5771,17.8,18.2
5772,18.2,18.4
5773,18.2,18.8
5774,18.4,19.2
5775,18.8,19.2
5776,19.2,19.4
5777,19.2,19.8
5778,19.4,20.2
5779,19.8,20.2
5780,20.2,20.4
5781,20.2,20.8
5782,20.4,21.2
5783,20.8,21.2
5784,21.2,21.4
5785,21.2,21.8
5786,21.4,22.2
5787,21.8,22.2
5788,22.2,22.4
5789,22.2,22.8
5790,22.4,23.2
5791,22.8,23.2
5792,23.2,23.4
5793,23.2,23.8
5794,23.4,24.2
5795,23.8,24.2
5796,24.2,24.4
5797,24.2,24.8
5798,24.4,25.2
5799,24.8,25.2
5800,25.2,25.4
5801,25.2,25.8
5802,25.4,26.2
5803,25.8,26.2
5804,26.2,26.4
5805,26.2,26.8
5806,26.4,27.2
5807,26.8,27.2
5808,27.2,27.4
5809,27.2,27.8
5810,27.4,28.2
5811,27.8,28.2
5812,28.2,28.4
5813,28.2,28.8
5814,28.4,29.2
5815,28.8,29.2
5816,29.2,29.4
5817,29.2,29.8
5818,29.4,30.2
5819,29.8,30.2
5820,30.2,30.4
5821,30.2,30.8
5822,30.4,31.2
5823,30.8,31.2
5824,31.2,31.4
5825,31.2,31.8
5826,31.4,32.2
5827,31.8,32.2
5828,32.2,32.4
5829,32.2,32.8
5830,32.4,33.2
5831,32.8,33.2
5832,33.2,33.4
5833,33.2,33.8
5834,33.4,34.2
5835,33.8,34.2
5836,34.2,34.4
5837,34.2,34.8
5838,34.4,35.2
5839,34.8,35.2
5840,35.2,35.4
5841,35.2,35.8
5842,35.4,36.2
5843,35.8,36.2
5844,36.2,36.4
5845,36.2,36.8
5846,36.4,37.2
5847,36.8,37.2
5848,37.2,37.4
5849,37.2,37.8
5850,37.4,38.2
5851,37.8,38.2
5852,38.2,38.4
5853,38.2,38.8
5854,38.4,39.2
5855,38.8,39.2
5856,39.2,39.4
5857,39.2,39.8
5858,39.4,40.2
5859,39.8,40.2
5860,40.2,40.4
5861,40.2,40.8
5862,40.4,41.2
5863,40.8,41.2
5864,41.2,41.4
5865,41.2,41.8
5866,41.4,42.2
5867,41.8,42.2
5868,42.2,42.4
5869,42.2,42.8
5870,42.4,43.2
5871,42.8,43.2
5872,43.2,43.4
5873,43.2,43.8
5874,43.4,44.2
5875,43.8,44.2
5876,44.2,44.4
5877,44.2,44.8
5878,44.4,45.2
5879,44.8,45.2
5880,45.2,45.4
5881,45.2,45.8
5882,45.4,46.2
5883,45.8,46.2
5884,46.2,46.4
5885,46.2,46.8
5886,46.4,47.2
5887,46.8,47.2
5888,47.2,47.4
5889,47.2,47.8
5890,47.4,48.2
5891,47.8,48.2
5892,48.2,48.4
5903,0.8,1.2
5904,1.2,1.4
5905,1.2,1.8
5906,1.4,2.2
5907,1.8,2.2
5908,2.2,2.4
5909,2.2,2.8
5910,2.4,3.2
5911,2.8,3.2
5912,3.2,3.4
5913,3.2,3.8
5914,3.4,4.2
5915,3.8,4.2
5916,4.2,4.4
5917,4.2,4.8
5918,4.4,5.2
5919,4.8,5.2
5920,5.2,5.4
5921,5.2,5.8
5922,5.4,6.2
5923,5.8,6.2
5924,6.2,6.4
5925,6.2,6.8
5926,6.4,7.2
5927,6.8,7.2
5928,7.2,7.4
5929,7.2,7.8
5930,7.4,8.2
5931,7.8,8.2
5932,8.2,8.4
5933,8.2,8.8
5934,8.4,9.2
5935,8.8,9.2
5936,9.2,9.4
5937,9.2,9.8
5938,9.4,10.2
5939,9.8,10.2
5940,10.2,10.4
5941,10.2,10.8
5942,10.4,11.2
5943,10.8,11.2
5944,11.2,11.4
5945,11.2,11.8
5946,11.4,12.2
5947,11.8,12.2
5948,12.2,12.4
5949,12.2,12.8
5950,12.4,13.2
5951,12.8,13.2
5952,13.2,13.4
5953,13.2,13.8
5954,13.4,14.2
5955,13.8,14.2
5956,14.2,14.4
5957,14.2,14.8
5958,14.4,15.2
5959,14.8,15.2
5960,15.2,15.4
5961,15.2,15.8
5962,15.4,16.2
5963,15.8,16.2
5964,16.2,16.4
5965,16.2,16.8
5966,16.4,17.2
5967,16.8,17.2
5968,17.2,17.4
5969,17.2,17.8
5970,17.4,18.2
5971,17.8,18.2
5972,18.2,18.4
5973,18.2,18.8
5974,18.4,19.2
5975,18.8,19.2
5976,19.2,19.4
5977,19.2,19.8
5978,19.4,20.2
5979,19.8,20.2
5980,20.2,20.4
5981,20.2,20.8
5982,20.4,21.2
5983,20.8,21.2
5984,21.2,21.4
5985,21.2,21.8
5986,21.4,22.2
5987,21.8,22.2
5988,22.2,22.4
5989,22.2,22.8
5990,22.4,23.2
5991,22.8,23.2
5992,23.2,23.4
5993,23.2,23.8
5994,23.4,24.2
5995,23.8,24.2
5996,24.2,24.4
5997,24.2,24.8
5998,24.4,25.2
5999,24.8,25.2
6000,25.2,25.4
6001,25.2,25.8
6002,25.4,26.2
6003,25.8,26.2
6004,26.2,26.4
6005,26.2,26.8
6006,26.4,27.2
6007,26.8,27.2
6008,27.2,27.4
6009,27.2,27.8
6010,27.4,28.2
6011,27.8,28.2
6012,28.2,28.4
6013,28.2,28.8
6014,28.4,29.2
6015,28.8,29.2
6016,29.2,29.4
6017,29.2,29.8
6018,29.4,30.2
6019,29.8,30.2
6020,30.2,30.4
6021,30.2,30.8
6022,30.4,31.2
6023,30.8,31.2
6024,31.2,31.4
6025,31.2,31.8
6026,31.4,32.2
6027,31.8,32.2
6028,32.2,32.4
6029,32.2,32.8
6030,32.4,33.2
6031,32.8,33.2
6032,33.2,33.4
6033,33.2,33.8
6034,33.4,34.2
6035,33.8,34.2
6036,34.2,34.4
6037,34.2,34.8
6038,34.4,35.2
6039,34.8,35.2
6040,35.2,35.4
6041,35.2,35.8
6042,35.4,36.2
6043,35.8,36.2
6044,36.2,36.4
6045,36.2,36.8
6046,36.4,37.2
6047,36.8,37.2
6048,37.2,37.4
6049,37.2,37.8
6050,37.4,38.2
6051,37.8,38.2
6052,38.2,38.4
6053,38.2,38.8
6054,38.4,39.2
6055,38.8,39.2
6056,39.2,39.4
6057,39.2,39.8
6058,39.4,40.2
6059,39.8,40.2
6060,40.2,40.4
6061,40.2,40.8
6062,40.4,41.2
6063,40.8,41.2
6064,41.2,41.4
6065,41.2,41.8
6066,41.4,42.2
6067,41.8,42.2
6068,42.2,42.4
6069,42.2,42.8
6070,42.4,43.2
6071,42.8,43.2
6072,43.2,43.4
6073,43.2,43.8
6074,43.4,44.2
6075,43.8,44.2
6076,44.2,44.4
6077,44.2,44.8
6078,44.4,45.2
6079,44.8,45.2
6080,45.2,45.4
6081,45.2,45.8
6082,45.4,46.2
6083,45.8,46.2
6084,46.2,46.4
6085,46.2,46.8
6086,46.4,47.2
6087,46.8,47.2
6088,47.2,47.4
6089,47.2,47.8
6090,47.4,48.2
6091,47.8,48.2
6092,48.2,48.4
6103,0.8,1.2
6104,1.2,1.4
6105,1.2,1.8
6106,1.4,2.2
6107,1.8,2.2
6108,2.2,2.4
6109,2.2,2.8
6110,2.4,3.2
6111,2.8,3.2
6112,3.2,3.4
6113,3.2,3.8
6114,3.4,4.2
6115,3.8,4.2
6116,4.2,4.4
6117,4.2,4.8
6118,4.4,5.2
6119,4.8,5.2
6120,5.2,5.4
6121,5.2,5.8
6122,5.4,6.2
6123,5.8,6.2
6124,6.2,6.4
6125,6.2,6.8
6126,6.4,7.2
6127,6.8,7.2
6128,7.2,7.4
6129,7.2,7.8
6130,7.4,8.2
6131,7.8,8.2
6132,8.2,8.4
6133,8.2,8.8
6134,8.4,9.2
6135,8.8,9.2
6136,9.2,9.4
6137,9.2,9.8
6138,9.4,10.2
6139,9.8,10.2
6140,10.2,10.4
6141,10.2,10.8
6142,10.4,11.2
6143,10.8,11.2
6144,11.2,11.4
6145,11.2,11.8
6146,11.4,12.2
6147,11.8,12.2
6148,12.2,12.4
6149,12.2,12.8
6150,12.4,13.2
6151,12.8,13.2
6152,13.2,13.4
6153,13.2,13.8
6154,13.4,14.2
6155,13.8,14.2
6156,14.2,14.4
6157,14.2,14.8
6158,14.4,15.2
6159,14.8,15.2
6160,15.2,15.4
6161,15.2,15.8
6162,15.4,16.2
6163,15.8,16.2
6164,16.2,16.4
6165,16.2,16.8
6166,16.4,17.2
6167,16.8,17.2
6168,17.2,17.4
6169,17.2,17.8
6170,17.4,18.2
6171,17.8,18.2
6172,18.2,18.4
6173,18.2,18.8
6174,18.4,19.2
6175,18.8,19.2
6176,19.2,19.4
6177,19.2,19.8
6178,19.4,20.2
6179,19.8,20.2
6180,20.2,20.4
6181,20.2,20.8
6182,20.4,21.2
6183,20.8,21.2
6184,21.2,21.4
6185,21.2,21.8
6186,21.4,22.2
6187,21.8,22.2
6188,22.2,22.4
6189,22.2,22.8
6190,22.4,23.2
6191,22.8,23.2
6192,23.2,23.4
6193,23.2,23.8
6194,23.4,24.2
6195,23.8,24.2
6196,24.2,24.4
6197,24.2,24.8
6198,24.4,25.2
6199,24.8,25.2
6200,25.2,25.4
6201,25.2,25.8
6202,25.4,26.2
6203,25.8,26.2
6204,26.2,26.4
6205,26.2,26.8
6206,26.4,27.2
6207,26.8,27.2
6208,27.2,27.4
6209,27.2,27.8
6210,27.4,28.2
6211,27.8,28.2
6212,28.2,28.4
6213,28.2,28.8
6214,28.4,29.2
6215,28.8,29.2
6216,29.2,29.4
6217,29.2,29.8
6218,29.4,30.2
6219,29.8,30.2
6220,30.2,30.4
6221,30.2,30.8
6222,30.4,31.2
6223,30.8,31.2
6224,31.2,31.4
6225,31.2,31.8
6226,31.4,32.2
6227,31.8,32.2
6228,32.2,32.4
6229,32.2,32.8
6230,32.4,33.2
6231,32.8,33.2
6232,33.2,33.4
6233,33.2,33.8
6234,33.4,34.2
6235,33.8,34.2
6236,34.2,34.4
6237,34.2,34.8
6238,34.4,35.2
6239,34.8,35.2
6240,35.2,35.4
6241,35.2,35.8
6242,35.4,36.2
6243,35.8,36.2
6244,36.2,36.4
6245,36.2,36.8
6246,36.4,37.2
6247,36.8,37.2
6248,37.2,37.4
6249,37.2,37.8
6250,37.4,38.2
6251,37.8,38.2
6252,38.2,38.4
6253,38.2,38.8
6254,38.4,39.2
6255,38.8,39.2
6256,39.2,39.4
6257,39.2,39.8
6258,39.4,40.2
6259,39.8,40.2
6260,40.2,40.4
6261,40.2,40.8
6262,40.4,41.2
6263,40.8,41.2
6264,41.2,41.4
6265,41.2,41.8
6266,41.4,42.2
6267,41.8,42.2
6268,42.2,42.4
6269,42.2,42.8
6270,42.4,43.2
6271,42.8,43.2
6272,43.2,43.4
6273,43.2,43.8
6274,43.4,44.2
6275,43.8,44.2
6276,44.2,44.4
6277,44.2,44.8
6278,44.4,45.2
6279,44.8,45.2
6280,45.2,45.4
6281,45.2,45.8
6282,45.4,46.2
6283,45.8,46.2
6284,46.2,46.4
6285,46.2,46.8
6286,46.4,47.2
6287,46.8,47.2
6288,47.2,47.4
6289,47.2,47.8
6290,47.4,48.2
6291,47.8,48.2
6292,48.2,48.4
6303,0.8,1.2
6304,1.2,1.4
6305,1.2,1.8
6306,1.4,2.2
6307,1.8,2.2
6308,2.2,2.4
6309,2.2,2.8
6310,2.4,3.2
6311,2.8,3.2
6312,3.2,3.4
6313,3.2,3.8
6314,3.4,4.2
6315,3.8,4.2
6316,4.2,4.4
6317,4.2,4.8
6318,4.4,5.2
6319,4.8,5.2
6320,5.2,5.4
6321,5.2,5.8
6322,5.4,6.2
6323,5.8,6.2
6324,6.2,6.4
6325,6.2,6.8
6326,6.4,7.2
6327,6.8,7.2
6328,7.2,7.4
6329,7.2,7.8
6330,7.4,8.2
6331,7.8,8.2
6332,8.2,8.4
6333,8.2,8.8
6334,8.4,9.2
6335,8.8,9.2
6336,9.2,9.4
6337,9.2,9.8
6338,9.4,10.2
6339,9.8,10.2
6340,10.2,10.4
6341,10.2,10.8
6342,10.4,11.2
6343,10.8,11.2
6344,11.2,11.4
6345,11.2,11.8
6346,11.4,12.2
6347,11.8,12.2
6348,12.2,12.4
6349,12.2,12.8
6350,12.4,13.2
6351,12.8,13.2
6352,13.2,13.4
6353,13.2,13.8
6354,13.4,14.2
6355,13.8,14.2
6356,14.2,14.4
6357,14.2,14.8
6358,14.4,15.2
6359,14.8,15.2
6360,15.2,15.4
6361,15.2,15.8
6362,15.4,16.2
6363,15.8,16.2
6364,16.2,16.4
6365,16.2,16.8
6366,16.4,17.2
6367,16.8,17.2
6368,17.2,17.4
6369,17.2,17.8
6370,17.4,18.2
6371,17.8,18.2
6372,18.2,18.4
6373,18.2,18.8
6374,18.4,19.2
6375,18.8,19.2
6376,19.2,19.4
6377,19.2,19.8
6378,19.4,20.2
6379,19.8,20.2
6380,20.2,20.4
6381,20.2,20.8
6382,20.4,21.2
6383,20.8,21.2
6384,21.2,21.4
6385,21.2,21.8
6386,21.4,22.2
6387,21.8,22.2
6388,22.2,22.4
6389,22.2,22.8
6390,22.4,23.2
6391,22.8,23.2
6392,23.2,23.4
6393,23.2,23.8
6394,23.4,24.2
6395,23.8,24.2
6396,24.2,24.4
6397,24.2,24.8
6398,24.4,25.2
6399,24.8,25.2
6400,25.2,25.4
6401,25.2,25.8
6402,25.4,26.2
6403,25.8,26.2
6404,26.2,26.4
6405,26.2,26.8
6406,26.4,27.2
6407,26.8,27.2
6408,27.2,27.4
6409,27.2,27.8
6410,27.4,28.2
6411,27.8,28.2
6412,28.2,28.4
6413,28.2,28.8
6414,28.4,29.2
6415,28.8,29.2
6416,29.2,29.4
6417,29.2,29.8
6418,29.4,30.2
6419,29.8,30.2
6420,30.2,30.4
6421,30.2,30.8
6422,30.4,31.2
6423,30.8,31.2
6424,31.2,31.4
6425,31.2,31.8
6426,31.4,32.2
6427,31.8,32.2
6428,32.2,32.4
6429,32.2,32.8
6430,32.4,33.2
6431,32.8,33.2
6432,33.2,33.4
6433,33.2,33.8
6434,33.4,34.2
6435,33.8,34.2
6436,34.2,34.4
6437,34.2,34.8
6438,34.4,35.2
6439,34.8,35.2
6440,35.2,35.4
6441,35.2,35.8
6442,35.4,36.2
6443,35.8,36.2
6444,36.2,36.4
6445,36.2,36.8
6446,36.4,37.2
6447,36.8,37.2
6448,37.2,37.4
6449,37.2,37.8
6450,37.4,38.2
6451,37.8,38.2
6452,38.2,38.4
6453,38.2,38.8
6454,38.4,39.2
6455,38.8,39.2
6456,39.2,39.4
6457,39.2,39.8
6458,39.4,40.2
6459,39.8,40.2
6460,40.2,40.4
6461,40.2,40.8
6462,40.4,41.2
6463,40.8,41.2
6464,41.2,41.4
6465,41.2,41.8
6466,41.4,42.2
6467,41.8,42.2
6468,42.2,42.4
6469,42.2,42.8
6470,42.4,43.2
6471,42.8,43.2
6472,43.2,43.4
6473,43.2,43.8
6474,43.4,44.2
6475,43.8,44.2
6476,44.2,44.4
6477,44.2,44.8
6478,44.4,45.2
6479,44.8,45.2
6480,45.2,45.4
6481,45.2,45.8
6482,45.4,46.2
6483,45.8,46.2
6484,46.2,46.4
6485,46.2,46.8
6486,46.4,47.2
6487,46.8,47.2
6488,47.2,47.4
6489,47.2,47.8
6490,47.4,48.2
6491,47.8,48.2
6492,48.2,48.4
6503,0.8,1.2
6504,1.2,1.4
6505,1.2,1.8
6506,1.4,2.2
6507,1.8,2.2
6508,2.2,2.4
6509,2.2,2.8
6510,2.4,3.2
6511,2.8,3.2
6512,3.2,3.4
6513,3.2,3.8
6514,3.4,4.2
6515,3.8,4.2
6516,4.2,4.4
6517,4.2,4.8
6518,4.4,5.2
6519,4.8,5.2
6520,5.2,5.4
6521,5.2,5.8
6522,5.4,6.2
6523,5.8,6.2
6524,6.2,6.4
6525,6.2,6.8
6526,6.4,7.2
6527,6.8,7.2
6528,7.2,7.4
6529,7.2,7.8
6530,7.4,8.2
6531,7.8,8.2
6532,8.2,8.4
6533,8.2,8.8
6534,8.4,9.2
6535,8.8,9.2
6536,9.2,9.4
6537,9.2,9.8
6538,9.4,10.2
6539,9.8,10.2
6540,10.2,10.4
6541,10.2,10.8
6542,10.4,11.2
6543,10.8,11.2
6544,11.2,11.4
6545,11.2,11.8
6546,11.4,12.2
6547,11.8,12.2
6548,12.2,12.4
6549,12.2,12.8
6550,12.4,13.2
6551,12.8,13.2
6552,13.2,13.4
6553,13.2,13.8
6554,13.4,14.2
6555,13.8,14.2
6556,14.2,14.4
6557,14.2,14.8
6558,14.4,15.2
6559,14.8,15.2
6560,15.2,15.4
6561,15.2,15.8
6562,15.4,16.2
6563,15.8,16.2
6564,16.2,16.4
6565,16.2,16.8
6566,16.4,17.2
6567,16.8,17.2
6568,17.2,17.4
6569,17.2,17.8
6570,17.4,18.2
6571,17.8,18.2
6572,18.2,18.4
6573,18.2,18.8
6574,18.4,19.2
6575,18.8,19.2
6576,19.2,19.4
6577,19.2,19.8
6578,19.4,20.2
6579,19.8,20.2
6580,20.2,20.4
6581,20.2,20.8
6582,20.4,21.2
6583,20.8,21.2
6584,21.2,21.4
6585,21.2,21.8
6586,21.4,22.2
6587,21.8,22.2
6588,22.2,22.4
6589,22.2,22.8
6590,22.4,23.2
6591,22.8,23.2
6592,23.2,23.4
6593,23.2,23.8
6594,23.4,24.2
6595,23.8,24.2
6596,24.2,24.4
6597,24.2,24.8
6598,24.4,25.2
6599,24.8,25.2
6600,25.2,25.4
6601,25.2,25.8
6602,25.4,26.2
6603,25.8,26.2
6604,26.2,26.4
6605,26.2,26.8
6606,26.4,27.2
6607,26.8,27.2
6608,27.2,27.4
6609,27.2,27.8
6610,27.4,28.2
6611,27.8,28.2
6612,28.2,28.4
6613,28.2,28.8
6614,28.4,29.2
6615,28.8,29.2
6616,29.2,29.4
6617,29.2,29.8
6618,29.4,30.2
6619,29.8,30.2
6620,30.2,30.4
6621,30.2,30.8
6622,30.4,31.2
6623,30.8,31.2
6624,31.2,31.4
6625,31.2,31.8
6626,31.4,32.2
6627,31.8,32.2
6628,32.2,32.4
6629,32.2,32.8
6630,32.4,33.2
6631,32.8,33.2
6632,33.2,33.4
6633,33.2,33.8
6634,33.4,34.2
6635,33.8,34.2
6636,34.2,34.4
6637,34.2,34.8
6638,34.4,35.2
6639,34.8,35.2
6640,35.2,35.4
6641,35.2,35.8
6642,35.4,36.2
6643,35.8,36.2
6644,36.2,36.4
6645,36.2,36.8
6646,36.4,37.2
6647,36.8,37.2
6648,37.2,37.4
6649,37.2,37.8
6650,37.4,38.2
6651,37.8,38.2
6652,38.2,38.4
6653,38.2,38.8
6654,38.4,39.2
6655,38.8,39.2
6656,39.2,39.4
6657,39.2,39.8
6658,39.4,40.2
6659,39.8,40.2
6660,40.2,40.4
6661,40.2,40.8
6662,40.4,41.2
6663,40.8,41.2
6664,41.2,41.4
6665,41.2,41.8
6666,41.4,42.2
6667,41.8,42.2
6668,42.2,42.4
6669,42.2,42.8
6670,42.4,43.2
6671,42.8,43.2
6672,43.2,43.4
6673,43.2,43.8
6674,43.4,44.2
6675,43.8,44.2
6676,44.2,44.4
6677,44.2,44.8
6678,44.4,45.2
6679,44.8,45.2
6680,45.2,45.4
6681,45.2,45.8
6682,45.4,46.2
6683,45.8,46.2
6684,46.2,46.4
6685,46.2,46.8
6686,46.4,47.2
6687,46.8,47.2
6688,47.2,47.4
6689,47.2,47.8
6690,47.4,48.2
6691,47.8,48.2
6692,48.2,48.4
6703,0.8,1.2
6704,1.2,1.4
6705,1.2,1.8
6706,1.4,2.2
6707,1.8,2.2
6708,2.2,2.4
6709,2.2,2.8
6710,2.4,3.2
6711,2.8,3.2
6712,3.2,3.4
6713,3.2,3.8
6714,3.4,4.2
6715,3.8,4.2
6716,4.2,4.4
6717,4.2,4.8
6718,4.4,5.2
6719,4.8,5.2
6720,5.2,5.4
6721,5.2,5.8
6722,5.4,6.2
6723,5.8,6.2
6724,6.2,6.4
6725,6.2,6.8
6726,6.4,7.2
6727,6.8,7.2
6728,7.2,7.4
6729,7.2,7.8
6730,7.4,8.2
6731,7.8,8.2
6732,8.2,8.4
6733,8.2,8.8
6734,8.4,9.2
6735,8.8,9.2
6736,9.2,9.4
6737,9.2,9.8
6738,9.4,10.2
6739,9.8,10.2
6740,10.2,10.4
6741,10.2,10.8
6742,10.4,11.2
6743,10.8,11.2
6744,11.2,11.4
6745,11.2,11.8
6746,11.4,12.2
6747,11.8,12.2
6748,12.2,12.4
6749,12.2,12.8
6750,12.4,13.2
6751,12.8,13.2
6752,13.2,13.4
6753,13.2,13.8
6754,13.4,14.2
6755,13.8,14.2
6756,14.2,14.4
6757,14.2,14.8
6758,14.4,15.2
6759,14.8,15.2
6760,15.2,15.4
6761,15.2,15.8
6762,15.4,16.2
6763,15.8,16.2
6764,16.2,16.4
6765,16.2,16.8
6766,16.4,17.2
6767,16.8,17.2
6768,17.2,17.4
6769,17.2,17.8
6770,17.4,18.2
6771,17.8,18.2
6772,18.2,18.4
6773,18.2,18.8
6774,18.4,19.2
6775,18.8,19.2
6776,19.2,19.4
6777,19.2,19.8
6778,19.4,20.2
6779,19.8,20.2
6780,20.2,20.4
6781,20.2,20.8
6782,20.4,21.2
6783,20.8,21.2
6784,21.2,21.4
6785,21.2,21.8
6786,21.4,22.2
6787,21.8,22.2
6788,22.2,22.4
6789,22.2,22.8
6790,22.4,23.2
6791,22.8,23.2
6792,23.2,23.4
6793,23.2,23.8
6794,23.4,24.2
6795,23.8,24.2
6796,24.2,24.4
6797,24.2,24.8
6798,24.4,25.2
6799,24.8,25.2
6800,25.2,25.4
6801,25.2,25.8
6802,25.4,26.2
6803,25.8,26.2
6804,26.2,26.4
6805,26.2,26.8
6806,26.4,27.2
6807,26.8,27.2
6808,27.2,27.4
6809,27.2,27.8
6810,27.4,28.2
6811,27.8,28.2
6812,28.2,28.4
6813,28.2,28.8
6814,28.4,29.2
6815,28.8,29.2
6816,29.2,29.4
6817,29.2,29.8
6818,29.4,30.2
6819,29.8,30.2
6820,30.2,30.4
6821,30.2,30.8
6822,30.4,31.2
6823,30.8,31.2
6824,31.2,31.4
6825,31.2,31.8
6826,31.4,32.2
6827,31.8,32.2
6828,32.2,32.4
6829,32.2,32.8
6830,32.4,33.2
6831,32.8,33.2
6832,33.2,33.4
6833,33.2,33.8
6834,33.4,34.2
6835,33.8,34.2
6836,34.2,34.4
6837,34.2,34.8
6838,34.4,35.2
6839,34.8,35.2
6840,35.2,35.4
6841,35.2,35.8
6842,35.4,36.2
6843,35.8,36.2
6844,36.2,36.4
6845,36.2,36.8
6846,36.4,37.2
6847,36.8,37.2
6848,37.2,37.4
6849,37.2,37.8
6850,37.4,38.2
6851,37.8,38.2
6852,38.2,38.4
6853,38.2,38.8
6854,38.4,39.2
6855,38.8,39.2
6856,39.2,39.4
6857,39.2,39.8
6858,39.4,40.2
6859,39.8,40.2
6860,40.2,40.4
6861,40.2,40.8
6862,40.4,41.2
6863,40.8,41.2
6864,41.2,41.4
6865,41.2,41.8
6866,41.4,42.2
6867,41.8,42.2
6868,42.2,42.4
6869,42.2,42.8
6870,42.4,43.2
6871,42.8,43.2
6872,43.2,43.4
6873,43.2,43.8
6874,43.4,44.2
6875,43.8,44.2
6876,44.2,44.4
6877,44.2,44.8
6878,44.4,45.2
6879,44.8,45.2
6880,45.2,45.4
6881,45.2,45.8
6882,45.4,46.2
6883,45.8,46.2
6884,46.2,46.4
6885,46.2,46.8
6886,46.4,47.2
6887,46.8,47.2
6888,47.2,47.4
6889,47.2,47.8
6890,47.4,48.2
6891,47.8,48.2
6892,48.2,48.4
6903,0.8,1.2
6904,1.2,1.4
6905,1.2,1.8
6906,1.4,2.2
6907,1.8,2.2
6908,2.2,2.4
6909,2.2,2.8
6910,2.4,3.2
6911,2.8,3.2
6912,3.2,3.4
6913,3.2,3.8
6914,3.4,4.2
6915,3.8,4.2
6916,4.2,4.4
6917,4.2,4.8
6918,4.4,5.2
6919,4.8,5.2
6920,5.2,5.4
6921,5.2,5.8
6922,5.4,6.2
6923,5.8,6.2
6924,6.2,6.4
6925,6.2,6.8
6926,6.4,7.2
6927,6.8,7.2
6928,7.2,7.4
6929,7.2,7.8
6930,7.4,8.2
6931,7.8,8.2
6932,8.2,8.4
6933,8.2,8.8
6934,8.4,9.2
6935,8.8,9.2
6936,9.2,9.4
6937,9.2,9.8
6938,9.4,10.2
6939,9.8,10.2
6940,10.2,10.4
6941,10.2,10.8
6942,10.4,11.2
6943,10.8,11.2
6944,11.2,11.4
6945,11.2,11.8
6946,11.4,12.2
6947,11.8,12.2
6948,12.2,12.4
6949,12.2,12.8
6950,12.4,13.2
6951,12.8,13.2
6952,13.2,13.4
6953,13.2,13.8
6954,13.4,14.2
6955,13.8,14.2
6956,14.2,14.4
6957,14.2,14.8
6958,14.4,15.2
6959,14.8,15.2
6960,15.2,15.4
6961,15.2,15.8
6962,15.4,16.2
6963,15.8,16.2
6964,16.2,16.4
6965,16.2,16.8
6966,16.4,17.2
6967,16.8,17.2
6968,17.2,17.4
6969,17.2,17.8
6970,17.4,18.2
6971,17.8,18.2
6972,18.2,18.4
6973,18.2,18.8
6974,18.4,19.2
6975,18.8,19.2
6976,19.2,19.4
6977,19.2,19.8
6978,19.4,20.2
6979,19.8,20.2
6980,20.2,20.4
6981,20.2,20.8
6982,20.4,21.2
6983,20.8,21.2
6984,21.2,21.4
6985,21.2,21.8
6986,21.4,22.2
6987,21.8,22.2
6988,22.2,22.4
6989,22.2,22.8
6990,22.4,23.2
6991,22.8,23.2
6992,23.2,23.4
6993,23.2,23.8
6994,23.4,24.2
6995,23.8,24.2
6996,24.2,24.4
6997,24.2,24.8
6998,24.4,25.2
6999,24.8,25.2
7000,25.2,25.4
7001,25.2,25.8
7002,25.4,26.2
7003,25.8,26.2
7004,26.2,26.4
7005,26.2,26.8
7006,26.4,27.2
7007,26.8,27.2
7008,27.2,27.4
7009,27.2,27.8
7010,27.4,28.2
7011,27.8,28.2
7012,28.2,28.4
7013,28.2,28.8
7014,28.4,29.2
7015,28.8,29.2
7016,29.2,29.4
7017,29.2,29.8
7018,29.4,30.2
7019,29.8,30.2
7020,30.2,30.4
7021,30.2,30.8
7022,30.4,31.2
7023,30.8,31.2
7024,31.2,31.4
7025,31.2,31.8
7026,31.4,32.2
7027,31.8,32.2
7028,32.2,32.4
7029,32.2,32.8
7030,32.4,33.2
7031,32.8,33.2
7032,33.2,33.4
7033,33.2,33.8
7034,33.4,34.2
7035,33.8,34.2
7036,34.2,34.4
7037,34.2,34.8
7038,34.4,35.2
7039,34.8,35.2
7040,35.2,35.4
7041,35.2,35.8
7042,35.4,36.2
7043,35.8,36.2
7044,36.2,36.4
7045,36.2,36.8
7046,36.4,37.2
7047,36.8,37.2
7048,37.2,37.4
7049,37.2,37.8
7050,37.4,38.2
7051,37.8,38.2
7052,38.2,38.4
7053,38.2,38.8
7054,38.4,39.2
7055,38.8,39.2
7056,39.2,39.4
7057,39.2,39.8
7058,39.4,40.2
7059,39.8,40.2
7060,40.2,40.4
7061,40.2,40.8
7062,40.4,41.2
7063,40.8,41.2
7064,41.2,41.4
7065,41.2,41.8
7066,41.4,42.2
7067,41.8,42.2
7068,42.2,42.4
7069,42.2,42.8
7070,42.4,43.2
7071,42.8,43.2
7072,43.2,43.4
7073,43.2,43.8
7074,43.4,44.2
7075,43.8,44.2
7076,44.2,44.4
7077,44.2,44.8
7078,44.4,45.2
7079,44.8,45.2
7080,45.2,45.4
7081,45.2,45.8
7082,45.4,46.2
7083,45.8,46.2
7084,46.2,46.4
7085,46.2,46.8
7086,46.4,47.2
7087,46.8,47.2
7088,47.2,47.4
7089,47.2,47.8
7090,47.4,48.2
7091,47.8,48.2
7092,48.2,48.4
7103,0.8,1.2
7104,1.2,1.4
7105,1.2,1.8
7106,1.4,2.2
7107,1.8,2.2
7108,2.2,2.4
7109,2.2,2.8
7110,2.4,3.2
7111,2.8,3.2
7112,3.2,3.4
7113,3.2,3.8
7114,3.4,4.2
7115,3.8,4.2
7116,4.2,4.4
7117,4.2,4.8
7118,4.4,5.2
7119,4.8,5.2
7120,5.2,5.4
7121,5.2,5.8
7122,5.4,6.2
7123,5.8,6.2
7124,6.2,6.4
7125,6.2,6.8
7126,6.4,7.2
7127,6.8,7.2
7128,7.2,7.4
7129,7.2,7.8
7130,7.4,8.2
7131,7.8,8.2
7132,8.2,8.4
7133,8.2,8.8
7134,8.4,9.2
7135,8.8,9.2
7136,9.2,9.4
7137,9.2,9.8
7138,9.4,10.2
7139,9.8,10.2
7140,10.2,10.4
7141,10.2,10.8
7142,10.4,11.2
7143,10.8,11.2
7144,11.2,11.4
7145,11.2,11.8
7146,11.4,12.2
7147,11.8,12.2
7148,12.2,12.4
7149,12.2,12.8
7150,12.4,13.2
7151,12.8,13.2
7152,13.2,13.4
7153,13.2,13.8
7154,13.4,14.2
7155,13.8,14.2
7156,14.2,14.4
7157,14.2,14.8
7158,14.4,15.2
7159,14.8,15.2
7160,15.2,15.4
7161,15.2,15.8
7162,15.4,16.2
7163,15.8,16.2
7164,16.2,16.4
7165,16.2,16.8
7166,16.4,17.2
7167,16.8,17.2
7168,17.2,17.4
7169,17.2,17.8
7170,17.4,18.2
7171,17.8,18.2
7172,18.2,18.4
7173,18.2,18.8
7174,18.4,19.2
7175,18.8,19.2
7176,19.2,19.4
7177,19.2,19.8
7178,19.4,20.2
7179,19.8,20.2
7180,20.2,20.4
7181,20.2,20.8
7182,20.4,21.2
7183,20.8,21.2
7184,21.2,21.4
7185,21.2,21.8
7186,21.4,22.2
7187,21.8,22.2
7188,22.2,22.4
7189,22.2,22.8
7190,22.4,23.2
7191,22.8,23.2
7192,23.2,23.4
7193,23.2,23.8
7194,23.4,24.2
7195,23.8,24.2
7196,24.2,24.4
7197,24.2,24.8
7198,24.4,25.2
7199,24.8,25.2
7200,25.2,25.4
7201,25.2,25.8
7202,25.4,26.2
7203,25.8,26.2
7204,26.2,26.4
7205,26.2,26.8
7206,26.4,27.2
7207,26.8,27.2
7208,27.2,27.4
7209,27.2,27.8
7210,27.4,28.2
7211,27.8,28.2
7212,28.2,28.4
7213,28.2,28.8
7214,28.4,29.2
7215,28.8,29.2
7216,29.2,29.4
7217,29.2,29.8
7218,29.4,30.2
7219,29.8,30.2
7220,30.2,30.4
7221,30.2,30.8
7222,30.4,31.2
7223,30.8,31.2
7224,31.2,31.4
7225,31.2,31.8
7226,31.4,32.2
7227,31.8,32.2
7228,32.2,32.4
7229,32.2,32.8
7230,32.4,33.2
7231,32.8,33.2
7232,33.2,33.4
7233,33.2,33.8
7234,33.4,34.2
7235,33.8,34.2
7236,34.2,34.4
7237,34.2,34.8
7238,34.4,35.2
7239,34.8,35.2
7240,35.2,35.4
7241,35.2,35.8
7242,35.4,36.2
7243,35.8,36.2
7244,36.2,36.4
7245,36.2,36.8
7246,36.4,37.2
7247,36.8,37.2
7248,37.2,37.4
7249,37.2,37.8
7250,37.4,38.2
7251,37.8,38.2
7252,38.2,38.4
7253,38.2,38.8
7254,38.4,39.2
7255,38.8,39.2
7256,39.2,39.4
7257,39.2,39.8
7258,39.4,40.2
7259,39.8,40.2
7260,40.2,40.4
7261,40.2,40.8
7262,40.4,41.2
7263,40.8,41.2
7264,41.2,41.4
7265,41.2,41.8
7266,41.4,42.2
7267,41.8,42.2
7268,42.2,42.4
7269,42.2,42.8
7270,42.4,43.2
7271,42.8,43.2
7272,43.2,43.4
7273,43.2,43.8
7274,43.4,44.2
7275,43.8,44.2
7276,44.2,44.4
7277,44.2,44.8
7278,44.4,45.2
7279,44.8,45.2
7280,45.2,45.4
7281,45.2,45.8
7282,45.4,46.2
7283,45.8,46.2
7284,46.2,46.4
7285,46.2,46.8
7286,46.4,47.2
7287,46.8,47.2
7288,47.2,47.4
7289,47.2,47.8
7290,47.4,48.2
7291,47.8,48.2
7292,48.2,48.4
7303,0.8,1.2
7304,1.2,1.4
7305,1.2,1.8
7306,1.4,2.2
7307,1.8,2.2
7308,2.2,2.4
7309,2.2,2.8
7310,2.4,3.2
7311,2.8,3.2
7312,3.2,3.4
7313,3.2,3.8
7314,3.4,4.2
7315,3.8,4.2
7316,4.2,4.4
7317,4.2,4.8
7318,4.4,5.2
7319,4.8,5.2
7320,5.2,5.4
7321,5.2,5.8
7322,5.4,6.2
7323,5.8,6.2
7324,6.2,6.4
7325,6.2,6.8
7326,6.4,7.2
7327,6.8,7.2
7328,7.2,7.4
7329,7.2,7.8
7330,7.4,8.2
7331,7.8,8.2
7332,8.2,8.4
7333,8.2,8.8
7334,8.4,9.2
7335,8.8,9.2
7336,9.2,9.4
7337,9.2,9.8
7338,9.4,10.2
7339,9.8,10.2
7340,10.2,10.4
7341,10.2,10.8
7342,10.4,11.2
7343,10.8,11.2
7344,11.2,11.4
7345,11.2,11.8
7346,11.4,12.2
7347,11.8,12.2
7348,12.2,12.4
7349,12.2,12.8
7350,12.4,13.2
7351,12.8,13.2
7352,13.2,13.4
7353,13.2,13.8
7354,13.4,14.2
7355,13.8,14.2
7356,14.2,14.4
7357,14.2,14.8
7358,14.4,15.2
7359,14.8,15.2
7360,15.2,15.4
7361,15.2,15.8
7362,15.4,16.2
7363,15.8,16.2
7364,16.2,16.4
7365,16.2,16.8
7366,16.4,17.2
7367,16.8,17.2
7368,17.2,17.4
7369,17.2,17.8
7370,17.4,18.2
7371,17.8,18.2
7372,18.2,18.4
7373,18.2,18.8
7374,18.4,19.2
7375,18.8,19.2
7376,19.2,19.4
7377,19.2,19.8
7378,19.4,20.2
7379,19.8,20.2
7380,20.2,20.4
7381,20.2,20.8
7382,20.4,21.2
7383,20.8,21.2
7384,21.2,21.4
7385,21.2,21.8
7386,21.4,22.2
7387,21.8,22.2
7388,22.2,22.4
7389,22.2,22.8
7390,22.4,23.2
7391,22.8,23.2
7392,23.2,23.4
7393,23.2,23.8
7394,23.4,24.2
7395,23.8,24.2
7396,24.2,24.4
7397,24.2,24.8
7398,24.4,25.2
7399,24.8,25.2
7400,25.2,25.4
7401,25.2,25.8
7402,25.4,26.2
7403,25.8,26.2
7404,26.2,26.4
7405,26.2,26.8
7406,26.4,27.2
7407,26.8,27.2
7408,27.2,27.4
7409,27.2,27.8
7410,27.4,28.2
7411,27.8,28.2
7412,28.2,28.4
7413,28.2,28.8
7414,28.4,29.2
7415,28.8,29.2
7416,29.2,29.4
7417,29.2,29.8
7418,29.4,30.2
7419,29.8,30.2
7420,30.2,30.4
7421,30.2,30.8
7422,30.4,31.2
7423,30.8,31.2
7424,31.2,31.4
7425,31.2,31.8
7426,31.4,32.2
7427,31.8,32.2
7428,32.2,32.4
7429,32.2,32.8
7430,32.4,33.2
7431,32.8,33.2
7432,33.2,33.4
7433,33.2,33.8
7434,33.4,34.2
7435,33.8,34.2
7436,34.2,34.4
7437,34.2,34.8
7438,34.4,35.2
7439,34.8,35.2
7440,35.2,35.4
7441,35.2,35.8
7442,35.4,36.2
7443,35.8,36.2
7444,36.2,36.4
7445,36.2,36.8
7446,36.4,37.2
7447,36.8,37.2
7448,37.2,37.4
7449,37.2,37.8
7450,37.4,38.2
7451,37.8,38.2
7452,38.2,38.4
7453,38.2,38.8
7454,38.4,39.2
7455,38.8,39.2
7456,39.2,39.4
7457,39.2,39.8
7458,39.4,40.2
7459,39.8,40.2
7460,40.2,40.4
7461,40.2,40.8
7462,40.4,41.2
7463,40.8,41.2
7464,41.2,41.4
7465,41.2,41.8
7466,41.4,42.2
7467,41.8,42.2
7468,42.2,42.4
7469,42.2,42.8
7470,42.4,43.2
7471,42.8,43.2
7472,43.2,43.4
7473,43.2,43.8
7474,43.4,44.2
7475,43.8,44.2
7476,44.2,44.4
7477,44.2,44.8
7478,44.4,45.2
7479,44.8,45.2
7480,45.2,45.4
7481,45.2,45.8
7482,45.4,46.2
7483,45.8,46.2
7484,46.2,46.4
7485,46.2,46.8
7486,46.4,47.2
7487,46.8,47.2
7488,47.2,47.4
7489,47.2,47.8
7490,47.4,48.2
7491,47.8,48.2
7492,48.2,48.4
7503,0.8,1.2
7504,1.2,1.4
7505,1.2,1.8
7506,1.4,2.2
7507,1.8,2.2
7508,2.2,2.4
7509,2.2,2.8
7510,2.4,3.2
7511,2.8,3.2
7512,3.2,3.4
7513,3.2,3.8
7514,3.4,4.2
7515,3.8,4.2
7516,4.2,4.4
7517,4.2,4.8
7518,4.4,5.2
7519,4.8,5.2
7520,5.2,5.4
7521,5.2,5.8
7522,5.4,6.2
7523,5.8,6.2
7524,6.2,6.4
7525,6.2,6.8
7526,6.4,7.2
7527,6.8,7.2
7528,7.2,7.4
7529,7.2,7.8
7530,7.4,8.2
7531,7.8,8.2
7532,8.2,8.4
7533,8.2,8.8
7534,8.4,9.2
7535,8.8,9.2
7536,9.2,9.4
7537,9.2,9.8
7538,9.4,10.2
7539,9.8,10.2
7540,10.2,10.4
7541,10.2,10.8
7542,10.4,11.2
7543,10.8,11.2
7544,11.2,11.4
7545,11.2,11.8
7546,11.4,12.2
7547,11.8,12.2
7548,12.2,12.4
7549,12.2,12.8
7550,12.4,13.2
7551,12.8,13.2
7552,13.2,13.4
7553,13.2,13.8
7554,13.4,14.2
7555,13.8,14.2
7556,14.2,14.4
7557,14.2,14.8
7558,14.4,15.2
7559,14.8,15.2
7560,15.2,15.4
7561,15.2,15.8
7562,15.4,16.2
7563,15.8,16.2
7564,16.2,16.4
7565,16.2,16.8
7566,16.4,17.2
7567,16.8,17.2
7568,17.2,17.4
7569,17.2,17.8
7570,17.4,18.2
7571,17.8,18.2
7572,18.2,18.4
7573,18.2,18.8
7574,18.4,19.2
7575,18.8,19.2
7576,19.2,19.4
7577,19.2,19.8
7578,19.4,20.2
7579,19.8,20.2
7580,20.2,20.4
7581,20.2,20.8
7582,20.4,21.2
7583,20.8,21.2
7584,21.2,21.4
7585,21.2,21.8
7586,21.4,22.2
7587,21.8,22.2
7588,22.2,22.4
7589,22.2,22.8
7590,22.4,23.2
7591,22.8,23.2
7592,23.2,23.4
7593,23.2,23.8
7594,23.4,24.2
7595,23.8,24.2
7596,24.2,24.4
7597,24.2,24.8
7598,24.4,25.2
7599,24.8,25.2
7600,25.2,25.4
7601,25.2,25.8
7602,25.4,26.2
7603,25.8,26.2
7604,26.2,26.4
7605,26.2,26.8
7606,26.4,27.2
7607,26.8,27.2
7608,27.2,27.4
7609,27.2,27.8
7610,27.4,28.2
7611,27.8,28.2
7612,28.2,28.4
7613,28.2,28.8
7614,28.4,29.2
7615,28.8,29.2
7616,29.2,29.4
7617,29.2,29.8
7618,29.4,30.2
7619,29.8,30.2
7620,30.2,30.4
7621,30.2,30.8
7622,30.4,31.2
7623,30.8,31.2
7624,31.2,31.4
7625,31.2,31.8
7626,31.4,32.2
7627,31.8,32.2
7628,32.2,32.4
7629,32.2,32.8
7630,32.4,33.2
7631,32.8,33.2
7632,33.2,33.4
7633,33.2,33.8
7634,33.4,34.2
7635,33.8,34.2
7636,34.2,34.4
7637,34.2,34.8
7638,34.4,35.2
7639,34.8,35.2
7640,35.2,35.4
7641,35.2,35.8
7642,35.4,36.2
7643,35.8,36.2
7644,36.2,36.4
7645,36.2,36.8
7646,36.4,37.2
7647,36.8,37.2
7648,37.2,37.4
7649,37.2,37.8
7650,37.4,38.2
7651,37.8,38.2
7652,38.2,38.4
7653,38.2,38.8
7654,38.4,39.2
7655,38.8,39.2
7656,39.2,39.4
7657,39.2,39.8
7658,39.4,40.2
7659,39.8,40.2
7660,40.2,40.4
7661,40.2,40.8
7662,40.4,41.2
7663,40.8,41.2
7664,41.2,41.4
7665,41.2,41.8
7666,41.4,42.2
7667,41.8,42.2
7668,42.2,42.4
7669,42.2,42.8
7670,42.4,43.2
7671,42.8,43.2
7672,43.2,43.4
7673,43.2,43.8
7674,43.4,44.2
7675,43.8,44.2
7676,44.2,44.4
7677,44.2,44.8
7678,44.4,45.2
7679,44.8,45.2
7680,45.2,45.4
7681,45.2,45.8
7682,45.4,46.2
7683,45.8,46.2
7684,46.2,46.4
7685,46.2,46.8
7686,46.4,47.2
7687,46.8,47.2
7688,47.2,47.4
7689,47.2,47.8
7690,47.4,48.2
7691,47.8,48.2
7692,48.2,48.4
7703,0.8,1.2
7704,1.2,1.4
7705,1.2,1.8
7706,1.4,2.2
7707,1.8,2.2
7708,2.2,2.4
7709,2.2,2.8
7710,2.4,3.2
7711,2.8,3.2
7712,3.2,3.4
7713,3.2,3.8
7714,3.4,4.2
7715,3.8,4.2
7716,4.2,4.4
7717,4.2,4.8
7718,4.4,5.2
7719,4.8,5.2
7720,5.2,5.4
7721,5.2,5.8
7722,5.4,6.2
7723,5.8,6.2
7724,6.2,6.4
7725,6.2,6.8
7726,6.4,7.2
7727,6.8,7.2
7728,7.2,7.4
7729,7.2,7.8
7730,7.4,8.2
7731,7.8,8.2
7732,8.2,8.4
7733,8.2,8.8
7734,8.4,9.2
7735,8.8,9.2
7736,9.2,9.4
7737,9.2,9.8
7738,9.4,10.2
7739,9.8,10.2
7740,10.2,10.4
7741,10.2,10.8
7742,10.4,11.2
7743,10.8,11.2
7744,11.2,11.4
7745,11.2,11.8
7746,11.4,12.2
7747,11.8,12.2
7748,12.2,12.4
7749,12.2,12.8
7750,12.4,13.2
7751,12.8,13.2
7752,13.2,13.4
7753,13.2,13.8
7754,13.4,14.2
7755,13.8,14.2
7756,14.2,14.4
7757,14.2,14.8
7758,14.4,15.2
7759,14.8,15.2
7760,15.2,15.4
7761,15.2,15.8
7762,15.4,16.2
7763,15.8,16.2
7764,16.2,16.4
7765,16.2,16.8
7766,16.4,17.2
7767,16.8,17.2
7768,17.2,17.4
7769,17.2,17.8
7770,17.4,18.2
7771,17.8,18.2
7772,18.2,18.4
7773,18.2,18.8
7774,18.4,19.2
7775,18.8,19.2
7776,19.2,19.4
7777,19.2,19.8
7778,19.4,20.2
7779,19.8,20.2
7780,20.2,20.4
7781,20.2,20.8
7782,20.4,21.2
7783,20.8,21.2
7784,21.2,21.4
7785,21.2,21.8
7786,21.4,22.2
7787,21.8,22.2
7788,22.2,22.4
7789,22.2,22.8
7790,22.4,23.2
7791,22.8,23.2
7792,23.2,23.4
7793,23.2,23.8
7794,23.4,24.2
7795,23.8,24.2
7796,24.2,24.4
7797,24.2,24.8
7798,24.4,25.2
7799,24.8,25.2
7800,25.2,25.4
7801,25.2,25.8
7802,25.4,26.2
7803,25.8,26.2
7804,26.2,26.4
7805,26.2,26.8
7806,26.4,27.2
7807,26.8,27.2
7808,27.2,27.4
7809,27.2,27.8
7810,27.4,28.2
7811,27.8,28.2
7812,28.2,28.4
7813,28.2,28.8
7814,28.4,29.2
7815,28.8,29.2
7816,29.2,29.4
7817,29.2,29.8
7818,29.4,30.2
7819,29.8,30.2
7820,30.2,30.4
7821,30.2,30.8
7822,30.4,31.2
7823,30.8,31.2
7824,31.2,31.4
7825,31.2,31.8
7826,31.4,32.2
7827,31.8,32.2
7828,32.2,32.4
7829,32.2,32.8
7830,32.4,33.2
7831,32.8,33.2
7832,33.2,33.4
7833,33.2,33.8
7834,33.4,34.2
7835,33.8,34.2
7836,34.2,34.4
7837,34.2,34.8
7838,34.4,35.2
7839,34.8,35.2
7840,35.2,35.4
7841,35.2,35.8
7842,35.4,36.2
7843,35.8,36.2
7844,36.2,36.4
7845,36.2,36.8
7846,36.4,37.2
7847,36.8,37.2
7848,37.2,37.4
7849,37.2,37.8
7850,37.4,38.2
7851,37.8,38.2
7852,38.2,38.4
7853,38.2,38.8
7854,38.4,39.2
7855,38.8,39.2
7856,39.2,39.4
7857,39.2,39.8
7858,39.4,40.2
7859,39.8,40.2
7860,40.2,40.4
7861,40.2,40.8
7862,40.4,41.2
7863,40.8,41.2
7864,41.2,41.4
7865,41.2,41.8
7866,41.4,42.2
7867,41.8,42.2
7868,42.2,42.4
7869,42.2,42.8
7870,42.4,43.2
7871,42.8,43.2
7872,43.2,43.4
7873,43.2,43.8
7874,43.4,44.2
7875,43.8,44.2
7876,44.2,44.4
7877,44.2,44.8
7878,44.4,45.2
7879,44.8,45.2
7880,45.2,45.4
7881,45.2,45.8
7882,45.4,46.2
7883,45.8,46.2
7884,46.2,46.4
7885,46.2,46.8
7886,46.4,47.2
7887,46.8,47.2
7888,47.2,47.4
7889,47.2,47.8
7890,47.4,48.2
7891,47.8,48.2
7892,48.2,48.4
7903,0.8,1.2
7904,1.2,1.4
7905,1.2,1.8
7906,1.4,2.2
7907,1.8,2.2
7908,2.2,2.4
7909,2.2,2.8
7910,2.4,3.2
7911,2.8,3.2
7912,3.2,3.4
7913,3.2,3.8
7914,3.4,4.2
7915,3.8,4.2
7916,4.2,4.4
7917,4.2,4.8
7918,4.4,5.2
7919,4.8,5.2
7920,5.2,5.4
7921,5.2,5.8
7922,5.4,6.2
7923,5.8,6.2
7924,6.2,6.4
7925,6.2,6.8
7926,6.4,7.2
7927,6.8,7.2
7928,7.2,7.4
7929,7.2,7.8
7930,7.4,8.2
7931,7.8,8.2
7932,8.2,8.4
7933,8.2,8.8
7934,8.4,9.2
7935,8.8,9.2
7936,9.2,9.4
7937,9.2,9.8
7938,9.4,10.2
7939,9.8,10.2
7940,10.2,10.4
7941,10.2,10.8
7942,10.4,11.2
7943,10.8,11.2
7944,11.2,11.4
7945,11.2,11.8
7946,11.4,12.2
7947,11.8,12.2
7948,12.2,12.4
7949,12.2,12.8
7950,12.4,13.2
7951,12.8,13.2
7952,13.2,13.4
7953,13.2,13.8
7954,13.4,14.2
7955,13.8,14.2
7956,14.2,14.4
7957,14.2,14.8
7958,14.4,15.2
7959,14.8,15.2
7960,15.2,15.4
7961,15.2,15.8
7962,15.4,16.2
7963,15.8,16.2
7964,16.2,16.4
7965,16.2,16.8
7966,16.4,17.2
7967,16.8,17.2
7968,17.2,17.4
7969,17.2,17.8
7970,17.4,18.2
7971,17.8,18.2
7972,18.2,18.4
7973,18.2,18.8
7974,18.4,19.2
7975,18.8,19.2
7976,19.2,19.4
7977,19.2,19.8
7978,19.4,20.2
7979,19.8,20.2
7980,20.2,20.4
7981,20.2,20.8
7982,20.4,21.2
7983,20.8,21.2
7984,21.2,21.4
7985,21.2,21.8
7986,21.4,22.2
7987,21.8,22.2
7988,22.2,22.4
7989,22.2,22.8
7990,22.4,23.2
7991,22.8,23.2
7992,23.2,23.4
7993,23.2,23.8
7994,23.4,24.2
7995,23.8,24.2
7996,24.2,24.4
7997,24.2,24.8
7998,24.4,25.2
7999,24.8,25.2
8000,25.2,25.4
8001,25.2,25.8
8002,25.4,26.2
8003,25.8,26.2
8004,26.2,26.4
8005,26.2,26.8
8006,26.4,27.2
8007,26.8,27.2
8008,27.2,27.4
8009,27.2,27.8
8010,27.4,28.2
8011,27.8,28.2
8012,28.2,28.4
8013,28.2,28.8
8014,28.4,29.2
8015,28.8,29.2
8016,29.2,29.4
8017,29.2,29.8
8018,29.4,30.2
8019,29.8,30.2
8020,30.2,30.4
8021,30.2,30.8
8022,30.4,31.2
8023,30.8,31.2
8024,31.2,31.4
8025,31.2,31.8
8026,31.4,32.2
8027,31.8,32.2
8028,32.2,32.4
8029,32.2,32.8
8030,32.4,33.2
8031,32.8,33.2
8032,33.2,33.4
8033,33.2,33.8
8034,33.4,34.2
8035,33.8,34.2
8036,34.2,34.4
8037,34.2,34.8
8038,34.4,35.2
8039,34.8,35.2
8040,35.2,35.4
8041,35.2,35.8
8042,35.4,36.2
8043,35.8,36.2
8044,36.2,36.4
8045,36.2,36.8
8046,36.4,37.2
8047,36.8,37.2
8048,37.2,37.4
8049,37.2,37.8
8050,37.4,38.2
8051,37.8,38.2
8052,38.2,38.4
8053,38.2,38.8
8054,38.4,39.2
8055,38.8,39.2
8056,39.2,39.4
8057,39.2,39.8
8058,39.4,40.2
8059,39.8,40.2
8060,40.2,40.4
8061,40.2,40.8
8062,40.4,41.2
8063,40.8,41.2
8064,41.2,41.4
8065,41.2,41.8
8066,41.4,42.2
8067,41.8,42.2
8068,42.2,42.4
8069,42.2,42.8
8070,42.4,43.2
8071,42.8,43.2
8072,43.2,43.4
8073,43.2,43.8
8074,43.4,44.2
8075,43.8,44.2
8076,44.2,44.4
8077,44.2,44.8
8078,44.4,45.2
8079,44.8,45.2
8080,45.2,45.4
8081,45.2,45.8
8082,45.4,46.2
8083,45.8,46.2
8084,46.2,46.4
8085,46.2,46.8
8086,46.4,47.2
8087,46.8,47.2
8088,47.2,47.4
8089,47.2,47.8
8090,47.4,48.2
8091,47.8,48.2
8092,48.2,48.4
8103,0.8,1.2
8104,1.2,1.4
8105,1.2,1.8
8106,1.4,2.2
8107,1.8,2.2
8108,2.2,2.4
8109,2.2,2.8
8110,2.4,3.2
8111,2.8,3.2
8112,3.2,3.4
8113,3.2,3.8
8114,3.4,4.2
8115,3.8,4.2
8116,4.2,4.4
8117,4.2,4.8
8118,4.4,5.2
8119,4.8,5.2
8120,5.2,5.4
8121,5.2,5.8
8122,5.4,6.2
8123,5.8,6.2
8124,6.2,6.4
8125,6.2,6.8
8126,6.4,7.2
8127,6.8,7.2
8128,7.2,7.4
8129,7.2,7.8
8130,7.4,8.2
8131,7.8,8.2
8132,8.2,8.4
8133,8.2,8.8
8134,8.4,9.2
8135,8.8,9.2
8136,9.2,9.4
8137,9.2,9.8
8138,9.4,10.2
8139,9.8,10.2
8140,10.2,10.4
8141,10.2,10.8
8142,10.4,11.2
8143,10.8,11.2
8144,11.2,11.4
8145,11.2,11.8
8146,11.4,12.2
8147,11.8,12.2
8148,12.2,12.4
8149,12.2,12.8
8150,12.4,13.2
8151,12.8,13.2
8152,13.2,13.4
8153,13.2,13.8
8154,13.4,14.2
8155,13.8,14.2
8156,14.2,14.4
8157,14.2,14.8
8158,14.4,15.2
8159,14.8,15.2
8160,15.2,15.4
8161,15.2,15.8
8162,15.4,16.2
8163,15.8,16.2
8164,16.2,16.4
8165,16.2,16.8
8166,16.4,17.2
8167,16.8,17.2
8168,17.2,17.4
8169,17.2,17.8
8170,17.4,18.2
8171,17.8,18.2
8172,18.2,18.4
8173,18.2,18.8
8174,18.4,19.2
8175,18.8,19.2
8176,19.2,19.4
8177,19.2,19.8
8178,19.4,20.2
8179,19.8,20.2
8180,20.2,20.4
8181,20.2,20.8
8182,20.4,21.2
8183,20.8,21.2
8184,21.2,21.4
8185,21.2,21.8
8186,21.4,22.2
8187,21.8,22.2
8188,22.2,22.4
8189,22.2,22.8
8190,22.4,23.2
8191,22.8,23.2
8192,23.2,23.4
8193,23.2,23.8
8194,23.4,24.2
8195,23.8,24.2
8196,24.2,24.4
8197,24.2,24.8
8198,24.4,25.2
8199,24.8,25.2
8200,25.2,25.4
8201,25.2,25.8
8202,25.4,26.2
8203,25.8,26.2
8204,26.2,26.4
8205,26.2,26.8
8206,26.4,27.2
8207,26.8,27.2
8208,27.2,27.4
8209,27.2,27.8
8210,27.4,28.2
8211,27.8,28.2
8212,28.2,28.4
8213,28.2,28.8
8214,28.4,29.2
8215,28.8,29.2
8216,29.2,29.4
8217,29.2,29.8
8218,29.4,30.2
8219,29.8,30.2
8220,30.2,30.4
8221,30.2,30.8
8222,30.4,31.2
8223,30.8,31.2
8224,31.2,31.4
8225,31.2,31.8
8226,31.4,32.2
8227,31.8,32.2
8228,32.2,32.4
8229,32.2,32.8
8230,32.4,33.2
8231,32.8,33.2
8232,33.2,33.4
8233,33.2,33.8
8234,33.4,34.2
8235,33.8,34.2
8236,34.2,34.4
8237,34.2,34.8
8238,34.4,35.2
8239,34.8,35.2
8240,35.2,35.4
8241,35.2,35.8
8242,35.4,36.2
8243,35.8,36.2
8244,36.2,36.4
8245,36.2,36.8
8246,36.4,37.2
8247,36.8,37.2
8248,37.2,37.4
8249,37.2,37.8
8250,37.4,38.2
8251,37.8,38.2
8252,38.2,38.4
8253,38.2,38.8
8254,38.4,39.2
8255,38.8,39.2
8256,39.2,39.4
8257,39.2,39.8
8258,39.4,40.2
8259,39.8,40.2
8260,40.2,40.4
8261,40.2,40.8
8262,40.4,41.2
8263,40.8,41.2
8264,41.2,41.4
8265,41.2,41.8
8266,41.4,42.2
8267,41.8,42.2
8268,42.2,42.4
8269,42.2,42.8
8270,42.4,43.2
8271,42.8,43.2
8272,43.2,43.4
8273,43.2,43.8
8274,43.4,44.2
8275,43.8,44.2
8276,44.2,44.4
8277,44.2,44.8
8278,44.4,45.2
8279,44.8,45.2
8280,45.2,45.4
8281,45.2,45.8
8282,45.4,46.2
8283,45.8,46.2
8284,46.2,46.4
8285,46.2,46.8
8286,46.4,47.2
8287,46.8,47.2
8288,47.2,47.4
8289,47.2,47.8
8290,47.4,48.2
8291,47.8,48.2
8292,48.2,48.4
8303,0.8,1.2
8304,1.2,1.4
8305,1.2,1.8
8306,1.4,2.2
8307,1.8,2.2
8308,2.2,2.4
8309,2.2,2.8
8310,2.4,3.2
8311,2.8,3.2
8312,3.2,3.4
8313,3.2,3.8
8314,3.4,4.2
8315,3.8,4.2
8316,4.2,4.4
8317,4.2,4.8
8318,4.4,5.2
8319,4.8,5.2
8320,5.2,5.4
8321,5.2,5.8
8322,5.4,6.2
8323,5.8,6.2
8324,6.2,6.4
8325,6.2,6.8
8326,6.4,7.2
8327,6.8,7.2
8328,7.2,7.4
8329,7.2,7.8
8330,7.4,8.2
8331,7.8,8.2
8332,8.2,8.4
8333,8.2,8.8
8334,8.4,9.2
8335,8.8,9.2
8336,9.2,9.4
8337,9.2,9.8
8338,9.4,10.2
8339,9.8,10.2
8340,10.2,10.4
8341,10.2,10.8
8342,10.4,11.2
8343,10.8,11.2
8344,11.2,11.4
8345,11.2,11.8
8346,11.4,12.2
8347,11.8,12.2
8348,12.2,12.4
8349,12.2,12.8
8350,12.4,13.2
8351,12.8,13.2
8352,13.2,13.4
8353,13.2,13.8
8354,13.4,14.2
8355,13.8,14.2
8356,14.2,14.4
8357,14.2,14.8
8358,14.4,15.2
8359,14.8,15.2
8360,15.2,15.4
8361,15.2,15.8
8362,15.4,16.2
8363,15.8,16.2
8364,16.2,16.4
8365,16.2,16.8
8366,16.4,17.2
8367,16.8,17.2
8368,17.2,17.4
8369,17.2,17.8
8370,17.4,18.2
8371,17.8,18.2
8372,18.2,18.4
8373,18.2,18.8
8374,18.4,19.2
8375,18.8,19.2
8376,19.2,19.4
8377,19.2,19.8
8378,19.4,20.2
8379,19.8,20.2
8380,20.2,20.4
8381,20.2,20.8
8382,20.4,21.2
8383,20.8,21.2
8384,21.2,21.4
8385,21.2,21.8
8386,21.4,22.2
8387,21.8,22.2
8388,22.2,22.4
8389,22.2,22.8
8390,22.4,23.2
8391,22.8,23.2
8392,23.2,23.4
8393,23.2,23.8
8394,23.4,24.2
8395,23.8,24.2
8396,24.2,24.4
8397,24.2,24.8
8398,24.4,25.2
8399,24.8,25.2
8400,25.2,25.4
8401,25.2,25.8
8402,25.4,26.2
8403,25.8,26.2
8404,26.2,26.4
8405,26.2,26.8
8406,26.4,27.2
8407,26.8,27.2
8408,27.2,27.4
8409,27.2,27.8
8410,27.4,28.2
8411,27.8,28.2
8412,28.2,28.4
8413,28.2,28.8
8414,28.4,29.2
8415,28.8,29.2
8416,29.2,29.4
8417,29.2,29.8
8418,29.4,30.2
8419,29.8,30.2
8420,30.2,30.4
8421,30.2,30.8
8422,30.4,31.2
8423,30.8,31.2
8424,31.2,31.4
8425,31.2,31.8
8426,31.4,32.2
8427,31.8,32.2
8428,32.2,32.4
8429,32.2,32.8
8430,32.4,33.2
8431,32.8,33.2
8432,33.2,33.4
8433,33.2,33.8
8434,33.4,34.2
8435,33.8,34.2
8436,34.2,34.4
8437,34.2,34.8
8438,34.4,35.2
8439,34.8,35.2
8440,35.2,35.4
8441,35.2,35.8
8442,35.4,36.2
8443,35.8,36.2
8444,36.2,36.4
8445,36.2,36.8
8446,36.4,37.2
8447,36.8,37.2
8448,37.2,37.4
8449,37.2,37.8
8450,37.4,38.2
8451,37.8,38.2
8452,38.2,38.4
8453,38.2,38.8
8454,38.4,39.2
8455,38.8,39.2
8456,39.2,39.4
8457,39.2,39.8
8458,39.4,40.2
8459,39.8,40.2
8460,40.2,40.4
8461,40.2,40.8
8462,40.4,41.2
8463,40.8,41.2
8464,41.2,41.4
8465,41.2,41.8
8466,41.4,42.2
8467,41.8,42.2
8468,42.2,42.4
8469,42.2,42.8
8470,42.4,43.2
8471,42.8,43.2
8472,43.2,43.4
8473,43.2,43.8
8474,43.4,44.2
8475,43.8,44.2
8476,44.2,44.4
8477,44.2,44.8
8478,44.4,45.2
8479,44.8,45.2
8480,45.2,45.4
8481,45.2,45.8
8482,45.4,46.2
8483,45.8,46.2
8484,46.2,46.4
8485,46.2,46.8
8486,46.4,47.2
8487,46.8,47.2
8488,47.2,47.4
8489,47.2,47.8
8490,47.4,48.2
8491,47.8,48.2
8492,48.2,48.4
8503,0.8,1.2
8504,1.2,1.4
8505,1.2,1.8
8506,1.4,2.2
8507,1.8,2.2
8508,2.2,2.4
8509,2.2,2.8
8510,2.4,3.2
8511,2.8,3.2
8512,3.2,3.4
8513,3.2,3.8
8514,3.4,4.2
8515,3.8,4.2
8516,4.2,4.4
8517,4.2,4.8
8518,4.4,5.2
8519,4.8,5.2
8520,5.2,5.4
8521,5.2,5.8
8522,5.4,6.2
8523,5.8,6.2
8524,6.2,6.4
8525,6.2,6.8
8526,6.4,7.2
8527,6.8,7.2
8528,7.2,7.4
8529,7.2,7.8
8530,7.4,8.2
8531,7.8,8.2
8532,8.2,8.4
8533,8.2,8.8
8534,8.4,9.2
8535,8.8,9.2
8536,9.2,9.4
8537,9.2,9.8
8538,9.4,10.2
8539,9.8,10.2
8540,10.2,10.4
8541,10.2,10.8
8542,10.4,11.2
8543,10.8,11.2
8544,11.2,11.4
8545,11.2,11.8
8546,11.4,12.2
8547,11.8,12.2
8548,12.2,12.4
8549,12.2,12.8
8550,12.4,13.2
8551,12.8,13.2
8552,13.2,13.4
8553,13.2,13.8
8554,13.4,14.2
8555,13.8,14.2
8556,14.2,14.4
8557,14.2,14.8
8558,14.4,15.2
8559,14.8,15.2
8560,15.2,15.4
8561,15.2,15.8
8562,15.4,16.2
8563,15.8,16.2
8564,16.2,16.4
8565,16.2,16.8
8566,16.4,17.2
8567,16.8,17.2
8568,17.2,17.4
8569,17.2,17.8
8570,17.4,18.2
8571,17.8,18.2
8572,18.2,18.4
8573,18.2,18.8
8574,18.4,19.2
8575,18.8,19.2
8576,19.2,19.4
8577,19.2,19.8
8578,19.4,20.2
8579,19.8,20.2
8580,20.2,20.4
8581,20.2,20.8
8582,20.4,21.2
8583,20.8,21.2
8584,21.2,21.4
8585,21.2,21.8
8586,21.4,22.2
8587,21.8,22.2
8588,22.2,22.4
8589,22.2,22.8
8590,22.4,23.2
8591,22.8,23.2
8592,23.2,23.4
8593,23.2,23.8
8594,23.4,24.2
8595,23.8,24.2
8596,24.2,24.4
8597,24.2,24.8
8598,24.4,25.2
8599,24.8,25.2
8600,25.2,25.4
8601,25.2,25.8
8602,25.4,26.2
8603,25.8,26.2
8604,26.2,26.4
8605,26.2,26.8
8606,26.4,27.2
8607,26.8,27.2
8608,27.2,27.4
8609,27.2,27.8
8610,27.4,28.2
8611,27.8,28.2
8612,28.2,28.4
8613,28.2,28.8
8614,28.4,29.2
8615,28.8,29.2
8616,29.2,29.4
8617,29.2,29.8
8618,29.4,30.2
8619,29.8,30.2
8620,30.2,30.4
8621,30.2,30.8
8622,30.4,31.2
8623,30.8,31.2
8624,31.2,31.4
8625,31.2,31.8
8626,31.4,32.2
8627,31.8,32.2
8628,32.2,32.4
8629,32.2,32.8
8630,32.4,33.2
8631,32.8,33.2
8632,33.2,33.4
8633,33.2,33.8
8634,33.4,34.2
8635,33.8,34.2
8636,34.2,34.4
8637,34.2,34.8
8638,34.4,35.2
8639,34.8,35.2
8640,35.2,35.4
8641,35.2,35.8
8642,35.4,36.2
8643,35.8,36.2
8644,36.2,36.4
8645,36.2,36.8
8646,36.4,37.2
8647,36.8,37.2
8648,37.2,37.4
8649,37.2,37.8
8650,37.4,38.2
8651,37.8,38.2
8652,38.2,38.4
8653,38.2,38.8
8654,38.4,39.2
8655,38.8,39.2
8656,39.2,39.4
8657,39.2,39.8
8658,39.4,40.2
8659,39.8,40.2
8660,40.2,40.4
8661,40.2,40.8
8662,40.4,41.2
8663,40.8,41.2
8664,41.2,41.4
8665,41.2,41.8
8666,41.4,42.2
8667,41.8,42.2
8668,42.2,42.4
8669,42.2,42.8
8670,42.4,43.2
8671,42.8,43.2
8672,43.2,43.4
8673,43.2,43.8
8674,43.4,44.2
8675,43.8,44.2
8676,44.2,44.4
8677,44.2,44.8
8678,44.4,45.2
8679,44.8,45.2
8680,45.2,45.4
8681,45.2,45.8
8682,45.4,46.2
8683,45.8,46.2
8684,46.2,46.4
8685,46.2,46.8
8686,46.4,47.2
8687,46.8,47.2
8688,47.2,47.4
8689,47.2,47.8
8690,47.4,48.2
8691,47.8,48.2
8692,48.2,48.4
8703,0.8,1.2
8704,1.2,1.4
8705,1.2,1.8
8706,1.4,2.2
8707,1.8,2.2
8708,2.2,2.4
8709,2.2,2.8
8710,2.4,3.2
8711,2.8,3.2
8712,3.2,3.4
8713,3.2,3.8
8714,3.4,4.2
8715,3.8,4.2
8716,4.2,4.4
8717,4.2,4.8
8718,4.4,5.2
8719,4.8,5.2
8720,5.2,5.4
8721,5.2,5.8
8722,5.4,6.2
8723,5.8,6.2
8724,6.2,6.4
8725,6.2,6.8
8726,6.4,7.2
8727,6.8,7.2
8728,7.2,7.4
8729,7.2,7.8
8730,7.4,8.2
8731,7.8,8.2
8732,8.2,8.4
8733,8.2,8.8
8734,8.4,9.2
8735,8.8,9.2
8736,9.2,9.4
8737,9.2,9.8
8738,9.4,10.2
8739,9.8,10.2
8740,10.2,10.4
8741,10.2,10.8
8742,10.4,11.2
8743,10.8,11.2
8744,11.2,11.4
8745,11.2,11.8
8746,11.4,12.2
8747,11.8,12.2
8748,12.2,12.4
8749,12.2,12.8
8750,12.4,13.2
8751,12.8,13.2
8752,13.2,13.4
8753,13.2,13.8
8754,13.4,14.2
8755,13.8,14.2
8756,14.2,14.4
8757,14.2,14.8
8758,14.4,15.2
8759,14.8,15.2
8760,15.2,15.4
8761,15.2,15.8
8762,15.4,16.2
8763,15.8,16.2
8764,16.2,16.4
8765,16.2,16.8
8766,16.4,17.2
8767,16.8,17.2
8768,17.2,17.4
8769,17.2,17.8
8770,17.4,18.2
8771,17.8,18.2
8772,18.2,18.4
8773,18.2,18.8
8774,18.4,19.2
8775,18.8,19.2
8776,19.2,19.4
8777,19.2,19.8
8778,19.4,20.2
8779,19.8,20.2
8780,20.2,20.4
8781,20.2,20.8
8782,20.4,21.2
8783,20.8,21.2
8784,21.2,21.4
8785,21.2,21.8
8786,21.4,22.2
8787,21.8,22.2
8788,22.2,22.4
8789,22.2,22.8
8790,22.4,23.2
8791,22.8,23.2
8792,23.2,23.4
8793,23.2,23.8
8794,23.4,24.2
8795,23.8,24.2
8796,24.2,24.4
8797,24.2,24.8
8798,24.4,25.2
8799,24.8,25.2
8800,25.2,25.4
8801,25.2,25.8
8802,25.4,26.2
8803,25.8,26.2
8804,26.2,26.4
8805,26.2,26.8
8806,26.4,27.2
8807,26.8,27.2
8808,27.2,27.4
8809,27.2,27.8
8810,27.4,28.2
8811,27.8,28.2
8812,28.2,28.4
8813,28.2,28.8
8814,28.4,29.2
8815,28.8,29.2
8816,29.2,29.4
8817,29.2,29.8
8818,29.4,30.2
8819,29.8,30.2
8820,30.2,30.4
8821,30.2,30.8
8822,30.4,31.2
8823,30.8,31.2
8824,31.2,31.4
8825,31.2,31.8
8826,31.4,32.2
8827,31.8,32.2
8828,32.2,32.4
8829,32.2,32.8
8830,32.4,33.2
8831,32.8,33.2
8832,33.2,33.4
8833,33.2,33.8
8834,33.4,34.2
8835,33.8,34.2
8836,34.2,34.4
8837,34.2,34.8
8838,34.4,35.2
8839,34.8,35.2
8840,35.2,35.4
8841,35.2,35.8
8842,35.4,36.2
8843,35.8,36.2
8844,36.2,36.4
8845,36.2,36.8
8846,36.4,37.2
8847,36.8,37.2
8848,37.2,37.4
8849,37.2,37.8
8850,37.4,38.2
8851,37.8,38.2
8852,38.2,38.4
8853,38.2,38.8
8854,38.4,39.2
8855,38.8,39.2
8856,39.2,39.4
8857,39.2,39.8
8858,39.4,40.2
8859,39.8,40.2
8860,40.2,40.4
8861,40.2,40.8
8862,40.4,41.2
8863,40.8,41.2
8864,41.2,41.4
8865,41.2,41.8
8866,41.4,42.2
8867,41.8,42.2
8868,42.2,42.4
8869,42.2,42.8
8870,42.4,43.2
8871,42.8,43.2
8872,43.2,43.4
8873,43.2,43.8
8874,43.4,44.2
8875,43.8,44.2
8876,44.2,44.4
8877,44.2,44.8
8878,44.4,45.2
8879,44.8,45.2
8880,45.2,45.4
8881,45.2,45.8
8882,45.4,46.2
8883,45.8,46.2
8884,46.2,46.4
8885,46.2,46.8
8886,46.4,47.2
8887,46.8,47.2
8888,47.2,47.4
8889,47.2,47.8
8890,47.4,48.2
8891,47.8,48.2
8892,48.2,48.4
8903,0.8,1.2
8904,1.2,1.4
8905,1.2,1.8
8906,1.4,2.2
8907,1.8,2.2
8908,2.2,2.4
8909,2.2,2.8
8910,2.4,3.2
8911,2.8,3.2
8912,3.2,3.4
8913,3.2,3.8
8914,3.4,4.2
8915,3.8,4.2
8916,4.2,4.4
8917,4.2,4.8
8918,4.4,5.2
8919,4.8,5.2
8920,5.2,5.4
8921,5.2,5.8
8922,5.4,6.2
8923,5.8,6.2
8924,6.2,6.4
8925,6.2,6.8
8926,6.4,7.2
8927,6.8,7.2
8928,7.2,7.4
8929,7.2,7.8
8930,7.4,8.2
8931,7.8,8.2
8932,8.2,8.4
8933,8.2,8.8
8934,8.4,9.2
8935,8.8,9.2
8936,9.2,9.4
8937,9.2,9.8
8938,9.4,10.2
8939,9.8,10.2
8940,10.2,10.4
8941,10.2,10.8
8942,10.4,11.2
8943,10.8,11.2
8944,11.2,11.4
8945,11.2,11.8
8946,11.4,12.2
8947,11.8,12.2
8948,12.2,12.4
8949,12.2,12.8
8950,12.4,13.2
8951,12.8,13.2
8952,13.2,13.4
8953,13.2,13.8
8954,13.4,14.2
8955,13.8,14.2
8956,14.2,14.4
8957,14.2,14.8
8958,14.4,15.2
8959,14.8,15.2
8960,15.2,15.4
8961,15.2,15.8
8962,15.4,16.2
8963,15.8,16.2
8964,16.2,16.4
8965,16.2,16.8
8966,16.4,17.2
8967,16.8,17.2
8968,17.2,17.4
8969,17.2,17.8
8970,17.4,18.2
8971,17.8,18.2
8972,18.2,18.4
8973,18.2,18.8
8974,18.4,19.2
8975,18.8,19.2
8976,19.2,19.4
8977,19.2,19.8
8978,19.4,20.2
8979,19.8,20.2
8980,20.2,20.4
8981,20.2,20.8
8982,20.4,21.2
8983,20.8,21.2
8984,21.2,21.4
8985,21.2,21.8
8986,21.4,22.2
8987,21.8,22.2
8988,22.2,22.4
8989,22.2,22.8
8990,22.4,23.2
8991,22.8,23.2
8992,23.2,23.4
8993,23.2,23.8
8994,23.4,24.2
8995,23.8,24.2
8996,24.2,24.4
8997,24.2,24.8
8998,24.4,25.2
8999,24.8,25.2
9000,25.2,25.4
9001,25.2,25.8
9002,25.4,26.2
9003,25.8,26.2
9004,26.2,26.4
9005,26.2,26.8
9006,26.4,27.2
9007,26.8,27.2
9008,27.2,27.4
9009,27.2,27.8
9010,27.4,28.2
9011,27.8,28.2
9012,28.2,28.4
9013,28.2,28.8
9014,28.4,29.2
9015,28.8,29.2
9016,29.2,29.4
9017,29.2,29.8
9018,29.4,30.2
9019,29.8,30.2
9020,30.2,30.4
9021,30.2,30.8
9022,30.4,31.2
9023,30.8,31.2
9024,31.2,31.4
9025,31.2,31.8
9026,31.4,32.2
9027,31.8,32.2
9028,32.2,32.4
9029,32.2,32.8
9030,32.4,33.2
9031,32.8,33.2
9032,33.2,33.4
9033,33.2,33.8
9034,33.4,34.2
9035,33.8,34.2
9036,34.2,34.4
9037,34.2,34.8
9038,34.4,35.2
9039,34.8,35.2
9040,35.2,35.4
9041,35.2,35.8
9042,35.4,36.2
9043,35.8,36.2
9044,36.2,36.4
9045,36.2,36.8
9046,36.4,37.2
9047,36.8,37.2
9048,37.2,37.4
9049,37.2,37.8
9050,37.4,38.2
9051,37.8,38.2
9052,38.2,38.4
9053,38.2,38.8
9054,38.4,39.2
9055,38.8,39.2
9056,39.2,39.4
9057,39.2,39.8
9058,39.4,40.2
9059,39.8,40.2
9060,40.2,40.4
9061,40.2,40.8
9062,40.4,41.2
9063,40.8,41.2
9064,41.2,41.4
9065,41.2,41.8
9066,41.4,42.2
9067,41.8,42.2
9068,42.2,42.4
9069,42.2,42.8
9070,42.4,43.2
9071,42.8,43.2
9072,43.2,43.4
9073,43.2,43.8
9074,43.4,44.2
9075,43.8,44.2
9076,44.2,44.4
9077,44.2,44.8
9078,44.4,45.2
9079,44.8,45.2
9080,45.2,45.4
9081,45.2,45.8
9082,45.4,46.2
9083,45.8,46.2
9084,46.2,46.4
9085,46.2,46.8
9086,46.4,47.2
9087,46.8,47.2
9088,47.2,47.4
9089,47.2,47.8
9090,47.4,48.2
9091,47.8,48.2
9092,48.2,48.4
9103,0.8,1.2
9104,1.2,1.4
9105,1.2,1.8
9106,1.4,2.2
9107,1.8,2.2
9108,2.2,2.4
9109,2.2,2.8
9110,2.4,3.2
9111,2.8,3.2
9112,3.2,3.4
9113,3.2,3.8
9114,3.4,4.2
9115,3.8,4.2
9116,4.2,4.4
9117,4.2,4.8
9118,4.4,5.2
9119,4.8,5.2
9120,5.2,5.4
9121,5.2,5.8
9122,5.4,6.2
9123,5.8,6.2
9124,6.2,6.4
9125,6.2,6.8
9126,6.4,7.2
9127,6.8,7.2
9128,7.2,7.4
9129,7.2,7.8
9130,7.4,8.2
9131,7.8,8.2
9132,8.2,8.4
9133,8.2,8.8
9134,8.4,9.2
9135,8.8,9.2
9136,9.2,9.4
9137,9.2,9.8
9138,9.4,10.2
9139,9.8,10.2
9140,10.2,10.4
9141,10.2,10.8
9142,10.4,11.2
9143,10.8,11.2
9144,11.2,11.4
9145,11.2,11.8
9146,11.4,12.2
9147,11.8,12.2
9148,12.2,12.4
9149,12.2,12.8
9150,12.4,13.2
9151,12.8,13.2
9152,13.2,13.4
9153,13.2,13.8
9154,13.4,14.2
9155,13.8,14.2
9156,14.2,14.4
9157,14.2,14.8
9158,14.4,15.2
9159,14.8,15.2
9160,15.2,15.4
9161,15.2,15.8
9162,15.4,16.2
9163,15.8,16.2
9164,16.2,16.4
9165,16.2,16.8
9166,16.4,17.2
9167,16.8,17.2
9168,17.2,17.4
9169,17.2,17.8
9170,17.4,18.2
9171,17.8,18.2
9172,18.2,18.4
9173,18.2,18.8
9174,18.4,19.2
9175,18.8,19.2
9176,19.2,19.4
9177,19.2,19.8
9178,19.4,20.2
9179,19.8,20.2
9180,20.2,20.4
9181,20.2,20.8
9182,20.4,21.2
9183,20.8,21.2
9184,21.2,21.4
9185,21.2,21.8
9186,21.4,22.2
9187,21.8,22.2
9188,22.2,22.4
9189,22.2,22.8
9190,22.4,23.2
9191,22.8,23.2
9192,23.2,23.4
9193,23.2,23.8
9194,23.4,24.2
9195,23.8,24.2
9196,24.2,24.4
9197,24.2,24.8
9198,24.4,25.2
9199,24.8,25.2
9200,25.2,25.4
9201,25.2,25.8
9202,25.4,26.2
9203,25.8,26.2
9204,26.2,26.4
9205,26.2,26.8
9206,26.4,27.2
9207,26.8,27.2
9208,27.2,27.4
9209,27.2,27.8
9210,27.4,28.2
9211,27.8,28.2
9212,28.2,28.4
9213,28.2,28.8
9214,28.4,29.2
9215,28.8,29.2
9216,29.2,29.4
9217,29.2,29.8
9218,29.4,30.2
9219,29.8,30.2
9220,30.2,30.4
9221,30.2,30.8
9222,30.4,31.2
9223,30.8,31.2
9224,31.2,31.4
9225,31.2,31.8
9226,31.4,32.2
9227,31.8,32.2
9228,32.2,32.4
9229,32.2,32.8
9230,32.4,33.2
9231,32.8,33.2
9232,33.2,33.4
9233,33.2,33.8
9234,33.4,34.2
9235,33.8,34.2
9236,34.2,34.4
9237,34.2,34.8
9238,34.4,35.2
9239,34.8,35.2
9240,35.2,35.4
9241,35.2,35.8
9242,35.4,36.2
9243,35.8,36.2
9244,36.2,36.4
9245,36.2,36.8
9246,36.4,37.2
9247,36.8,37.2
9248,37.2,37.4
9249,37.2,37.8
9250,37.4,38.2
9251,37.8,38.2
9252,38.2,38.4
9253,38.2,38.8
9254,38.4,39.2
9255,38.8,39.2
9256,39.2,39.4
9257,39.2,39.8
9258,39.4,40.2
9259,39.8,40.2
9260,40.2,40.4
9261,40.2,40.8
9262,40.4,41.2
9263,40.8,41.2
9264,41.2,41.4
9265,41.2,41.8
9266,41.4,42.2
9267,41.8,42.2
9268,42.2,42.4
9269,42.2,42.8
9270,42.4,43.2
9271,42.8,43.2
9272,43.2,43.4
9273,43.2,43.8
9274,43.4,44.2
9275,43.8,44.2
9276,44.2,44.4
9277,44.2,44.8
9278,44.4,45.2
9279,44.8,45.2
9280,45.2,45.4
9281,45.2,45.8
9282,45.4,46.2
9283,45.8,46.2
9284,46.2,46.4
9285,46.2,46.8
9286,46.4,47.2
9287,46.8,47.2
9288,47.2,47.4
9289,47.2,47.8
9290,47.4,48.2
9291,47.8,48.2
9292,48.2,48.4
9303,0.8,1.2
9304,1.2,1.4
9305,1.2,1.8
9306,1.4,2.2
9307,1.8,2.2
9308,2.2,2.4
9309,2.2,2.8
9310,2.4,3.2
9311,2.8,3.2
9312,3.2,3.4
9313,3.2,3.8
9314,3.4,4.2
9315,3.8,4.2
9316,4.2,4.4
9317,4.2,4.8
9318,4.4,5.2
9319,4.8,5.2
9320,5.2,5.4
9321,5.2,5.8
9322,5.4,6.2
9323,5.8,6.2
9324,6.2,6.4
9325,6.2,6.8
9326,6.4,7.2
9327,6.8,7.2
9328,7.2,7.4
9329,7.2,7.8
9330,7.4,8.2
9331,7.8,8.2
9332,8.2,8.4
9333,8.2,8.8
9334,8.4,9.2
9335,8.8,9.2
9336,9.2,9.4
9337,9.2,9.8
9338,9.4,10.2
9339,9.8,10.2
9340,10.2,10.4
9341,10.2,10.8
9342,10.4,11.2
9343,10.8,11.2
9344,11.2,11.4
9345,11.2,11.8
9346,11.4,12.2
9347,11.8,12.2
9348,12.2,12.4
9349,12.2,12.8
9350,12.4,13.2
9351,12.8,13.2
9352,13.2,13.4
9353,13.2,13.8
9354,13.4,14.2
9355,13.8,14.2
9356,14.2,14.4
9357,14.2,14.8
9358,14.4,15.2
9359,14.8,15.2
9360,15.2,15.4
9361,15.2,15.8
9362,15.4,16.2
9363,15.8,16.2
9364,16.2,16.4
9365,16.2,16.8
9366,16.4,17.2
9367,16.8,17.2
9368,17.2,17.4
9369,17.2,17.8
9370,17.4,18.2
9371,17.8,18.2
9372,18.2,18.4
9373,18.2,18.8
9374,18.4,19.2
9375,18.8,19.2
9376,19.2,19.4
9377,19.2,19.8
9378,19.4,20.2
9379,19.8,20.2
9380,20.2,20.4
9381,20.2,20.8
9382,20.4,21.2
9383,20.8,21.2
9384,21.2,21.4
9385,21.2,21.8
9386,21.4,22.2
9387,21.8,22.2
9388,22.2,22.4
9389,22.2,22.8
9390,22.4,23.2
9391,22.8,23.2
9392,23.2,23.4
9393,23.2,23.8
9394,23.4,24.2
9395,23.8,24.2
9396,24.2,24.4
9397,24.2,24.8
9398,24.4,25.2
9399,24.8,25.2
9400,25.2,25.4
9401,25.2,25.8
9402,25.4,26.2
9403,25.8,26.2
9404,26.2,26.4
9405,26.2,26.8
9406,26.4,27.2
9407,26.8,27.2
9408,27.2,27.4
9409,27.2,27.8
9410,27.4,28.2
9411,27.8,28.2
9412,28.2,28.4
9413,28.2,28.8
9414,28.4,29.2
9415,28.8,29.2
9416,29.2,29.4
9417,29.2,29.8
9418,29.4,30.2
9419,29.8,30.2
9420,30.2,30.4
9421,30.2,30.8
9422,30.4,31.2
9423,30.8,31.2
9424,31.2,31.4
9425,31.2,31.8
9426,31.4,32.2
9427,31.8,32.2
9428,32.2,32.4
9429,32.2,32.8
9430,32.4,33.2
9431,32.8,33.2
9432,33.2,33.4
9433,33.2,33.8
9434,33.4,34.2
9435,33.8,34.2
9436,34.2,34.4
9437,34.2,34.8
9438,34.4,35.2
9439,34.8,35.2
9440,35.2,35.4
9441,35.2,35.8
9442,35.4,36.2
9443,35.8,36.2
9444,36.2,36.4
9445,36.2,36.8
9446,36.4,37.2
9447,36.8,37.2
9448,37.2,37.4
9449,37.2,37.8
9450,37.4,38.2
9451,37.8,38.2
9452,38.2,38.4
9453,38.2,38.8
9454,38.4,39.2
9455,38.8,39.2
9456,39.2,39.4
9457,39.2,39.8
9458,39.4,40.2
9459,39.8,40.2
9460,40.2,40.4
9461,40.2,40.8
9462,40.4,41.2
9463,40.8,41.2
9464,41.2,41.4
9465,41.2,41.8
9466,41.4,42.2
9467,41.8,42.2
9468,42.2,42.4
9469,42.2,42.8
9470,42.4,43.2
9471,42.8,43.2
9472,43.2,43.4
9473,43.2,43.8
9474,43.4,44.2
9475,43.8,44.2
9476,44.2,44.4
9477,44.2,44.8
9478,44.4,45.2
9479,44.8,45.2
9480,45.2,45.4
9481,45.2,45.8
9482,45.4,46.2
9483,45.8,46.2
9484,46.2,46.4
9485,46.2,46.8
9486,46.4,47.2
9487,46.8,47.2
9488,47.2,47.4
9489,47.2,47.8
9490,47.4,48.2
9491,47.8,48.2
9492,48.2,48.4
9503,0.8,1.2
9504,1.2,1.4
9505,1.2,1.8
9506,1.4,2.2
9507,1.8,2.2
9508,2.2,2.4
9509,2.2,2.8
9510,2.4,3.2
9511,2.8,3.2
9512,3.2,3.4
9513,3.2,3.8
9514,3.4,4.2
9515,3.8,4.2
9516,4.2,4.4
9517,4.2,4.8
9518,4.4,5.2
9519,4.8,5.2
9520,5.2,5.4
9521,5.2,5.8
9522,5.4,6.2
9523,5.8,6.2
9524,6.2,6.4
9525,6.2,6.8
9526,6.4,7.2
9527,6.8,7.2
9528,7.2,7.4
9529,7.2,7.8
9530,7.4,8.2
9531,7.8,8.2
9532,8.2,8.4
9533,8.2,8.8
9534,8.4,9.2
9535,8.8,9.2
9536,9.2,9.4
9537,9.2,9.8
9538,9.4,10.2
9539,9.8,10.2
9540,10.2,10.4
9541,10.2,10.8
9542,10.4,11.2
9543,10.8,11.2
9544,11.2,11.4
9545,11.2,11.8
9546,11.4,12.2
9547,11.8,12.2
9548,12.2,12.4
9549,12.2,12.8
9550,12.4,13.2
9551,12.8,13.2
9552,13.2,13.4
9553,13.2,13.8
9554,13.4,14.2
9555,13.8,14.2
9556,14.2,14.4
9557,14.2,14.8
9558,14.4,15.2
9559,14.8,15.2
9560,15.2,15.4
9561,15.2,15.8
9562,15.4,16.2
9563,15.8,16.2
9564,16.2,16.4
9565,16.2,16.8
9566,16.4,17.2
9567,16.8,17.2
9568,17.2,17.4
9569,17.2,17.8
9570,17.4,18.2
9571,17.8,18.2
9572,18.2,18.4
9573,18.2,18.8
9574,18.4,19.2
9575,18.8,19.2
9576,19.2,19.4
9577,19.2,19.8
9578,19.4,20.2
9579,19.8,20.2
9580,20.2,20.4
9581,20.2,20.8
9582,20.4,21.2
9583,20.8,21.2
9584,21.2,21.4
9585,21.2,21.8
9586,21.4,22.2
9587,21.8,22.2
9588,22.2,22.4
9589,22.2,22.8
9590,22.4,23.2
9591,22.8,23.2
9592,23.2,23.4
9593,23.2,23.8
9594,23.4,24.2
9595,23.8,24.2
9596,24.2,24.4
9597,24.2,24.8
9598,24.4,25.2
9599,24.8,25.2
9600,25.2,25.4
9601,25.2,25.8
9602,25.4,26.2
9603,25.8,26.2
9604,26.2,26.4
9605,26.2,26.8
9606,26.4,27.2
9607,26.8,27.2
9608,27.2,27.4
9609,27.2,27.8
9610,27.4,28.2
9611,27.8,28.2
9612,28.2,28.4
9613,28.2,28.8
9614,28.4,29.2
9615,28.8,29.2
9616,29.2,29.4
9617,29.2,29.8
9618,29.4,30.2
9619,29.8,30.2
9620,30.2,30.4
9621,30.2,30.8
9622,30.4,31.2
9623,30.8,31.2
9624,31.2,31.4
9625,31.2,31.8
9626,31.4,32.2
9627,31.8,32.2
9628,32.2,32.4
9629,32.2,32.8
9630,32.4,33.2
9631,32.8,33.2
9632,33.2,33.4
9633,33.2,33.8
9634,33.4,34.2
9635,33.8,34.2
9636,34.2,34.4
9637,34.2,34.8
9638,34.4,35.2
9639,34.8,35.2
9640,35.2,35.4
9641,35.2,35.8
9642,35.4,36.2
9643,35.8,36.2
9644,36.2,36.4
9645,36.2,36.8
9646,36.4,37.2
9647,36.8,37.2
9648,37.2,37.4
9649,37.2,37.8
9650,37.4,38.2
9651,37.8,38.2
9652,38.2,38.4
9653,38.2,38.8
9654,38.4,39.2
9655,38.8,39.2
9656,39.2,39.4
9657,39.2,39.8
9658,39.4,40.2
9659,39.8,40.2
9660,40.2,40.4
9661,40.2,40.8
9662,40.4,41.2
9663,40.8,41.2
9664,41.2,41.4
9665,41.2,41.8
9666,41.4,42.2
9667,41.8,42.2
9668,42.2,42.4
9669,42.2,42.8
9670,42.4,43.2
9671,42.8,43.2
9672,43.2,43.4
9673,43.2,43.8
9674,43.4,44.2
9675,43.8,44.2
9676,44.2,44.4
9677,44.2,44.8
9678,44.4,45.2
9679,44.8,45.2
9680,45.2,45.4
9681,45.2,45.8
9682,45.4,46.2
9683,45.8,46.2
9684,46.2,46.4
9685,46.2,46.8
9686,46.4,47.2
9687,46.8,47.2
9688,47.2,47.4
9689,47.2,47.8
9690,47.4,48.2
9691,47.8,48.2
9692,48.2,48.4
9703,0.8,1.2
9704,1.2,1.4
9705,1.2,1.8
9706,1.4,2.2
9707,1.8,2.2
9708,2.2,2.4
9709,2.2,2.8
9710,2.4,3.2
9711,2.8,3.2
9712,3.2,3.4
9713,3.2,3.8
9714,3.4,4.2
9715,3.8,4.2
9716,4.2,4.4
9717,4.2,4.8
9718,4.4,5.2
9719,4.8,5.2
9720,5.2,5.4
9721,5.2,5.8
9722,5.4,6.2
9723,5.8,6.2
9724,6.2,6.4
9725,6.2,6.8
9726,6.4,7.2
9727,6.8,7.2
9728,7.2,7.4
9729,7.2,7.8
9730,7.4,8.2
9731,7.8,8.2
9732,8.2,8.4
9733,8.2,8.8
9734,8.4,9.2
9735,8.8,9.2
9736,9.2,9.4
9737,9.2,9.8
9738,9.4,10.2
9739,9.8,10.2
9740,10.2,10.4
9741,10.2,10.8
9742,10.4,11.2
9743,10.8,11.2
9744,11.2,11.4
9745,11.2,11.8
9746,11.4,12.2
9747,11.8,12.2
9748,12.2,12.4
9749,12.2,12.8
9750,12.4,13.2
9751,12.8,13.2
9752,13.2,13.4
9753,13.2,13.8
9754,13.4,14.2
9755,13.8,14.2
9756,14.2,14.4
9757,14.2,14.8
9758,14.4,15.2
9759,14.8,15.2
9760,15.2,15.4
9761,15.2,15.8
9762,15.4,16.2
9763,15.8,16.2
9764,16.2,16.4
9765,16.2,16.8
9766,16.4,17.2
9767,16.8,17.2
9768,17.2,17.4
9769,17.2,17.8
9770,17.4,18.2
9771,17.8,18.2
9772,18.2,18.4
9773,18.2,18.8
9774,18.4,19.2
9775,18.8,19.2
9776,19.2,19.4
9777,19.2,19.8
9778,19.4,20.2
9779,19.8,20.2
9780,20.2,20.4
9781,20.2,20.8
9782,20.4,21.2
9783,20.8,21.2
9784,21.2,21.4
9785,21.2,21.8
9786,21.4,22.2
9787,21.8,22.2
9788,22.2,22.4
9789,22.2,22.8
9790,22.4,23.2
9791,22.8,23.2
9792,23.2,23.4
9793,23.2,23.8
9794,23.4,24.2
9795,23.8,24.2
9796,24.2,24.4
9797,24.2,24.8
9798,24.4,25.2
9799,24.8,25.2
9800,25.2,25.4
9801,25.2,25.8
9802,25.4,26.2
9803,25.8,26.2
9804,26.2,26.4
9805,26.2,26.8
9806,26.4,27.2
9807,26.8,27.2
9808,27.2,27.4
9809,27.2,27.8
9810,27.4,28.2
9811,27.8,28.2
9812,28.2,28.4
9813,28.2,28.8
9814,28.4,29.2
9815,28.8,29.2
9816,29.2,29.4
9817,29.2,29.8
9818,29.4,30.2
9819,29.8,30.2
9820,30.2,30.4
9821,30.2,30.8
9822,30.4,31.2
9823,30.8,31.2
9824,31.2,31.4
9825,31.2,31.8
9826,31.4,32.2
9827,31.8,32.2
9828,32.2,32.4
9829,32.2,32.8
9830,32.4,33.2
9831,32.8,33.2
9832,33.2,33.4
9833,33.2,33.8
9834,33.4,34.2
9835,33.8,34.2
9836,34.2,34.4
9837,34.2,34.8
9838,34.4,35.2
9839,34.8,35.2
9840,35.2,35.4
9841,35.2,35.8
9842,35.4,36.2
9843,35.8,36.2
9844,36.2,36.4
9845,36.2,36.8
9846,36.4,37.2
9847,36.8,37.2
9848,37.2,37.4
9849,37.2,37.8
9850,37.4,38.2
9851,37.8,38.2
9852,38.2,38.4
9853,38.2,38.8
9854,38.4,39.2
9855,38.8,39.2
9856,39.2,39.4
9857,39.2,39.8
9858,39.4,40.2
9859,39.8,40.2
9860,40.2,40.4
9861,40.2,40.8
9862,40.4,41.2
9863,40.8,41.2
9864,41.2,41.4
9865,41.2,41.8
9866,41.4,42.2
9867,41.8,42.2
9868,42.2,42.4
9869,42.2,42.8
9870,42.4,43.2
9871,42.8,43.2
9872,43.2,43.4
9873,43.2,43.8
9874,43.4,44.2
9875,43.8,44.2
9876,44.2,44.4
9877,44.2,44.8
9878,44.4,45.2
9879,44.8,45.2
9880,45.2,45.4
9881,45.2,45.8
9882,45.4,46.2
9883,45.8,46.2
9884,46.2,46.4
9885,46.2,46.8
9886,46.4,47.2
9887,46.8,47.2
9888,47.2,47.4
9889,47.2,47.8
9890,47.4,48.2
9891,47.8,48.2
9892,48.2,48.4
9903,0.8,1.2
9904,1.2,1.4
9905,1.2,1.8
9906,1.4,2.2
9907,1.8,2.2
9908,2.2,2.4
9909,2.2,2.8
9910,2.4,3.2
9911,2.8,3.2
9912,3.2,3.4
9913,3.2,3.8
9914,3.4,4.2
9915,3.8,4.2
9916,4.2,4.4
9917,4.2,4.8
9918,4.4,5.2
9919,4.8,5.2
9920,5.2,5.4
9921,5.2,5.8
9922,5.4,6.2
9923,5.8,6.2
9924,6.2,6.4
9925,6.2,6.8
9926,6.4,7.2
9927,6.8,7.2
9928,7.2,7.4
9929,7.2,7.8
9930,7.4,8.2
9931,7.8,8.2
9932,8.2,8.4
9933,8.2,8.8
9934,8.4,9.2
9935,8.8,9.2
9936,9.2,9.4
9937,9.2,9.8
9938,9.4,10.2
9939,9.8,10.2
9940,10.2,10.4
9941,10.2,10.8
9942,10.4,11.2
9943,10.8,11.2
9944,11.2,11.4
9945,11.2,11.8
9946,11.4,12.2
9947,11.8,12.2
9948,12.2,12.4
9949,12.2,12.8
9950,12.4,13.2
9951,12.8,13.2
9952,13.2,13.4
9953,13.2,13.8
9954,13.4,14.2
9955,13.8,14.2
9956,14.2,14.4
9957,14.2,14.8
9958,14.4,15.2
9959,14.8,15.2
9960,15.2,15.4
9961,15.2,15.8
9962,15.4,16.2
9963,15.8,16.2
9964,16.2,16.4
9965,16.2,16.8
9966,16.4,17.2
9967,16.8,17.2
9968,17.2,17.4
9969,17.2,17.8
9970,17.4,18.2
9971,17.8,18.2
9972,18.2,18.4
9973,18.2,18.8
9974,18.4,19.2
9975,18.8,19.2
9976,19.2,19.4
9977,19.2,19.8
9978,19.4,20.2
9979,19.8,20.2
9980,20.2,20.4
9981,20.2,20.8
9982,20.4,21.2
9983,20.8,21.2
9984,21.2,21.4
9985,21.2,21.8
9986,21.4,22.2
9987,21.8,22.2
9988,22.2,22.4
9989,22.2,22.8
9990,22.4,23.2
9991,22.8,23.2
9992,23.2,23.4
9993,23.2,23.8
9994,23.4,24.2
9995,23.8,24.2
9996,24.2,24.4
9997,24.2,24.8
9998,24.4,25.2
9999,24.8,25.2
