i,j,phi,Ex,Ey
0,0,0.0,-0.0,-0.0
0,1,0.0,-0.0,-4.652726336323907e-06
0,2,0.0,-0.0,-9.3250854410017e-06
0,3,0.0,-0.0,-1.4033482069165098e-05
0,4,0.0,-0.0,-1.879257607717384e-05
0,5,0.0,-0.0,-2.3614390729505023e-05
0,6,0.0,-0.0,-2.8507392360328526e-05
0,7,0.0,-0.0,-3.347554294114641e-05
0,8,0.0,-0.0,-3.8517337030086765e-05
0,9,0.0,-0.0,-4.362484721259492e-05
0,10,0.0,-0.0,-4.878281725488905e-05
0,11,0.0,-0.0,-5.3967859109665495e-05
0,12,0.0,-0.0,-5.9147827332524796e-05
0,13,0.0,-0.0,-6.428146027296479e-05
0,14,0.0,-0.0,-6.931838858450283e-05
0,15,0.0,-0.0,-7.419961433652028e-05
0,16,0.0,-0.0,-7.885855405292075e-05
0,17,0.0,-0.0,-8.32227124058409e-05
0,18,0.0,-0.0,-8.721600755710689e-05
0,19,0.0,-0.0,-9.076170461932401e-05
0,20,0.0,-0.0,-9.37858349703727e-05
0,21,0.0,-0.0,-9.622089576792087e-05
0,22,0.0,-0.0,-9.800955011408749e-05
0,23,0.0,-0.0,-9.91080004823619e-05
0,24,0.0,-0.0,-9.948870137368628e-05
0,25,0.0,-0.0,-9.914212064126715e-05
0,26,0.0,-0.0,-9.807735115168591e-05
0,27,0.0,-0.0,-9.632150230480875e-05
0,28,0.0,-0.0,-9.391794186825245e-05
0,29,0.0,-0.0,-9.09235864373442e-05
0,30,0.0,-0.0,-8.740553106001955e-05
0,31,0.0,-0.0,-8.343735203948897e-05
0,32,0.0,-0.0,-7.909541028324661e-05
0,33,0.0,-0.0,-7.445543473008673e-05
0,34,0.0,-0.0,-6.958959149158999e-05
0,35,0.0,-0.0,-6.456416095876734e-05
0,36,0.0,-0.0,-5.943786638790151e-05
0,37,0.0,-0.0,-5.426083296032998e-05
0,38,0.0,-0.0,-4.907411057688191e-05
0,39,0.0,-0.0,-4.390966705231724e-05
0,40,0.0,-0.0,-3.879074841904647e-05
0,41,0.0,-0.0,-3.373250578879213e-05
0,42,0.0,-0.0,-2.874279940282415e-05
0,43,0.0,-0.0,-2.3823106307921588e-05
0,44,0.0,-0.0,-1.8969475515232893e-05
0,45,0.0,-0.0,-1.4173491418248577e-05
0,46,0.0,-0.0,-9.423221358548495e-06
0,47,0.0,-0.0,-4.704135862878374e-06
0,48,0.0,-0.0,-0.0
1,0,0.0,-4.652726336323907e-06,-0.0
1,1,9.305452672647815e-06,-9.3250854410017e-06,-9.3250854410017e-06
1,2,1.86501708820034e-05,-9.38075573284119e-06,-1.869047280172184e-05
1,3,2.8066964138330196e-05,-9.46749063617214e-06,-2.8130035688458855e-05
1,4,3.758515215434768e-05,-9.580908660339925e-06,-3.767417044361535e-05
1,5,4.7228781459010046e-05,-9.714816283154686e-06,-4.734801217255171e-05
1,6,5.701478472065705e-05,-9.861152211641385e-06,-5.716958519029843e-05
1,7,6.695108588229282e-05,-1.0009944669758239e-05,-6.714788805997072e-05
1,8,7.703467406017353e-05,-1.0149304271448512e-05,-7.728093332494172e-05
1,9,8.724969442518984e-05,-1.0265480224802284e-05,-8.755378769617361e-05
1,10,9.75656345097781e-05,-1.0343011897070574e-05,-9.793668956948482e-05
1,11,0.00010793571821933099,-1.0365010077635747e-05,-0.00010838335617459039
1,12,0.00011829565466504959,-1.0313601163299297e-05,-0.00011882962995705535
1,13,0.00012856292054592958,-1.0170561251978038e-05,-0.00012919264880414402
1,14,0.00013863677716900567,-9.918154063555488e-06,-0.00013937075129131108
1,15,0.00014839922867304056,-9.540165468417919e-06,-0.00014924433816965345
1,16,0.0001577171081058415,-9.02309806932062e-06,-0.0001586778954901386
1,17,0.0001664454248116818,-8.357453504186137e-06,-0.00016752333393148635
1,18,0.00017443201511421378,-7.538992213483109e-06,-0.00017562470655008492
1,19,0.00018152340923864802,-6.569827413265816e-06,-0.00018282423257987577
1,20,0.0001875716699407454,-5.459191148596859e-06,-0.00018896938644535628
1,21,0.00019244179153584174,-4.223715143714785e-06,-0.00019392062852002212
1,22,0.00019601910022817498,-2.8871047144410312e-06,-0.00019755918807313347
1,23,0.0001982160009647238,-1.4791512595987901e-06,-0.00019979419669185802
1,24,0.00019897740274737256,-3.4120158905252785e-08,-0.00020056844770455145
1,25,0.0001982842412825343,1.4113502220003708e-06,-0.00019986214599322012
1,26,0.00019615470230337182,2.820618336458401e-06,-0.00019769421187124822
1,27,0.0001926430046096175,4.159409283433464e-06,-0.00019412098353993392
1,28,0.0001878358837365049,5.397915867464553e-06,-0.00018923247356702282
1,29,0.0001818471728746884,6.512410808232898e-06,-0.0001831466156683923
1,30,0.0001748110621200391,7.486234397855227e-06,-0.00017600213736306772
1,31,0.00016687470407897794,8.310120776772935e-06,-0.00016795078293548515
1,32,0.00015819082056649323,8.98191730940224e-06,-0.0001591495883794876
1,33,0.00014891086946017346,9.505818791656626e-06,-0.0001497537978449377
1,34,0.00013917918298317998,9.891273771319394e-06,-0.00013991084502091856
1,35,0.00012912832191753468,1.0151725103688476e-05,-0.00012975564026142413
1,36,0.00011887573277580302,1.0303327998437356e-05,-0.0001194072357975676
1,37,0.00010852166592065996,1.0363755811019601e-05,-0.00010896680679289004
1,38,9.814822115376382e-05,1.035116590801274e-05,-9.851679365286256e-05
1,39,8.781933410463448e-05,1.0283362157835442e-05,-8.812100017369707e-05
1,40,7.758149683809294e-05,1.017716126352511e-05,-7.782542629392329e-05
1,41,6.746501157758426e-05,1.004794901622232e-05,-6.76596242584538e-05
1,42,5.74855988056483e-05,9.909399480870543e-06,-5.763839357311996e-05
1,43,4.7646212615843176e-05,9.773323887591256e-06,-4.776366513978609e-05
1,44,3.7938951030465786e-05,9.649614889673011e-06,-3.8026462263515245e-05
1,45,2.8346982836497154e-05,9.546254156684398e-06,-2.8408861652161432e-05
1,46,1.884644271709699e-05,9.469355555370203e-06,-1.8885908643789624e-05
1,47,9.408271725756749e-06,9.423221358548495e-06,-9.42746655814984e-06
1,48,0.0,4.704135862878374e-06,-0.0
2,0,0.0,-9.3250854410017e-06,-0.0
2,1,1.86501708820034e-05,-1.869047280172184e-05,-9.38075573284119e-06
2,2,3.738094560344368e-05,-1.8804950247457156e-05,-1.8804950247457156e-05
2,3,5.626007137691771e-05,-1.8983697641893508e-05,-2.8309669855550005e-05
2,4,7.53483408872307e-05,-1.9217976484092857e-05,-3.792856711732159e-05
2,5,9.469602434510342e-05,-1.949541474668308e-05,-4.769007815158778e-05
2,6,0.00011433917038059686,-1.979987588741901e-05,-5.7615549438121366e-05
2,7,0.00013429577611994144,-2.0111348134643296e-05,-6.771726527906853e-05
2,8,0.00015456186664988345,-2.0405899636202887e-05,-7.799638709615426e-05
2,9,0.00017510757539234721,-2.06557562445431e-05,-8.844084237704706e-05
2,10,0.00019587337913896965,-2.082956847841678e-05,-9.902323466886084e-05
2,11,0.00021676671234918077,-2.0892940387570524e-05,-0.00010969888606367011
2,12,0.0002376592599141107,-2.080929262955363e-05,-0.00012040416827616468
2,13,0.00025838529760828803,-2.054112133425573e-05,-0.00013105532382101274
2,14,0.00027874150258262216,-2.0051689365509434e-05,-0.00014154801851807474
2,15,0.0002984886763393069,-1.930714419882753e-05,-0.0001517578912677455
2,16,0.0003173557909802772,-1.8278995761832897e-05,-0.00016154236487473837
2,17,0.0003350466678629727,-1.6946811059946306e-05,-0.000170743939602365
2,18,0.00035124941310016983,-1.530089864838942e-05,-0.00017919509764524123
2,19,0.00036564846515975153,-1.3344679895271362e-05,-0.00018672479617818928
2,20,0.00037793877289071256,-1.1096395940146355e-05,-0.00019316632441083342
2,21,0.00038784125704004424,-8.589801627777188e-06,-0.00019836606704679705
2,22,0.00039511837614626693,-5.873568171835904e-06,-0.0002021924907808009
2,23,0.00039958839338371605,-3.0092596314179793e-06,-0.00020454450314289266
2,24,0.0004011368954091029,-6.794930136209878e-08,-0.0002053582770768093
2,25,0.00039972429198644024,2.8742358333032304e-06,-0.00020461172769282375
2,26,0.00039538842374249643,5.7411624532862e-06,-0.00020232607442492468
2,27,0.00038824196707986784,8.4617383042254e-06,-0.00019856428513905346
2,28,0.00037846494713404563,1.0974367871541626e-05,-0.0001934266056029369
2,29,0.0003662932313367846,1.3230336203955091e-05,-0.00018704374104542686
2,30,0.00035200427472613545,1.5195832732907145e-05,-0.00017956850332372456
2,31,0.0003359015658709703,1.685254898358012e-05,-0.00017116683027164364
2,32,0.0003182991767589752,1.8196985090547464e-05,-0.00016200902788166943
2,33,0.0002995075956898754,1.9238743358569044e-05,-0.00015226191865169226
2,34,0.0002798216900418371,1.999815758351356e-05,-0.0001420823536641677
2,35,0.00025951128052284825,2.0503609223350956e-05,-0.00013161231293758034
2,36,0.0002388144715951352,2.078883346853409e-05,-0.00012097561636467959
2,37,0.00021793361358578007,2.0890442144705043e-05,-0.0001102761170247491
2,38,0.00019703358730572513,2.084580661919297e-05,-9.959715516601078e-05
2,39,0.00017624200034739414,2.069136735893927e-05,-8.900200906092261e-05
2,40,0.00015565085258784658,2.0461375915243262e-05,-7.853507677597254e-05
2,41,0.0001353192485169076,2.018703272080333e-05,-6.822354761436497e-05
2,42,0.00011527678714623992,1.989595911866772e-05,-5.8079361713036704e-05
2,43,9.552733027957217e-05,1.9611931309604717e-05,-4.8101301685147085e-05
2,44,7.605292452703049e-05,1.9354803487624655e-05,-3.827710485647799e-05
2,45,5.6817723304322864e-05,1.914055361972562e-05,-2.8585524692914657e-05
2,46,3.777181728757925e-05,1.898139509401159e-05,-1.89983036024256e-05
2,47,1.885493311629968e-05,1.8885908643789624e-05,-9.48204593309642e-06
2,48,0.0,9.42746655814984e-06,-0.0
3,0,0.0,-1.4033482069165098e-05,-0.0
3,1,2.8066964138330196e-05,-2.8130035688458855e-05,-9.46749063617214e-06
3,2,5.626007137691771e-05,-2.8309669855550005e-05,-1.8983697641893508e-05
3,3,8.46863038494302e-05,-2.8591107506036572e-05,-2.8591107506036572e-05
3,4,0.00011344228638899085,-2.8961316956377698e-05,-3.83288656300581e-05
3,5,0.0001426089377621856,-2.940179860395447e-05,-4.8231006163981915e-05
3,6,0.0001722458835968998,-2.9888339339122146e-05,-5.8324549718860384e-05
3,7,0.0002023856164404299,-3.039078232779113e-05,-6.862744444393258e-05
3,8,0.00023302744825248205,-3.087288136942704e-05,-7.914634553129989e-05
3,9,0.00026413137917928397,-3.129232779750886e-05,-8.987425579073931e-05
3,10,0.0002956121038474998,-3.1601055583693624e-05,-0.00010078808691934336
3,11,0.0003273334903466712,-3.174594368493959e-05,-0.00011184624824301047
3,12,0.00035910399121737895,-3.167003892064194e-05,-0.00012298642641925446
3,13,0.0003906735681879551,-3.1314411493888096e-05,-0.0001341237828825665
3,14,0.00042173281420515514,-3.062072151028823e-05,-0.00014514985919088558
3,15,0.00045191501120853155,-2.9534511825081536e-05,-0.00015593253285493315
3,16,0.0004808018378553182,-2.8009146403940114e-05,-0.00016631739168229047
3,17,0.0005079333040164118,-2.601018627468901e-05,-0.00017613087304965079
3,18,0.0005328222104046962,-2.3519848789307397e-05,-0.00018518542476268334
3,19,0.0005549730015950266,-2.054105417885802e-05,-0.0001932867701958608
3,20,0.0005739043187624123,-1.710046201720464e-05,-0.0002002430997713405
3,21,0.0005891739256294359,-1.3249881513682261e-05,-0.00020587568421475064
3,22,0.0006004040817897768,-9.065540810536648e-06,-0.00021003006265846096
3,23,0.0006073050072505092,-4.6449375556071974e-06,-0.00021258667814043605
3,24,0.0006096939569009912,-1.0134470883630883e-07,-0.00021346970360608037
3,25,0.0006075076966681818,4.443552873884991e-06,-0.00021265289488795318
3,26,0.0006008068511532212,8.86806089022866e-06,-0.00021016164369031407
3,27,0.0005897715748877244,1.3058878105421258e-05,-0.00020607093077479243
3,28,0.0005746890949423787,1.6918459961091177e-05,-0.0002004994791088612
3,29,0.0005559346549655421,2.037051308744522e-05,-0.0001936009339086085
3,30,0.0005339480687674882,2.3363145171638423e-05,-0.00018555323306033923
3,31,0.0005092083646222652,2.5869596218828085e-05,-0.00017654742477439832
3,32,0.0004822088763298321,2.788682892935365e-05,-0.00016677705988571095
3,33,0.00045343470676355795,2.943249300915837e-05,-0.000156429005695201
3,34,0.00042334389031151534,3.05408794854313e-05,-0.00014567618588140214
3,35,0.00039235294779269535,3.125846240317656e-05,-0.0001346724243929996
3,36,0.0003608269655051622,3.163952391126859e-05,-0.00012354931060258204
3,37,0.00032907389997015817,3.1742217009688426e-05,-0.00011241482903769244
3,38,0.00029734253148578537,3.162527387183924e-05,-0.00010135340725417963
3,39,0.0002658233522264797,3.134544054787367e-05,-9.042701380126623e-05
3,40,0.00023465165039003802,3.095562271008275e-05,-7.967696368063156e-05
3,41,0.0002039121068063142,3.0503664079158162e-05,-6.91261411276194e-05
3,42,0.0001736443222317217,3.0031645410088422e-05,-5.878141292243573e-05
3,43,0.00014384881598613735,2.957558074414996e-05,-4.863606873319486e-05
3,44,0.00011449316074342178,2.9165391881905442e-05,-3.8672181707138646e-05
3,45,8.551803222232647e-05,2.8825055410736793e-05,-2.886282968050209e-05
3,46,5.684304992194819e-05,2.857283431518844e-05,-1.9174154361198963e-05
3,47,2.837236359194959e-05,2.8421524960974096e-05,-9.56726341977064e-06
3,48,0.0,1.4186181795974795e-05,-0.0
4,0,0.0,-1.879257607717384e-05,-0.0
4,1,3.758515215434768e-05,-3.767417044361535e-05,-9.580908660339925e-06
4,2,7.53483408872307e-05,-3.792856711732159e-05,-1.9217976484092857e-05
4,3,0.00011344228638899085,-3.83288656300581e-05,-2.896131695637771e-05
4,4,0.0001520060721473469,-3.88578751420382e-05,-3.88578751420382e-05
4,5,0.00019115803667306725,-3.949109883548536e-05,-4.894969748113743e-05
4,6,0.00023098826981831762,-4.019631416736967e-05,-5.927201151075766e-05
4,7,0.0002715506650078066,-4.0933143947082806e-05,-6.985106778626157e-05
4,8,0.00031285455771248323,-4.165271098300962e-05,-8.070171399934954e-05
4,9,0.00035485608697382584,-4.2297497632586565e-05,-9.182469864092878e-05
4,10,0.00039744955297765636,-4.280156093068794e-05,-0.00010320374158190768
4,11,0.0004404592088352017,-4.309127988748161e-05,-0.00011480246448980421
4,12,0.0004836321127526196,-4.308682726910965e-05,-0.00012656134675916904
4,13,0.000526632863373421,-4.270455410588687e-05,-0.000138394961686626
4,14,0.0005690412209643933,-4.186043933787609e-05,-0.000150189847425381
4,15,0.0006103537420491732,-4.047467669023242e-05,-0.00016180346534096292
4,16,0.0006499905743448582,-3.8477335956550534e-05,-0.0001730647733805011
4,17,0.0006873084139622743,-3.581484414033918e-05,-0.00018377696320669325
4,18,0.0007216202626255365,-3.245679579459942e-05,-0.00019372283980793295
4,19,0.0007522220055514731,-2.8402354903928528e-05,-0.00020267312516104863
4,20,0.0007784249724333936,-2.368530995903621e-05,-0.00021039762296020417
4,21,0.0007995926254695455,-1.837676451489764e-05,-0.00021667870343641056
4,22,0.0008151785014631889,-1.2584562097521306e-05,-0.00022132602142693395
4,23,0.0008247617496645881,-6.448900579037386e-06,-0.00022419088887383752
4,24,0.0008280763026212636,-1.3416604887923206e-07,-0.0002251784424045959
4,25,0.0008250300817623466,6.182295749069524e-06,-0.00022425582010624125
4,26,0.0008157117111231246,1.232312656644695e-05,-0.00022145504799592122
4,27,0.0008003838286294527,1.8123902885678266e-05,-0.00021687015959950936
4,28,0.000779463905351768,2.344436473772555e-05,-0.00021064902518548345
4,29,0.0007534950991540016,2.8176582252477063e-05,-0.00020298119011051877
4,30,0.0007231107408468139,3.2249341867117334e-05,-0.00019408350812559347
4,31,0.0006889964154197669,3.56287221582084e-05,-0.0001841854289512763
4,32,0.0006518532965303971,3.831540416974479e-05,-0.00017351551890631539
4,33,0.0006123656070802773,4.0339617362877855e-05,-0.000162290301395694
4,34,0.0005711740618046414,4.175473888571495e-05,-0.00015070595820151244
4,35,0.0005288561293088474,4.263048450217104e-05,-0.00013893295453355276
4,36,0.0004859130928002993,4.3046428823841244e-05,-0.0001271133062362171
4,37,0.00044276327166116496,4.308634549310747e-05,-0.00011536001041633081
4,38,0.0003997404018140844,4.283362185561918e-05,-0.00010375809071946394
4,39,0.0003570960279499266,4.2367810932487335e-05,-9.236672962405977e-05
4,40,0.0003150047799491097,4.17622485888901e-05,-8.122203511590549e-05
4,41,0.0002735715307721464,4.108258347899916e-05,-7.034008719494576e-05
4,42,0.0002328396129911114,4.0386031513092255e-05,-5.972000947287309e-05
4,43,0.0001927994677459619,3.97211625249018e-05,-4.9346900174918965e-05
4,44,0.00015339728794130778,3.912804254031743e-05,-3.919452962136872e-05
4,45,0.00011454338266532704,3.8638580965665304e-05,-2.9227766810887156e-05
4,46,7.612012600997717e-05,3.827696135474304e-05,-1.9404737754450676e-05
4,47,3.798945995584096e-05,3.806006300498859e-05,-9.678745560818406e-06
4,48,0.0,1.899472997792048e-05,-0.0
5,0,0.0,-2.3614390729505023e-05,-0.0
5,1,4.7228781459010046e-05,-4.734801217255171e-05,-9.714816283154686e-06
5,2,9.469602434510342e-05,-4.7690078151587794e-05,-1.949541474668308e-05
5,3,0.00014260893776218563,-4.8231006163981915e-05,-2.940179860395447e-05
5,4,0.00019115803667306725,-4.8949697481137416e-05,-3.949109883548536e-05
5,5,0.00024050833272446046,-4.981593497267393e-05,-4.981593497267393e-05
5,6,0.0002907899066184151,-5.0789709644246284e-05,-6.0422512966385445e-05
5,7,0.00034208775201295303,-5.1820484816383005e-05,-7.134838078149756e-05
5,8,0.00039443087625118113,-5.284651222409425e-05,-8.261977548637889e-05
5,9,0.00044778077646114153,-5.3794355380067e-05,-9.424851976866602e-05
5,10,0.0005020195870113151,-5.457882143256905e-05,-0.00010622846634459381
5,11,0.0005569384193262796,-5.5103548862200946e-05,-0.00011853155164009751
5,12,0.000612226684735717,-5.5262536117463724e-05,-0.00013110361102837791
5,13,0.0006674634915612071,-5.494291216010005e-05,-0.0001438602300862877
5,14,0.0007221125090559171,-5.402922516462515e-05,-0.00015668305757378582
5,15,0.0007755219418904574,-5.2409437780201636e-05,-0.0001694171741548386
5,16,0.0008269313846163204,-4.998264426967045e-05,-0.00018187026964434905
5,17,0.0008754872304297983,-4.6668252702120874e-05,-0.00019381448583708963
5,18,0.0009202678900205621,-4.241601074366278e-05,-0.00020499176902058464
5,19,0.0009603192519171238,-3.721583733112924e-05,-0.00021512337467082709
5,20,0.0009946995646828206,-3.1106040292566575e-05,-0.00022392371816340245
5,21,0.001022531332502257,-2.4178279980412035e-05,-0.00023111805899858476
5,22,0.0010430561246436447,-1.657772624796361e-05,-0.00023646261915430953
5,23,0.0010556867849981842,-8.497358533269151e-06,-0.00023976485834014386
5,24,0.001060050841710183,-1.6627594124002994e-07,-0.00024090104230468955
5,25,0.0010560193368806643,8.166947282559674e-06,-0.00023982823280454792
5,26,0.0010437169471450636,1.625372139696054e-05,-0.00023658855224614544
5,27,0.0010235118940867432,2.386490091585902e-05,-0.00023130492494679563
5,28,0.0009959871453133456,3.080742945008177e-05,-0.0002241690930285314
5,29,0.0009618970351865796,3.6936030147335203e-05,-0.00021542405389377662
5,30,0.0009221150850186752,4.215890633088088e-05,-0.00020534379063598808
5,31,0.0008775792225248179,4.643758543810617e-05,-0.00019421315919541823
5,32,0.0008292399141424629,4.978195648493595e-05,-0.00018231020945114548
5,33,0.000778015309554946,5.224205371396132e-05,-0.00016989233960176538
5,34,0.0007247558067145402,5.389822634757255e-05,-0.0001571867963047754
5,35,0.0006702188568598009,5.485111436847191e-05,-0.00014438532671318344
5,36,0.0006150535779775964,5.521246802849054e-05,-0.0001316423398842188
5,37,0.0005597939208028198,5.5097432526441574e-05,-0.00011907573343470661
5,38,0.0005048587129247133,5.461855466411028e-05,-0.00010676952836638915
5,39,0.00045055681147459923,5.388149615143212e-05,-9.47775592585941e-05
5,40,0.000397095720621849,5.298226513919676e-05,-8.312762579447576e-05
5,41,0.0003445922811962057,5.200568972219056e-05,-7.182567990367909e-05
5,42,0.0002930843411774679,5.102483243011521e-05,-6.0859774048490975e-05
5,43,0.00024254261633597528,5.0101060595654335e-05,-5.020361836034647e-05
5,44,0.0001928822199861592,4.928452524593725e-05,-3.9819685241977194e-05
5,45,0.00014397356584410078,4.8614847277654835e-05,-2.9661862963207444e-05
5,46,9.565252543084954e-05,4.8121855565257186e-05,-1.967770031587549e-05
5,47,4.77298547135864e-05,4.782626271542477e-05,-9.810308557187023e-06
5,48,0.0,2.38649273567932e-05,-0.0
6,0,0.0,-2.8507392360328526e-05,-0.0
6,1,5.701478472065705e-05,-5.716958519029843e-05,-9.861152211641379e-06
6,2,0.00011433917038059686,-5.7615549438121366e-05,-1.9799875887418995e-05
6,3,0.0001722458835968998,-5.8324549718860384e-05,-2.9888339339122132e-05
6,4,0.00023098826981831762,-5.927201151075766e-05,-4.019631416736967e-05
6,5,0.0002907899066184151,-6.0422512966385445e-05,-5.0789709644246284e-05
6,6,0.0003518332957510885,-6.17287599761933e-05,-6.17287599761933e-05
6,7,0.0004142474265708017,-6.313040646707625e-05,-7.306574456211713e-05
6,8,0.000478094108685241,-6.455284997017809e-05,-8.48421253831124e-05
6,9,0.0005433531265111579,-6.590618849080149e-05,-9.708500111887952e-05
6,10,0.000609906485666844,-6.708459280211943e-05,-0.00010980281269207595
6,11,0.0006775223121153967,-6.796642457126571e-05,-0.00012298030010887435
6,12,0.0007458393348093754,-6.841550571529982e-05,-0.00013657281747688513
6,13,0.0008143533235459964,-6.828400065129477e-05,-0.00015050027286780244
6,14,0.000882407336111965,-6.7417383406427e-05,-0.00016464117796611823
6,15,0.0009491880903588504,-6.566188876079565e-05,-0.00017882756265118243
6,16,0.0010137311136335563,-6.287464763880156e-05,-0.00019284180336753284
6,17,0.0010749373856364535,-5.893634351657477e-05,-0.000206416670741084
6,18,0.0011316038006667058,-5.3765684628336876e-05,-0.00021924002234408345
6,19,0.0011824687548931273,-4.7334304046746335e-05,-0.00023096541940789613
6,20,0.0012262724087601985,-3.967999428679389e-05,-0.0002412293971007309
6,21,0.001261828743466715,-3.091566550580472e-05,-0.00024967508910507313
6,22,0.001288103739771808,-2.1231361439080407e-05,-0.0002559804627492768
6,23,0.0013042914663448759,-1.0887323729417411e-05,-0.00025988784306943305
6,24,0.0013098783872306427,-1.9754051328328606e-07,-0.0002612301967890889
6,25,0.0013046865473714424,1.0494785807613639e-05,-0.0002599493970712593
6,26,0.0012888888156154155,2.0846434424199234e-05,-0.0002561027783688364
6,27,0.001262993678523044,3.054336210329229e-05,-0.00024985658730626885
6,28,0.0012278020914088309,3.932523579074456e-05,-0.00024146772362076377
6,29,0.0011843432069415548,4.70018846450204e-05,-0.00023125746179848244
6,30,0.00113379832211879,5.3460236565475725e-05,-0.00021958193251371002
6,31,0.0010774227338106034,5.8662303343051e-05,-0.0002068038928471354
6,32,0.001016473715432688,6.263622376339765e-05,-0.00019326910687245835
6,33,0.0009521502862838081,6.546303050924794e-05,-0.00017928908032415234
6,34,0.0008855476544141922,6.726175177429689e-05,-0.00016513044858113267
6,35,0.0008176267827352143,6.817494092272765e-05,-0.00015101028832113816
6,36,0.0007491977725687369,6.835602210231807e-05,-0.00013709607402126364
6,37,0.0006809147385305782,6.79591570109371e-05,-0.00012350885337887948
6,38,0.0006132794585468627,6.713179603173169e-05,-0.00011032833617515502
6,39,0.0005466511464671148,6.600971350440073e-05,-9.759884770870308e-05
6,40,0.00048126003153806124,6.47141279438051e-05,-8.533539163704928e-05
6,41,0.0004172228905795046,6.335043522498395e-05,-7.352933727197683e-05
6,42,0.00035455916108809334,6.200809305642488e-05,-6.215346465104367e-05
6,43,0.00029320670446665484,6.076125133141558e-05,-5.1166260495844856e-05
6,44,0.00023303665842526217,5.966979793745645e-05,-4.051546518237752e-05
6,45,0.00017386710859174193,5.878056589176701e-05,-3.01409360176089e-05
6,46,0.00011547552664172815,5.812851576076347e-05,-1.997692722405791e-05
6,47,5.7610077070215e-05,5.7737763320864077e-05,-9.953902494294867e-06
6,48,0.0,2.88050385351075e-05,-0.0
7,0,0.0,-3.34755429411464e-05,-0.0
7,1,6.69510858822928e-05,-6.714788805997071e-05,-1.0009944669758239e-05
7,2,0.00013429577611994141,-6.771726527906854e-05,-2.011134813464331e-05
7,3,0.0002023856164404299,-6.862744444393259e-05,-3.039078232779113e-05
7,4,0.0002715506650078066,-6.985106778626157e-05,-4.0933143947082806e-05
7,5,0.00034208775201295303,-7.134838078149756e-05,-5.1820484816383005e-05
7,6,0.0004142474265708017,-7.306574456211713e-05,-6.313040646707633e-05
7,7,0.0004882192411371873,-7.493385022330212e-05,-7.493385022330206e-05
7,8,0.0005641151270174059,-7.686576878085665e-05,-8.729210238967756e-05
7,9,0.0006419507786989006,-7.875504268903055e-05,-0.00010025283203799352
7,10,0.000721625212395467,-8.047412042256388e-05,-0.00011384499769135118
7,11,0.0008028990195440283,-8.187355364701012e-05,-0.00012807251487378913
7,12,0.0008853723196894873,-8.278250887639181e-05,-0.00014290668966268464
7,13,0.000968464037296812,-8.301127264933315e-05,-0.0001582776175857846
7,14,0.0010513948649881536,-8.235651494800514e-05,-0.00017406504382154957
7,15,0.0011331770671928222,-8.061006318161625e-05,-0.00019008958875685425
7,16,0.001212614991351386,-7.757175235957202e-05,-0.00020610574271200045
7,17,0.0012883205719119663,-7.306647167867148e-05,-0.0002217985541620646
7,18,0.001358747934708729,-6.696475941047491e-05,-0.00023678633299410755
7,19,0.001422250090732916,-5.92052120877767e-05,-0.0002506317389087435
7,20,0.0014771583588842824,-4.9815709989743575e-05,-0.0002628630476448348
7,21,0.0015218815107124032,-3.89293456289579e-05,-0.00027300594807963584
7,22,0.0015550170501421982,-2.6790480212323525e-05,-0.0002806238932310779
7,23,0.0015754624711370503,-1.3747092573081297e-05,-0.00028536218511674956
7,24,0.0015825112352883608,-2.278299430663079e-07,-0.00028698850046713633
7,25,0.001575918131023183,1.3294365702812175e-05,-0.0002854216635917434
7,26,0.0015559225038827365,2.634653116195102e-05,-0.0002807420845326329
7,27,0.0015232250686992809,3.849995566393167e-05,-0.00027318132644847085
7,28,0.0014789225925548731,4.9406554957868174e-05,-0.00026309333824849177
7,29,0.0014244119587835445,5.8821821254388955e-05,-0.0002509139343047766
7,30,0.0013612789500460952,6.661247528222793e-05,-0.00023711671490797873
7,31,0.0012911870082190887,7.275041107935784e-05,-0.00022217272043390142
7,32,0.0012157781278873795,7.7296769007919e-05,-0.00020651863923291935
7,33,0.0011365934702032507,8.038071200528699e-05,-0.00019053554618395785
7,34,0.0010550167038768056,8.217701835058674e-05,-0.0001745378188312546
7,35,0.0009722394335020772,8.288548892834095e-05,-0.00015877043839799962
7,36,0.0008892457260201237,8.271390297074922e-05,-0.0001434123055436984
7,37,0.0008068116275605788,8.186517037255019e-05,-0.00012858324930359842
7,38,0.0007255153852750233,8.052856033428669e-05,-0.00011435280486160913
7,39,0.0006457545068920054,7.887444068953786e-05,-0.0001007493563297254
7,40,0.0005677665038959476,7.7051775575923e-05,-8.77687404653374e-05
7,41,0.0004916509557401594,7.518761670819617e-05,-7.538181535549519e-05
7,42,0.00041739127047955523,7.338790920624719e-05,-6.354079471620179e-05
7,43,0.000344875137327665,7.173906006432049e-05,-5.2184342661396315e-05
7,44,0.00027391315035091426,7.03098497241732e-05,-4.124153696735577e-05
7,45,0.00020425543787931858,6.915338523597445e-05,-3.063486452949268e-05
7,46,0.00013560637987896536,6.830888908857122e-05,-2.0282431512015003e-05
7,47,6.763765970217614e-05,6.780318993948268e-05,-1.0099568589987738e-05
7,48,0.0,3.381882985108807e-05,-0.0
8,0,0.0,-3.8517337030086765e-05,-0.0
8,1,7.703467406017353e-05,-7.728093332494174e-05,-1.0149304271448525e-05
8,2,0.00015456186664988348,-7.799638709615426e-05,-2.0405899636202914e-05
8,3,0.00023302744825248205,-7.914634553129988e-05,-3.0872881369427066e-05
8,4,0.00031285455771248323,-8.070171399934954e-05,-4.165271098300965e-05
8,5,0.00039443087625118113,-8.261977548637897e-05,-5.284651222409433e-05
8,6,0.0004780941086852412,-8.484212538311235e-05,-6.455284997017809e-05
8,7,0.0005641151270174058,-8.729210238967748e-05,-7.686576878085659e-05
8,8,0.0006526783134645961,-8.987183178486955e-05,-8.987183178486949e-05
8,9,0.0007438587905871449,-9.24590837924751e-05,-0.0001036458681803794
8,10,0.0008375964810495464,-9.490427563791504e-05,-0.00011824512274291436
8,11,0.000933667341862975,-9.702811654259917e-05,-0.00013370152524491843
8,12,0.0010316527141347447,-9.862060842729531e-05,-0.00015001189350436525
8,13,0.0011309085587175656,-9.94423548101597e-05,-0.0001671260931199889
8,14,0.001230537423755064,-9.922935457749664e-05,-0.00018493354837372325
8,15,0.001329367267872559,-9.770258765124653e-05,-0.0002032490750838008
8,16,0.0014259425990575572,-9.45836130440119e-05,-0.00022179979955856276
8,17,0.0015185344939605827,-8.961693379868187e-05,-0.00024021587899745122
8,18,0.001605176466654921,-8.25988693750158e-05,-0.00025802866372217844
8,19,0.0016837322327106143,-7.341101869747359e-05,-0.0002746804844784911
8,20,0.001751998504049868,-6.205420345768622e-05,-0.00028954988253822864
8,21,0.0018078406396259867,-4.86765110920478e-05,-0.0003019942487302688
8,22,0.0018493515262339637,-3.358759847619413e-05,-0.00031140816939950267
8,23,0.001875015836578375,-1.7251930965475853e-05,-0.000317290668658894
8,24,0.0018838553881649154,-2.570189882771315e-07,-0.00031930946900380567
8,25,0.0018755298745549293,1.6741201742117066e-05,-0.00031734782621492205
8,26,0.0018503729846806813,3.3086771567471794e-05,-0.0003115217487569124
8,27,0.0018093563314199857,4.819210838743343e-05,-0.00030216278370005193
8,28,0.0017539887679058144,6.159262793443878e-05,-0.00028977118710161846
8,29,0.001686171075551108,7.297850798553343e-05,-0.0002749516686043498
8,30,0.0016080317519347475,8.220145043635093e-05,-0.0002583461542908608
8,31,0.0015217681746784062,8.926037901811038e-05,-0.00024057544569122756
8,32,0.0014295109938985268,9.427339801334122e-05,-0.00022219658554655853
8,33,0.0013332213786517238,9.74438509109127e-05,-0.0002036776322990833
8,34,0.0012346232920767014,9.902685956025511e-05,-0.0001853878771518598
8,35,0.0011351676595312136,9.930045421028383e-05,-0.00016759968594232637
8,36,0.0010360223836561337,9.854321119671927e-05,-0.0001504977825655541
8,37,0.000938081237137775,9.701865769302638e-05,-0.0001341923335429079
8,38,0.000841985068270081,9.496568900560471e-05,-0.0001187331183708061
8,39,0.0007481498591265656,9.259377790067245e-05,-0.0001041230214831086
8,40,0.000656797512468736,9.008166891803532e-05,-9.032987502960476e-05
8,41,0.000567986521290495,8.757838097411957e-05,-7.72962579781739e-05
8,42,0.0004816407505204969,8.520556575052375e-05,-6.494722847331604e-05
8,43,0.00039757538978944746,8.30605090802616e-05,-5.3196175725789534e-05
8,44,0.0003155197323599737,8.121927606936009e-05,-4.194907352336752e-05
8,45,0.00023513683765072728,7.973967134710778e-05,-3.1107441963853765e-05
8,46,0.00015604038966575816,7.86638117002684e-05,-2.0570309129452357e-05
8,47,7.780921425019048e-05,7.802019483287908e-05,-1.0235432022201412e-05
8,48,0.0,3.890460712509524e-05,-0.0
9,0,0.0,-4.362484721259493e-05,-0.0
9,1,8.724969442518985e-05,-8.755378769617362e-05,-1.0265480224802297e-05
9,2,0.00017510757539234724,-8.844084237704709e-05,-2.0655756244543114e-05
9,3,0.000264131379179284,-8.987425579073933e-05,-3.129232779750886e-05
9,4,0.0003548560869738259,-9.182469864092883e-05,-4.229749763258662e-05
9,5,0.0004477807764611417,-9.4248519768666e-05,-5.3794355380067e-05
9,6,0.0005433531265111579,-9.708500111887939e-05,-6.59061884908014e-05
9,7,0.0006419507786989005,-0.00010025283203799352,-7.87550426890306e-05
9,8,0.0007438587905871449,-0.00010364586818037945,-9.24590837924751e-05
9,9,0.0008492425150596594,-0.00010712833364707542,-0.00010712833364707542
9,10,0.0009581154578812958,-0.00011052977748710291,-0.0001228582794701027
9,11,0.0010703020700338652,-0.00011364032440846101,-0.0001397208142846413
9,12,0.0011853961066982178,-0.00011620707675146229,-0.00015775200012292732
9,13,0.0013027162235367898,-0.00011793292751869115,-0.00017693632168797057
9,14,0.0014212619617356,-0.00011847949691181703,-0.00019718750641575062
9,15,0.0015396752173604238,-0.00011747631436645576,-0.0002183267320117738
9,16,0.0016562145904685116,-0.00011453855627322244,-0.00024006021313231047
9,17,0.0017687523299068687,-0.00010929533584228717,-0.0002619597631486738
9,18,0.001874805262153086,-0.00010142936489151478,-0.0002834517866065169
9,19,0.0019716110596898983,-9.07264309038269e-05,-0.00030382177451563524
9,20,0.0020562581239607397,-7.712947424152127e-05,-0.0003222418317593988
9,21,0.002125870008172941,-6.078763249023193e-05,-0.0003378268103312411
9,22,0.0021778333889412036,-4.208690014094875e-05,-0.0003497191243657295
9,23,0.0022100438084548383,-2.1648392177384297e-05,-0.00035719324530401626
9,24,0.002221130173295972,-2.849874990943496e-07,-0.00035976047579610215
9,25,0.002210613783453027,2.1082085949705428e-05,-0.0003572478472286143
9,26,0.0021789660013965613,4.153157367682114e-05,-0.00034982762537457324
9,27,0.0021275506360993847,6.0250517319225625e-05,-0.00033798780982482047
9,28,0.00205846496675811,7.661767005357032e-05,-0.0003224532415071446
9,29,0.001974315295992244,9.024685406514661e-05,-0.0003040808337627086
9,30,0.0018779712586278168,0.00010098869819535016,-0.0002837550820579206
9,31,0.0017723378996015438,0.00010889997982366012,-0.0002623032536972469
9,32,0.0016601712989804966,0.00011419458240006326,-0.00024043925916652185
9,33,0.0015439487348014173,0.00011718942039998573,-0.0002187361291102794
9,34,0.0014257924581805251,0.00011825496470734367,-0.0001976215232086442
9,35,0.00130743880538673,0.00011777558351464663,-0.0001773887416397455
9,36,0.001190241291151232,0.00011612125537016767,-0.00015821616696947403
9,37,0.0010751962946463946,0.00011362983456729821,-0.0001401896808362358
9,38,0.0009629816220166355,0.00011059787239408599,-0.00012332445947428768
9,39,0.0008540005498582226,0.00010727768403073919,-0.00010758415638960003
9,40,0.0007484262539551571,0.00010387853908085771,-9.289665110094424e-05
9,41,0.0006462434716965072,0.00010057026326448489,-7.91662879925392e-05
9,42,0.0005472857274261873,9.748799145863155e-05,-6.628293757944843e-05
9,43,0.00045126748877924406,9.473721501426901e-05,-5.412838850071564e-05
9,44,0.0003578112973976493,9.239858348610898e-05,-4.258061255140222e-05
9,45,0.0002664703218070261,9.053214962988961e-05,-3.151640345552051e-05
9,46,0.00017674699813787008,8.918089903022357e-05,-2.0812816629592673e-05
9,47,8.810852374657896e-05,8.837349906893504e-05,-1.0347758081654994e-05
9,48,0.0,4.405426187328948e-05,-0.0
10,0,0.0,-4.878281725488906e-05,-0.0
10,1,9.756563450977813e-05,-9.793668956948485e-05,-1.0343011897070574e-05
10,2,0.0001958733791389697,-9.902323466886082e-05,-2.0829568478416793e-05
10,3,0.0002956121038474998,-0.00010078808691934338,-3.16010555836936e-05
10,4,0.00039744955297765647,-0.00010320374158190768,-4.280156093068791e-05
10,5,0.0005020195870113151,-0.00010622846634459376,-5.4578821432569024e-05
10,6,0.000609906485666844,-0.00010980281269207595,-6.708459280211948e-05
10,7,0.000721625212395467,-0.00011384499769135118,-8.047412042256393e-05
10,8,0.0008375964810495464,-0.00011824512274291436,-9.490427563791504e-05
10,9,0.0009581154578812958,-0.0001228582794701027,-0.00011052977748710291
10,10,0.0010833130399897518,-0.00012749675627548093,-0.00012749675627548093
10,11,0.0012131089704322576,-0.00013192183719542378,-0.0001459327574057968
10,12,0.0013471567143805993,-0.00013583611583062457,-0.00016593218294246774
10,13,0.0014847812020935068,-0.000138877861102983,-0.00018753621584266826
10,14,0.0016249124365865654,-0.00014061976490129988,-0.0002107066126222785
10,15,0.0017660207318961065,-0.00014057529436780638,-0.00023529358734471185
10,16,0.001906063025322178,-0.00013821664418091188,-0.0002609995807622579
10,17,0.0020424540202579303,-0.0001330085072728883,-0.00028734320378852134
10,18,0.0021720800398679547,-0.00012446088074197724,-0.000313631030286906
10,19,0.0022913757817418848,-0.00011220106385035548,-0.00033894863829026607
10,20,0.0023964821675686657,-9.605923927329205e-05,-0.0003621849400019593
10,21,0.002483494260288469,-7.615380369837849e-05,-0.0003821029385047243
10,22,0.0025487897749654227,-5.295403344896931e-05,-0.0003974626083917932
10,23,0.0025894023271864075,-2.7293282395848524e-05,-0.0004071858871687983
10,24,0.0026033763397571197,-3.1162091287516985e-07,-0.0004105324508254101
10,25,0.002590025569012158,2.6674052163645984e-05,-0.0004072377103981513
10,26,0.0025500282354298277,5.2346808971265616e-05,-0.00039756558779486476
10,27,0.0024853319510696266,7.556649225486209e-05,-0.0003822557447916565
10,28,0.0023988952509201036,9.549960399655067e-05,-0.00036238559125900444
10,29,0.0022943327430765253,0.00011167666743475742,-0.0003391945143144345
10,30,0.0021755419160505887,0.00012397903050181264,-0.00031391889154889563
10,31,0.0020463746820729,0.0001325762019095091,-0.00028766921489750783
10,32,0.0019103895122315705,0.0001378405226003087,-0.00026135933827707363
10,33,0.0017706936368722826,0.00014026158686879036,-0.00023568215174848463
10,34,0.0016298663384939898,0.00014037424703078902,-0.00021111854425195486
10,35,0.0014899451428107046,0.000138705810449454,-0.0001879656145411864
10,36,0.0013524547175950818,0.00013574227200022898,-0.00016637273117979556
10,37,0.0012184605988102466,0.00013191036518821273,-0.00014637776659567458
10,38,0.0010886339872186563,0.00012757121345224046,-0.00012793921599753153
10,39,0.0009633181719057657,0.0001230215862740159,-0.00011096240730897809
10,40,0.0008425908146706245,0.00011849953731509616,-9.531957921925694e-05
10,41,0.0007263190972755733,0.00011419209449561537,-8.086444157169505e-05
10,42,0.0006142066256793938,0.0001102434652423473,-6.744217314739965e-05
10,43,0.0005058321667908787,0.0001067628341083078,-5.489585936314722e-05
10,44,0.00040068095746277816,0.00010383126111455522,-4.307027145577686e-05
10,45,0.0002981696445617683,0.00010150746726891733,-3.181373075537277e-05
10,46,0.0001976660229249435,9.983245707413392e-05,-2.09786380201929e-05
10,47,9.850473041350047e-05,9.883301146247175e-05,-1.0421103678886644e-05
10,48,0.0,4.925236520675023e-05,-0.0
11,0,0.0,-5.39678591096655e-05,-0.0
11,1,0.000107935718219331,-0.00010838335617459041,-1.036501007763572e-05
11,2,0.00021676671234918083,-0.00010969888606367011,-2.0892940387570497e-05
11,3,0.0003273334903466712,-0.00011184624824301044,-3.174594368493959e-05
11,4,0.0004404592088352017,-0.00011480246448980426,-4.309127988748156e-05
11,5,0.0005569384193262797,-0.00011853155164009757,-5.5103548862201054e-05
11,6,0.0006775223121153969,-0.0001229803001088743,-6.796642457126576e-05
11,7,0.0008028990195440283,-0.00012807251487378907,-8.187355364701018e-05
11,8,0.000933667341862975,-0.00013370152524491843,-9.702811654259917e-05
11,9,0.0010703020700338652,-0.0001397208142846413,-0.00011364032440846101
11,10,0.0012131089704322576,-0.0001459327574057968,-0.00013192183719542368
11,11,0.0013621675848454588,-0.00015207575107544782,-0.00015207575107544782
11,12,0.0015172604725831533,-0.00015781053518833374,-0.0001742804615111962
11,13,0.0016777886552221263,-0.0001627073571985019,-0.0001986654667801626
11,14,0.001842675186980157,-0.00016623686841386062,-0.00022527723550548032
11,15,0.0020102623920498475,-0.00016776928250643514,-0.0002540339546824034
11,16,0.0021782137519930273,-0.00016658817271703193,-0.0002846697857186966
11,17,0.0023434387374839114,-0.00016192678536693528,-0.0003166727578067935
11,18,0.002502067322726898,-0.0001530347993932595,-0.00034922604750846787
11,19,0.0026495083362704304,-0.0001392803406188802,-0.00038116988381686474
11,20,0.0027806280039646583,-0.00012028377445597949,-0.00041100888536682785
11,21,0.0028900758851823894,-9.606530088006587e-05,-0.0004369929825225364
11,22,0.00297275860572479,-6.716984880502275e-05,-0.0004572923136514865
11,23,0.003024415582792435,-3.471823461100119e-05,-0.0004702607835285035
11,24,0.0030421950749467924,-3.3681072844735267e-07,-0.0004747397247432
11,25,0.0030250892042493296,3.404894898025078e-05,-0.0004703096175732869
11,26,0.002974097176986291,6.651353928331595e-05,-0.000457389353178572
11,27,0.0028920621256826977,9.543051385508595e-05,-0.00043713697494906795
11,28,0.002783236149276119,0.00011967890053079231,-0.00041119796314323777
11,29,0.002652704324621113,0.0001387135537752554,-0.0003814015779313414
11,30,0.002505809041725608,0.0001525139976122768,-0.0003494973053519046
11,31,0.0023476763293965594,0.00016145953309548212,-0.00031697996527932696
11,32,0.002182889975534644,0.00016618164554908646,-0.0002850087934315918
11,33,0.0020153130382983865,0.0001674302144251045,-0.0002544001080831853
11,34,0.0018480295466844349,0.0001659715019146419,-0.00022566540873006369
11,35,0.0016833700344691027,0.00016252139658680593,-0.00019907010001342536
11,36,0.001522986753510823,0.0001577091033156795,-0.00017469560161711712
11,37,0.0013679518278377437,0.00015206334974956224,-0.00015249509523962467
11,38,0.0012188600540116985,0.00014601323168078248,-0.0001323387793065741
11,39,0.0010759253644761788,0.00013989732080901379,-0.00011404800389130286
11,40,0.000939065412393671,0.00013397650481814075,-9.741946934231231e-05
11,41,0.0008079723548398973,0.00012844766933634217,-8.224136505516355e-05
11,42,0.0006821700737209866,0.00012345657366717938,-6.830338357457165e-05
11,43,0.0005610592075055385,0.0001191091167058918,-5.5402303688595615e-05
11,44,0.000443951840309203,0.00011548071209388342,-4.334449441869092e-05
11,45,0.00033009778331777166,0.00011262378306547357,-3.194635440075281e-05
11,46,0.00021870427417825588,0.0001105735261067097,-2.1033413504384366e-05
11,47,0.00010895073110435225,0.00010935213708912794,-1.043859854235424e-05
11,48,0.0,5.4475365552176124e-05,-0.0
12,0,0.0,-5.914782733252478e-05,-0.0
12,1,0.00011829565466504957,-0.00011882962995705535,-1.031360116329929e-05
12,2,0.0002376592599141107,-0.00012040416827616468,-2.08092926295536e-05
12,3,0.00035910399121737895,-0.00012298642641925446,-3.167003892064194e-05
12,4,0.0004836321127526196,-0.00012656134675916915,-4.308682726910965e-05
12,5,0.0006122266847357172,-0.00013110361102837797,-5.5262536117463724e-05
12,6,0.0007458393348093755,-0.00013657281747688507,-6.841550571529977e-05
12,7,0.0008853723196894874,-0.0001429066896626846,-8.278250887639187e-05
12,8,0.0010316527141347447,-0.0001500118935043652,-9.862060842729542e-05
12,9,0.0011853961066982178,-0.0001577520001229272,-0.00011620707675146229
12,10,0.0013471567143805991,-0.00016593218294246774,-0.00013583611583062457
12,11,0.0015172604725831533,-0.0001742804615111963,-0.00015781053518833395
12,12,0.0016957176374029917,-0.00018242583153533934,-0.00018242583153533934
12,13,0.001882112135653832,-0.00018987463509726713,-0.00020994334926468866
12,14,0.002075466907597526,-0.0001959882528035407,-0.00024054860587457755
12,15,0.0022740886412609134,-0.00019996784458102264,-0.00027429090167936415
12,16,0.0024754025967595713,-0.00020085544730530196,-0.00031100181603248246
12,17,0.0026757995358715173,-0.0001975647690626596,-0.00035019435718967396
12,18,0.0028705321348848904,-0.0001889580067520485,-0.0003909528602786764
12,19,0.0030537155493756143,-0.00017398390170871546,-0.00043183721213344863
12,20,0.0032184999383023214,-0.0001518823379789637,-0.0004708424174253408
12,21,0.0033574802253335417,-0.00012243723198303714,-0.0005054696861694187
12,22,0.0034633744022683956,-8.62218344549364e-05,-0.0005329642085504353
12,23,0.0035299238942434145,-4.474069348756201e-05,-0.0005507377171856476
12,24,0.0035528557892435197,-3.604549576585996e-07,-0.0005569086078846752
12,25,0.0035306448041587317,4.402442372827397e-05,-0.0005507833650089647
12,26,0.0034648069417869717,8.551945159548458e-05,-0.0005330549166628958
12,27,0.0033596059009677625,0.00012175788229019631,-0.0005056042837472167
12,28,0.003221291177206579,0.0001512350010142772,-0.0004710191588156393
12,29,0.003057135898939208,0.00017337732522609058,-0.0004320537894743617
12,30,0.002874536526754398,0.0001884006431538271,-0.0003912064201944034
12,31,0.002680334612631554,0.0001970647138298219,-0.00035048152144986086
12,32,0.002480407099094754,0.00020042037979645035,-0.0003113187060393859
12,33,0.0022794938530386532,0.00019960497157031848,-0.00027463316662222474
12,34,0.002081197155954117,0.00019570425510054897,-0.00024091145436805632
12,35,0.0018880853428375553,0.00018967561756240057,-0.00021032158426735777
12,36,0.001701845920829316,0.00018231727677402968,-0.00018281388832519204
12,37,0.001523450789289496,0.00017426718749875576,-0.00015820252215515177
12,38,0.0013533115458318045,0.00016601830480056227,-0.00013622585782981696
12,39,0.0011914141796883714,0.00015794089623827768,-0.00011658816075066922
12,40,0.0010374297533552491,0.00015030617615123548,-9.898643116557521e-05
12,41,0.0008908018273859004,0.00014330818026335603,-8.312632624610564e-05
12,42,0.0007508133928285371,0.00013708252660891523,-6.873048356876649e-05
12,43,0.00061663677416807,0.00013172172326418854,-5.554180219397595e-05
12,44,0.00048736994630016,0.00012728721040239802,-4.332352393284807e-05
12,45,0.00036206235336327393,0.0001238185481832239,-3.1857376396291566e-05
12,46,0.00023973284993371224,0.0001213402129325325,-2.094060241989805e-05
12,47,0.00011938192749820895,0.00011986642496685612,-1.0382389331656056e-05
12,48,0.0,5.9690963749104473e-05,-0.0
13,0,0.0,-6.428146027296479e-05,-0.0
13,1,0.00012856292054592958,-0.00012919264880414402,-1.0170561251978052e-05
13,2,0.00025838529760828803,-0.00013105532382101274,-2.0541121334255704e-05
13,3,0.0003906735681879551,-0.0001341237828825665,-3.131441149388815e-05
13,4,0.000526632863373421,-0.00013839496168662605,-4.270455410588687e-05
13,5,0.0006674634915612072,-0.0001438602300862877,-5.494291216009994e-05
13,6,0.0008143533235459964,-0.00015050027286780244,-6.828400065129472e-05
13,7,0.0009684640372968121,-0.00015827761758578472,-8.301127264933309e-05
13,8,0.0011309085587175658,-0.00016712609311998885,-9.944235481015992e-05
13,9,0.0013027162235367898,-0.00017693632168797047,-0.00011793292751869115
13,10,0.0014847812020935068,-0.00018753621584266847,-0.00013887786110298322
13,11,0.0016777886552221267,-0.0001986654667801626,-0.000162707357198502
13,12,0.001882112135653832,-0.00020994334926468844,-0.00018987463509726713
13,13,0.0020976753537515036,-0.0002208301315377401,-0.0002208301315377401
13,14,0.002323772398729312,-0.00023058442082853612,-0.00025597538736808105
13,15,0.002558844195408576,-0.00023822249266434005,-0.0002955882558564921
13,16,0.0028002173840579923,-0.00024249162822734174,-0.0003397109072080973
13,17,0.0030438274518632593,-0.0002418778296131292,-0.00038799546559736527
13,18,0.0032839730432842507,-0.00023467765433703418,-0.0004395124048951651
13,19,0.0035131827605373277,-0.0002191698977655446,-0.0004925482008390745
13,20,0.00372231283881534,-0.0001939162484919496,-0.0005444535752370161
13,21,0.003901015257521227,-0.0001581870920051604,-0.0005916464229187384
13,22,0.004038687022825661,-0.00011243787982125161,-0.0006299007246261278
13,23,0.00412589101716373,-5.8662633945241044e-05,-0.0006550158998225942
13,24,0.004156012290716143,-3.82458551764428e-07,-0.0006638035147372753
13,25,0.004126655934267259,5.7902640202030144e-05,-0.000655058178665106
13,26,0.0040402070103120824,0.00011169262054506394,-0.0006299847381565466
13,27,0.003903270693177131,0.00015746627170234247,-0.0005917710867579158
13,28,0.0037252744669073975,0.0001932293948036473,-0.0005446172726150569
13,29,0.0035168119035698365,0.00021852629239649127,-0.0004927487942805147
13,30,0.003288221882114415,0.00023408626563677765,-0.0004397472516776907
13,31,0.003048639372296281,0.00024134724725049963,-0.0003882614368815821
13,32,0.0028055273876134157,0.0002420300003767226,-0.0003400044107122321
13,33,0.002564579371542836,0.0002378374660964341,-0.0002959052619276074
13,34,0.0023298524554205475,0.00023028308426950887,-0.00025631145828044566
13,35,0.0021040132030038182,0.0002206189626296702,-0.00022118045382970382
13,36,0.001888614530161207,0.00020982816542788549,-0.00019023405474033104
13,37,0.0016843568721480473,0.0001986513802449373,-0.00016307041737638147
13,38,0.0014913117696713325,0.00018762759308526503,-0.00013923884236430892
13,39,0.0013091016859775172,0.00017713674747325554,-0.00011828589005460368
13,40,0.0011370382747248214,0.00016743833932270433,-9.978118259735072e-05
13,41,0.0009742250073321086,0.0001587036169331509,-8.332971919003857e-05
13,42,0.0008196310408585196,0.00015104109771930908,-6.85757360342235e-05
13,43,0.0006721428118934904,0.00014451607634181023,-5.520157116020106e-05
13,44,0.0005305988881748992,0.0001391651378915678,-4.292378503612776e-05
13,45,0.0003938125361103548,0.0001350067045784236,-3.1487925518695285e-05
13,46,0.000260585479018052,0.00013204851317134521,-2.0662741951885834e-05
13,47,0.00012971550976766436,0.000130292739509026,-1.023427365175511e-05
13,48,0.0,6.485775488383218e-05,-0.0
14,0,0.0,-6.931838858450283e-05,-0.0
14,1,0.00013863677716900567,-0.00013937075129131105,-9.918154063555488e-06
14,2,0.0002787415025826221,-0.0001415480185180748,-2.0051689365509434e-05
14,3,0.00042173281420515525,-0.0001451498591908856,-3.0620721510288284e-05
14,4,0.0005690412209643933,-0.00015018984742538093,-4.186043933787609e-05
14,5,0.0007221125090559171,-0.00015668305757378582,-5.40292251646251e-05
14,6,0.000882407336111965,-0.00016464117796611823,-6.7417383406427e-05
14,7,0.0010513948649881536,-0.0001740650438215498,-8.235651494800509e-05
14,8,0.0012305374237550645,-0.00018493354837372325,-9.922935457749664e-05
14,9,0.0014212619617356,-0.00019718750641575051,-0.00011847949691181703
14,10,0.0016249124365865656,-0.0002107066126222786,-0.00014061976490129988
14,11,0.0018426751869801573,-0.0002252772355054802,-0.0001662368684138604
14,12,0.002075466907597526,-0.00024054860587457744,-0.0001959882528035407
14,13,0.002323772398729312,-0.00025597538736808105,-0.00023058442082853634
14,14,0.002587417682333688,-0.0002707463771222927,-0.0002707463771222927
14,15,0.0028652651529738975,-0.00028370336442103887,-0.00031712338056615573
14,16,0.003154824411175766,-0.00029326265704617514,-0.0003701519619705236
14,17,0.003451790467066248,-0.0002973662667497274,-0.0004298360768843609
14,18,0.0037495569446752207,-0.00029351074199375775,-0.0004954364079041067
14,19,0.004038811951053763,-0.00027892507205056643,-0.0005650845193035472
14,20,0.0043074070887763535,-0.00025098056005862755,-0.0006353976536043672
14,21,0.004540773071171018,-0.0002078843813721489,-0.0007012681300510085
14,22,0.004723175851520651,-0.00014959131135879218,-0.0007561109932856477
14,23,0.004839955693888603,-7.864348359870946e-05,-0.0007928765407638158
14,24,0.00488046281871807,-4.0273380017040797e-07,-0.0008058877902696981
14,25,0.004840761161488944,7.784320030900264e-05,-0.0007929152829110977
14,26,0.004724776418100065,0.00014880654350267475,-0.0007561879789626863
14,27,0.004543148074483594,0.00020712534783168604,-0.0007013823656228117
14,28,0.004310525722436693,0.00025025729349167827,-0.0006355476575945461
14,29,0.0040426334875002376,0.00027824734616345675,-0.0005652683330985414
14,30,0.0037540310301097794,0.0002928880005527597,-0.0004956516099144288
14,31,0.003456857486394718,0.0002968075547952805,-0.000430079800069177
14,32,0.0031604159205192183,0.0002927765547504251,-0.00037042091461027965
14,33,0.002871304376893868,0.0002832979240021049,-0.0003174138701475286
14,34,0.0025938200725150085,0.00027042906319845253,-0.000271054337180587
14,35,0.002330446250496963,0.0002557530211025152,-0.0002309054405749511
14,36,0.002082314030309978,0.00024042731322735202,-0.0001963176093485254
14,37,0.0018495916240422589,0.00022526239987477787,-0.00016656956138318493
14,38,0.0016317892305604223,0.00021080283212234006,-0.0001409505532284415
14,39,0.0014279859597975788,0.00019739855600523588,-0.00011880293757885851
14,40,0.0012369921185499506,0.0001852623470158006,-9.953984306685715e-05
14,41,0.0010574612657659776,0.00017451362682648324,-8.264832715895477e-05
14,42,0.0008879648648969841,0.00016521067463875274,-6.768471878338132e-05
14,43,0.0007270399164884721,0.00015737367426228428,-5.426625077856889e-05
14,44,0.0005732175163724155,0.0001510008560439038,-4.206133465786731e-05
14,45,0.0004250382044006645,0.0001460795912674658,-3.077972359870901e-05
14,46,0.0002810583338374839,0.00014259386479947267,-2.0163138228507813e-05
14,47,0.00013985047480171917,0.00014052916691874195,-9.976537886866762e-06
14,48,0.0,6.992523740085958e-05,-0.0
15,0,0.0,-7.419961433652028e-05,-0.0
15,1,0.00014839922867304056,-0.00014924433816965345,-9.540165468417919e-06
15,2,0.0002984886763393069,-0.00015175789126774556,-1.9307144198827558e-05
15,3,0.00045191501120853166,-0.00015593253285493315,-2.9534511825081482e-05
15,4,0.0006103537420491732,-0.00016180346534096286,-4.047467669023242e-05
15,5,0.0007755219418904574,-0.0001694171741548386,-5.240943778020169e-05
15,6,0.0009491880903588504,-0.00017882756265118243,-6.566188876079565e-05
15,7,0.0011331770671928222,-0.00019008958875685436,-8.061006318161635e-05
15,8,0.0013293672678725591,-0.0002032490750838008,-9.770258765124642e-05
15,9,0.0015396752173604238,-0.0002183267320117737,-0.00011747631436645576
15,10,0.0017660207318961065,-0.00023529358734471185,-0.00014057529436780627
15,11,0.0020102623920498475,-0.0002540339546824034,-0.00016776928250643525
15,12,0.0022740886412609134,-0.00027429090167936437,-0.00019996784458102242
15,13,0.0025588441954085763,-0.0002955882558564921,-0.00023822249266434005
15,14,0.0028652651529738975,-0.0003171233805661555,-0.00028370336442103887
15,15,0.0031930909565408873,-0.000337628077512571,-0.000337628077512571
15,16,0.0035405213079990395,-0.00035520432454554693,-0.000401108523568752
15,17,0.003903499605631981,-0.00036716227554671227,-0.0004748688615807911
15,18,0.004274845859092464,-0.00036992609675622046,-0.0005587828588329167
15,19,0.004643351799144422,-0.00035913114346580515,-0.0006512000278890272
15,20,0.004993108146024074,-0.0003300998592394109,-0.0007481126245230461
15,21,0.005303551517623244,-0.00027890043168644083,-0.0008424043636232697
15,22,0.005550909009396956,-0.00020404629053405888,-0.0009237283724872801
15,23,0.005711644098691362,-0.00010843943092929149,-0.0009798461418975553
15,24,0.005767787871255539,-4.212006990463729e-07,-0.0010000522683255558
15,25,0.005712486500089454,0.000107602451509042,-0.0009798811953847606
15,26,0.005552582968237455,0.00020322553783334993,-0.0009237980283359412
15,27,0.0053060354244227545,0.00027810659307048267,-0.0008425077228379012
15,28,0.00499636978209649,0.0003293434273279176,-0.0007482483467287702
15,29,0.004647348569766919,0.00035842234007660853,-0.0006513663410130707
15,30,0.004279525101943273,0.00036927479866614207,-0.0005589775719131104
15,31,0.003908798972434635,0.0003665779425546488,-0.0004750893806165222
15,32,0.003546369216833975,0.00035469593029837103,-0.0004013518703103738
15,33,0.003199407111837893,0.00033720404352612673,-0.000337890911066732
15,34,0.0028719611297817215,0.00031679151384208636,-0.0002839820055321471
15,35,0.0025658240841537204,0.0002953556904617318,-0.0002385129505162978
15,36,0.002281249748858258,0.00027416404461965164,-0.0002002658459487178
15,37,0.002017495994914417,0.0002540184363650212,-0.00016807030307322134
15,38,0.0017732128761282155,0.00023539421688959145,-0.0001408745920133675
15,39,0.0015467075611352342,0.0002185474576348399,-0.00011776896421907381
15,40,0.0013361179608585357,0.00020359294974260807,-9.798351868949007e-05
15,41,0.001139521661650018,0.00019055874121662672,-8.087409616281804e-05
15,42,0.0009550004784252823,0.00017942317409969495,-6.590377524731336e-05
15,43,0.0007806753134506282,0.00017013946046732424,-5.262390002929351e-05
15,44,0.0006147215574906338,0.00016265166507142768,-4.0656448169310174e-05
15,45,0.0004553719833077728,0.00015690490100778309,-2.967837811109107e-05
15,46,0.0003009117554750676,0.00015285169888318745,-1.9407984018445976e-05
15,47,0.00014966858554139788,0.0001504558777375338,-9.592991634586713e-06
15,48,0.0,7.483429277069894e-05,-0.0
16,0,0.0,-7.885855405292075e-05,-0.0
16,1,0.0001577171081058415,-0.0001586778954901386,-9.023098069320607e-06
16,2,0.0003173557909802772,-0.00016154236487473837,-1.8278995761832897e-05
16,3,0.0004808018378553182,-0.00016631739168229047,-2.800914640394006e-05
16,4,0.0006499905743448582,-0.00017306477338050114,-3.8477335956550534e-05
16,5,0.0008269313846163205,-0.00018187026964434905,-4.99826442696705e-05
16,6,0.0010137311136335563,-0.0001928418033675329,-6.287464763880156e-05
16,7,0.0012126149913513863,-0.00020610574271200056,-7.757175235957212e-05
16,8,0.0014259425990575574,-0.00022179979955856265,-9.45836130440118e-05
16,9,0.0016562145904685116,-0.00024006021313231036,-0.00011453855627322244
16,10,0.001906063025322178,-0.0002609995807622581,-0.00013821664418091188
16,11,0.0021782137519930278,-0.00028466978571869636,-0.00016658817271703171
16,12,0.002475402596759571,-0.00031100181603248224,-0.00020085544730530174
16,13,0.0028002173840579923,-0.0003397109072080975,-0.0002424916282273413
16,14,0.003154824411175766,-0.0003701519619705236,-0.00029326265704617514
16,15,0.0035405213079990395,-0.000401108523568752,-0.00035520432454554693
16,16,0.00395704145831327,-0.0004305034411143953,-0.00043050344111439484
16,17,0.00440152819022783,-0.00045504060201389217,-0.0005211979920858101
16,18,0.004867122662341054,-0.00046984190830199387,-0.0006285707242434132
16,19,0.005341212006831818,-0.0004682548377406958,-0.0007520875736639352
16,20,0.005803632337822446,-0.00044218489579287,-0.0008877930860771016
16,21,0.006225581798417558,-0.0003835001293363829,-0.0010263550162307
16,22,0.006570632596495212,-0.0002870330896330778,-0.0011516319009574395
16,23,0.006799647977683713,-0.00015496737943698508,-0.0012417217371661934
16,24,0.006880567355369182,-4.377872873757502e-07,-0.001275072615901852
16,25,0.006800523552258465,0.00015409744029861719,-0.0012417529664152222
16,26,0.006572372474771947,0.0002861800160495341,-0.0011516939575652208
16,27,0.0062281635201593966,0.000382675029438857,-0.0010264470993161354
16,28,0.005807022415894233,0.00044139867531650884,-0.0008879140015479346
16,29,0.005345366169526379,0.0004675181209791166,-0.0007522357428383034
16,30,0.004871986173936,0.0004691649609493082,-0.0006287441952563277
16,31,0.0044070362476277625,0.00045443325639801715,-0.0005213944540055039
16,32,0.003963119661139966,0.00042997502430021524,-0.00043072024067616335
16,33,0.003547086199027332,0.0004006677887803316,-0.0003554384853942515
16,34,0.0031617840835793027,0.00036980702374888675,-0.00029351090136318643
16,35,0.0028074721515295585,0.0003394691806859445,-0.00024275040060337916
16,36,0.0024828457222074137,0.0003108699606704285,-0.00020112094070756604
16,37,0.0021857322301887016,0.00028465365381012816,-0.0001668563563871461
16,38,0.0019135384145871574,0.0002611041709764876,-0.00013848329328963185
16,39,0.0016635238882357264,0.00024028962932911332,-0.00011479928314852628
16,40,0.0014329591559289307,0.00022215721507205636,-9.483389978111876e-05
16,41,0.0012192094580916136,0.00020659337026865995,-7.780698461453458e-05
16,42,0.0010197724153916108,0.00019346087077227726,-6.309014940155934e-05
16,43,0.0008322877165470591,0.00018262100134028747,-5.017371340778286e-05
16,44,0.0006545304127110359,0.00017394637796210624,-3.863928031712686e-05
16,45,0.00048439496062284665,0.00016732805541833,-2.813732025854797e-05
16,46,0.00031987430187437586,0.00016267925127597701,-1.836883637727451e-05
16,47,0.0001590364580708926,0.00015993715093718793,-9.070162186099125e-06
16,48,0.0,7.95182290354463e-05,-0.0
17,0,0.0,-8.322271240584089e-05,-0.0
17,1,0.00016644542481168177,-0.00016752333393148635,-8.357453504186124e-06
17,2,0.0003350466678629727,-0.000170743939602365,-1.6946811059946306e-05
17,3,0.0005079333040164118,-0.00017613087304965079,-2.601018627468901e-05
17,4,0.0006873084139622743,-0.0001837769632066933,-3.581484414033918e-05
17,5,0.0008754872304297984,-0.00019381448583708963,-4.666825270212071e-05
17,6,0.0010749373856364535,-0.00020641667074108405,-5.893634351657477e-05
17,7,0.0012883205719119665,-0.0002217985541620646,-7.306647167867138e-05
17,8,0.0015185344939605827,-0.0002402158789974511,-8.961693379868187e-05
17,9,0.0017687523299068687,-0.0002619597631486738,-0.00010929533584228728
17,10,0.0020424540202579303,-0.0002873432037885211,-0.0001330085072728883
17,11,0.002343438737483911,-0.0003166727578067933,-0.00016192678536693507
17,12,0.002675799535871517,-0.00035019435718967396,-0.0001975647690626598
17,13,0.003043827451863259,-0.0003879954655973655,-0.0002418778296131292
17,14,0.003451790467066248,-0.00042983607688436114,-0.000297366266749727
17,15,0.003903499605631981,-0.0004748688615807907,-0.00036716227554671227
17,16,0.004401528190227829,-0.0005211979920858101,-0.00045504060201389217
17,17,0.004945895589803601,-0.0005652295586757307,-0.0005652295586757302
17,18,0.0055319873075792905,-0.0006008156783343455,-0.0007017920043463589
17,19,0.006147526946472292,-0.0006183535052994935,-0.0008671999944482697
17,20,0.006768694318178278,-0.0006043673018061757,-0.0010596163707728107
17,21,0.007356261550084644,-0.0005427392465667787,-0.001268586144496244
17,22,0.007854172811311835,-0.0004194130114695523,-0.0014699561684301493
17,23,0.008195087573023748,-0.00023188014587370402,-0.001623791616935343
17,24,0.008317933103059243,-4.5242994807515036e-07,-0.0016835238823923854
17,25,0.008195992432919899,0.00023098110984567325,-0.0016238189033199514
17,26,0.007855970883367897,0.00041853140493243674,-0.0014700103900699988
17,27,0.007358929623055025,0.0005418865490877688,-0.0012686666016645662
17,28,0.006772197785192359,0.0006035547838057495,-0.0010597220201926196
17,29,0.006151820055443526,0.0006175921463682154,-0.0008673294568214479
17,30,0.005537013492455928,0.0006001160874989416,-0.0007019435743150673
17,31,0.004951587880445643,0.0005646018971348131,-0.0005654012171508538
17,32,0.004407809698186302,0.0005206518989096234,-0.0004552300307900945
17,33,0.003910284082626396,0.00047441338283910365,-0.000367366874109375
17,34,0.0034589829325080944,0.0004294795986329587,-0.00029758317116555344
17,35,0.0030513248853604787,0.0003877456511173522,-0.00024210393338371843
17,36,0.00268349163027339,0.0003500580888358847,-0.0001977967458088915
17,37,0.0023512087076887093,0.0003166560837829554,-0.00016216111320159878
17,38,0.002050179462707479,0.00028745129012821126,-0.00013324149470969756
17,39,0.0017763061274322868,0.000262196851143353,-0.00010952314908120305
17,40,0.0015257857604207732,0.00024058524827659977,-8.983562522032486e-05
17,41,0.0012951356308790872,0.00022230249159618614,-7.327200937450582e-05
17,42,0.001081180777228401,0.00020705644530644667,-5.9124641676432284e-05
17,43,0.0008810227402661939,0.00019459032955175673,-4.683520267645619e-05
17,44,0.0006920001181248875,0.00018468805822066258,-3.595634599132692e-05
17,45,0.0005116466238248688,0.00017717534494763543,-2.6122180627794628e-05
17,46,0.0003376494282296166,0.0001719188569556363,-1.7025311065913852e-05
17,47,0.00016780890991359613,0.0001688247141148083,-8.398576720413745e-06
17,48,0.0,8.390445495679807e-05,-0.0
18,0,0.0,-8.721600755710688e-05,-0.0
18,1,0.00017443201511421375,-0.00017562470655008492,-7.538992213483136e-06
18,2,0.00035124941310016983,-0.00017919509764524123,-1.530089864838942e-05
18,3,0.0005328222104046962,-0.00018518542476268334,-2.3519848789307397e-05
18,4,0.0007216202626255365,-0.00019372283980793284,-3.245679579459942e-05
18,5,0.0009202678900205619,-0.00020499176902058464,-4.241601074366267e-05
18,6,0.0011316038006667058,-0.00021924002234408356,-5.3765684628336876e-05
18,7,0.001358747934708729,-0.00023678633299410766,-6.69647594104747e-05
18,8,0.0016051764666549211,-0.00025802866372217855,-8.25988693750158e-05
18,9,0.0018748052621530861,-0.0002834517866065168,-0.00010142936489151478
18,10,0.0021720800398679547,-0.0003136310302869059,-0.00012446088074197724
18,11,0.002502067322726898,-0.00034922604750846787,-0.00015303479939325973
18,12,0.0028705321348848904,-0.0003909528602786764,-0.0001889580067520487
18,13,0.0032839730432842507,-0.0004395124048951647,-0.0002346776543370344
18,14,0.00374955694467522,-0.0004954364079041067,-0.00029351074199375775
18,15,0.004274845859092464,-0.0005587828588329172,-0.00036992609675622046
18,16,0.004867122662341054,-0.0006285707242434132,-0.0004698419083019943
18,17,0.0055319873075792905,-0.0007017920043463589,-0.0006008156783343446
18,18,0.006270706671033772,-0.0007718123440745334,-0.0007718123440745334
18,19,0.007075611995728357,-0.0008260792041671476,-0.0009918628897226931
18,20,0.007922865079368067,-0.0008435710458408441,-0.00126632204653449
18,21,0.008762754087410046,-0.0007938399269937215,-0.0015888278278294405
18,22,0.00951054493335551,-0.0006422385620721768,-0.0019276925822915188
18,23,0.0100472312115544,-0.0003685350933992212,-0.002210965877416914
18,24,0.010247615120153953,-4.650736719841522e-07,-0.0023309275532166825
18,25,0.010048161358898368,0.00036761093262100385,-0.002210989119751528
18,26,0.009512393254911945,0.0006413323177049193,-0.0019277387678931857
18,27,0.008765496723488529,0.0007929633993162362,-0.0015888963607182207
18,28,0.007926466456279473,0.0008427358201596271,-0.0012664120381142003
18,29,0.007080025083169275,0.0008252965668566689,-0.0009919731651898372
18,30,0.006275873322566135,0.0007710932006199022,-0.0007719414508979938
18,31,0.00553783868192947,0.00070114679992299,-0.000600961896750529
18,32,0.004873579722720155,0.0006280093673416941,-0.00047000326375727045
18,33,0.004281819947246082,0.0005583146484048726,-0.0003701003742163189
18,34,0.0037569504259104096,0.0004950699644745433,-0.00029369550202832653
18,35,0.0032916800182969954,0.00043925560604260645,-0.00023487025087692956
18,36,0.0028784392138251967,0.00039081278085254813,-0.0001891556064071106
18,37,0.002510054456591899,0.0003492089049093221,-0.00015323440220944015
18,38,0.0021800214040065525,0.0003137421350968833,-0.00012465934226869543
18,39,0.0018825701863981325,0.000283695498818486,-0.00010162341942305598
18,40,0.0016126304063695804,0.0002584083547787536,-8.278515422360615e-05
18,41,0.0013657534768406253,0.00023730435381255253,-6.713984006339311e-05
18,42,0.0011380216987444754,0.0002198976774703269,-5.392608063697424e-05
18,43,0.0009259581218999715,0.00020578929702539284,-4.2558222188794756e-05
18,44,0.0007264431046936897,0.0001946594000107678,-3.257733016925836e-05
18,45,0.0005366393218784359,0.00018625909034374307,-2.3615248138467615e-05
18,46,0.00035392492400620356,0.0001804028551833579,-1.5367766803180106e-05
18,47,0.00017583361151172008,0.00017696246200310178,-7.574021956780814e-06
18,48,0.0,8.791680575586004e-05,-0.0
19,0,0.0,-9.076170461932402e-05,-0.0
19,1,0.00018152340923864805,-0.00018282423257987577,-6.56982741326583e-06
19,2,0.00036564846515975153,-0.00018672479617818928,-1.3344679895271362e-05
19,3,0.0005549730015950266,-0.0001932867701958608,-2.054105417885802e-05
19,4,0.0007522220055514731,-0.00020267312516104857,-2.8402354903928474e-05
19,5,0.0009603192519171237,-0.00021512337467082709,-3.721583733112924e-05
19,6,0.0011824687548931273,-0.00023096541940789608,-4.7334304046746226e-05
19,7,0.0014222500907329159,-0.0002506317389087435,-5.9205212087776486e-05
19,8,0.0016837322327106143,-0.0002746804844784912,-7.341101869747348e-05
19,9,0.0019716110596898983,-0.00030382177451563524,-9.072643090382636e-05
19,10,0.0022913757817418848,-0.00033894863829026607,-0.00011220106385035548
19,11,0.0026495083362704304,-0.00038116988381686474,-0.0001392803406188802
19,12,0.0030537155493756143,-0.00043183721213344863,-0.00017398390170871546
19,13,0.0035131827605373277,-0.0004925482008390745,-0.0002191698977655446
19,14,0.004038811951053763,-0.0005650845193035472,-0.00027892507205056686
19,15,0.004643351799144422,-0.0006512000278890272,-0.00035913114346580515
19,16,0.005341212006831818,-0.0007520875736639343,-0.0004682548377406958
19,17,0.006147526946472291,-0.0008671999944482697,-0.0006183535052994935
19,18,0.007075611995728357,-0.000991862889722694,-0.0008260792041671484
19,19,0.008131252725917679,-0.0011128632077594502,-0.0011128632077594502
19,20,0.009301338411247258,-0.0012013322399129231,-0.0015019949811459956
19,21,0.010533917205743525,-0.0012041097823238074,-0.00200732738935744
19,22,0.011709557975894873,-0.0010415510610570257,-0.002604204033373787
19,23,0.012617019327857576,-0.0006351151167988678,-0.0031748572604633034
19,24,0.012979788209492608,-4.7567228268936834e-07,-0.0034581971245774045
19,25,0.012617970672422955,0.0006341698951691701,-0.003174876375411732
19,26,0.011711448419154268,0.0010406241639657442,-0.002604242017336015
19,27,0.010536722344491467,0.0012032132788667542,-0.00200738375223494
19,28,0.00930502186142076,0.001200477979334133,-0.001502068992206211
19,29,0.0081357663858232,0.001112062733584422,-0.00111295390090181
19,30,0.0070808963942519156,0.0009911273559382499,-0.0008261853848909335
19,31,0.006153511673946701,0.0008665400842755365,-0.0006184737593283862
19,32,0.005347816225700843,0.0007515134214438335,-0.0004683875412483359
19,33,0.004650484831059034,0.0006507211445680476,-0.0003592744748367083
19,34,0.0040463739365647474,0.000564709721972348,-0.0002790770251013164
19,35,0.003521065387114338,0.0004922855467385681,-0.00021932829634243797
19,36,0.003061802843087611,0.0004316939375033741,-0.00017414641556992593
19,37,0.0026576775121075896,0.0003811523479213706,-0.00013944450250185248
19,38,0.00229949814724487,0.00033906227291459544,-0.0001123642876184939
19,39,0.0019795529662783987,0.00030407103918844226,-9.088603066065586e-05
19,40,0.0016913560688679855,0.00027506882763626264,-7.356422875127566e-05
19,41,0.0014294153110058735,0.00025116156518281804,-5.934920764526534e-05
19,42,0.0011890329385023494,0.00023163806318104502,-4.7466222510581814e-05
19,43,0.0009661391846437834,0.0002159390800194726,-3.733280007298334e-05
19,44,0.0007571547784634042,0.00020363103227098972,-2.8501489382345903e-05
19,45,0.000558877120101804,0.0001943849083137137,-2.0619516269301114e-05
19,46,0.00036838496183597683,0.00018796008313732313,-1.3399676298436508e-05
19,47,0.00018295695382715776,0.00018419248091798842,-6.598638007011785e-06
19,48,0.0,9.147847691357888e-05,-0.0
20,0,0.0,-9.37858349703727e-05,-0.0
20,1,0.0001875716699407454,-0.00018896938644535628,-5.4591911485968455e-06
20,2,0.00037793877289071256,-0.00019316632441083342,-1.1096395940146355e-05
20,3,0.0005739043187624123,-0.00020024309977134045,-1.7100462017204587e-05
20,4,0.0007784249724333935,-0.00021039762296020406,-2.368530995903621e-05
20,5,0.0009946995646828204,-0.0002239237181634024,-3.110604029256663e-05
20,6,0.0012262724087601983,-0.0002412293971007308,-3.967999428679389e-05
20,7,0.001477158358884282,-0.0002628630476448349,-4.9815709989743683e-05
20,8,0.001751998504049868,-0.0002895498825382284,-6.205420345768622e-05
20,9,0.002056258123960739,-0.0003222418317593988,-7.712947424152105e-05
20,10,0.0023964821675686657,-0.0003621849400019597,-9.605923927329184e-05
20,11,0.0027806280039646583,-0.00041100888536682785,-0.00012028377445597949
20,12,0.0032184999383023214,-0.0004708424174253408,-0.0001518823379789637
20,13,0.00372231283881534,-0.0005444535752370161,-0.00019391624849194916
20,14,0.0043074070887763535,-0.0006353976536043672,-0.00025098056005862755
20,15,0.004993108146024074,-0.0007481126245230461,-0.0003300998592394109
20,16,0.005803632337822446,-0.0008877930860771016,-0.00044218489579287
20,17,0.006768694318178278,-0.0010596163707728115,-0.0006043673018061766
20,18,0.007922865079368069,-0.00126632204653449,-0.000843571045840845
20,19,0.009301338411247258,-0.0015019949811459947,-0.0012013322399129231
20,20,0.010926855041660058,-0.001738035227438834,-0.0017380352274388349
20,21,0.012777408866124926,-0.001896048979221513,-0.0025281820012419496
20,22,0.014718953000103084,-0.00180976843317804,-0.0036195273564237638
20,23,0.016396945732481006,-0.0012225281846028387,-0.00488925057734473
20,24,0.01716400936930876,-4.841886204129398e-07,-0.005718841139115412
20,25,0.016397914109721832,0.0012215660398623932,-0.004889265499745505
20,26,0.014720877289583975,0.0018088249408817116,-0.0036195570092607777
20,27,0.012780264227958409,0.0018951364244460403,-0.002528226001966451
20,28,0.010930604440691894,0.001737165671492757,-0.0017380930056696059
20,29,0.009305932884972895,0.0015011801741719464,-0.001201403041541654
20,30,0.007928244092348002,0.001265573342193326,-0.0008436539384647111
20,31,0.006774786200586243,0.0010589446435655876,-0.0006044611814527371
20,32,0.005810354805216827,0.000887208651833372,-0.0004422884948942444
20,33,0.005000368896919499,0.0007476251645518921,-0.00033021175580498973
20,34,0.004315104476113042,0.0006350161429688136,-0.00025109918798818217
20,35,0.0037303366109818713,0.0005441862155739969,-0.00019403990896418627
20,36,0.0032267320449650486,0.0004706965746931336,-0.00015200921184419978
20,37,0.002788943461595604,0.00041099103286075414,-0.00012041193555581138
20,38,0.0024047499792435403,0.00036230060693807995,-9.61866686048714e-05
20,39,0.002064342247719444,0.00032249555768570427,-7.72540748793355e-05
20,40,0.0017597588638721318,0.0002899451777941441,-6.217381614162575e-05
20,41,0.001484451892131156,0.00026340236005324637,-4.99281292846228e-05
20,42,0.001232954143765639,0.0002419140850426089,-3.9782985215459704e-05
20,43,0.0010006237220459382,0.00022475403015362875,-3.119735534219036e-05
20,44,0.0007834460834583815,0.00021137268381445003,-2.376270635816042e-05
20,45,0.0005778783544170381,0.00020136090342765247,-1.7161719179568458e-05
20,46,0.0003807242766030766,0.00019442373344564725,-1.1139332970233325e-05
20,47,0.00018903088752574365,0.0001903621383015383,-5.4816843032147846e-06
20,48,0.0,9.451544376287183e-05,-0.0
21,0,0.0,-9.622089576792087e-05,-0.0
21,1,0.00019244179153584174,-0.00019392062852002212,-4.223715143714785e-06
21,2,0.00038784125704004424,-0.000198366067046797,-8.589801627777134e-06
21,3,0.0005891739256294357,-0.00020587568421475064,-1.3249881513682261e-05
21,4,0.0007995926254695455,-0.00021667870343641062,-1.8376764514897693e-05
21,5,0.001022531332502257,-0.00023111805899858476,-2.4178279980412252e-05
21,6,0.001261828743466715,-0.00024967508910507313,-3.091566550580483e-05
21,7,0.0015218815107124032,-0.00027300594807963584,-3.892934562895812e-05
21,8,0.0018078406396259867,-0.00030199424873026857,-4.86765110920478e-05
21,9,0.0021258700081729404,-0.00033782681033124086,-6.078763249023258e-05
21,10,0.0024834942602884684,-0.0003821029385047245,-7.615380369837849e-05
21,11,0.0028900758851823894,-0.0004369929825225366,-9.606530088006587e-05
21,12,0.0033574802253335417,-0.0005054696861694183,-0.00012243723198303714
21,13,0.003901015257521226,-0.0005916464229187384,-0.0001581870920051604
21,14,0.004540773071171018,-0.0007012681300510089,-0.0002078843813721489
21,15,0.005303551517623244,-0.0008424043636232697,-0.00027890043168644083
21,16,0.006225581798417558,-0.0010263550162307,-0.0003835001293363829
21,17,0.007356261550084644,-0.0012685861444962448,-0.0005427392465667787
21,18,0.008762754087410047,-0.0015888278278294405,-0.0007938399269937207
21,19,0.010533917205743525,-0.00200732738935744,-0.0012041097823238056
21,20,0.012777408866124928,-0.0025281820012419496,-0.001896048979221512
21,21,0.015590281208227424,-0.0030856019113087363,-0.003085601911308737
21,22,0.0189486126887424,-0.0034026196371598058,-0.005103832585615356
21,23,0.022395520482547036,-0.0027344288994905156,-0.008202541151366807
21,24,0.02441747048772343,-4.905946834644903e-07,-0.01129785812988686
21,25,0.022396501671913965,0.002733454025023804,-0.00820255183447245
21,26,0.018950562437675823,0.003401663661744798,-0.005103853814432331
21,27,0.015593174348424369,0.003084677282457926,-0.0030856334120341108
21,28,0.012781207872759971,0.00252730093975893,-0.0018960903436088875
21,29,0.010538572468906509,0.0020065018007893167,-0.00120416047061544
21,30,0.008768204271181338,0.0015880692160271668,-0.0007938992718011023
21,31,0.007362434036852175,0.0012679055278460032,-0.0005428064576751359
21,32,0.006232393215489331,0.0010257628470915808,-0.00038357429940288814
21,33,0.005310908342669013,0.0008419104514741098,-0.0002789805427963355
21,34,0.004548572312541112,0.0007008815688131515,-0.000207969312411827
21,35,0.00390914520504271,0.0005913755228825505,-0.00015827562680627186
21,36,0.0033658212667760107,0.000505321910911749,-0.00012252806818712132
21,37,0.0028985013832192124,0.00043697489116069897,-9.615705946896397e-05
21,38,0.002491871484454613,0.0003822201335910713,-7.6245039131826e-05
21,39,0.0021340611160370697,0.0003380838916516879,-6.08768433885366e-05
21,40,0.001815703701151237,0.00030239477323097533,-4.876215139866665e-05
21,41,0.001529271569575119,0.0002735523961089841,-3.900983618506553e-05
21,42,0.0012685989089332688,0.00025036883712347747,-3.098940596661605e-05
21,43,0.0010285338953281641,0.0002319593588767719,-2.4243661001071984e-05
21,44,0.000804680191179725,0.00021766666843361162,-1.843218013216621e-05
21,45,0.0005932005584609409,0.00020700828170164078,-1.3293741648424907e-05
21,46,0.0003906636277764435,0.0001996401180136768,-8.620544632406105e-06
21,47,0.00019392032243358733,0.00019533181388822174,-4.239820318214951e-06
21,48,0.0,9.696016121679367e-05,-0.0
22,0,0.0,-9.800955011408749e-05,-0.0
22,1,0.00019601910022817498,-0.0001975591880731334,-2.8871047144410312e-06
22,2,0.0003951183761462668,-0.0002021924907808009,-5.8735681718358765e-06
22,3,0.0006004040817897768,-0.00021003006265846101,-9.065540810536702e-06
22,4,0.0008151785014631889,-0.00022132602142693405,-1.2584562097521306e-05
22,5,0.001043056124643645,-0.00023646261915430953,-1.6577726247963718e-05
22,6,0.001288103739771808,-0.00025598046274927667,-2.1231361439080516e-05
22,7,0.0015550170501421982,-0.0002806238932310779,-2.6790480212323525e-05
22,8,0.0018493515262339637,-0.0003114081693995029,-3.358759847619413e-05
22,9,0.002177833388941204,-0.0003497191243657295,-4.208690014094918e-05
22,10,0.0025487897749654227,-0.000397462608391793,-5.295403344896953e-05
22,11,0.00297275860572479,-0.0004572923136514865,-6.716984880502253e-05
22,12,0.0034633744022683956,-0.0005329642085504353,-8.62218344549364e-05
22,13,0.004038687022825661,-0.0006299007246261278,-0.00011243787982125205
22,14,0.004723175851520651,-0.0007561109932856477,-0.00014959131135879218
22,15,0.005550909009396956,-0.0009237283724872801,-0.00020404629053405888
22,16,0.006570632596495212,-0.0011516319009574395,-0.0002870330896330782
22,17,0.007854172811311835,-0.0014699561684301493,-0.0004194130114695523
22,18,0.00951054493335551,-0.001927692582291517,-0.0006422385620721751
22,19,0.011709557975894869,-0.002604204033373786,-0.0010415510610570248
22,20,0.014718953000103082,-0.0036195273564237655,-0.0018097684331780392
22,21,0.0189486126887424,-0.0051038325856153565,-0.0034026196371598058
22,22,0.024926618171333795,-0.00692670767323611,-0.00692670767323611
22,23,0.03280202803521462,-0.007416553728874344,-0.01483267141132918
22,24,0.03975972562908248,-4.94871726056112e-07,-0.029258149478011926
22,25,0.03280301777866673,0.007415570355316923,-0.014832677826957392
22,26,0.024928584918448637,0.006925743363320051,-0.006926720422029627
22,27,0.01895153105202663,0.005102899895269484,-0.003402638554781374
22,28,0.01472278512790967,0.0036186386129114278,-0.0018097932745895808
22,29,0.011714253826203775,0.0026033712459797315,-0.0010415815022710492
22,30,0.009516042635950206,0.0019269273551336301,-0.0006422742024704137
22,31,0.007860399115936514,0.0014692696159638017,-0.00041945337667476015
22,32,0.006577503404022603,0.0011510345667121724,-0.0002870776349166086
22,33,0.00555832998251217,0.0009232301515429532,-0.00020409440473850068
22,34,0.004731043100936696,0.0007557210589588773,-0.0001496423213119386
22,35,0.004046887864594415,0.0006296274597987026,-0.00011249105521460388
22,36,0.003471788181339291,0.0005328151420304415,-8.627639315717493e-05
22,37,0.002981257580533532,0.00045727406191604946,-6.722496257822183e-05
22,38,0.0025572400575071923,0.0003975808230185073,-5.3008834032871634e-05
22,39,0.0021860959344965174,0.0003499784454188636,-4.2140485668372245e-05
22,40,0.001857283166669465,0.00031181218499761517,-3.363904018057926e-05
22,41,0.001562471564501287,0.000281175105485297,-2.6838829386622264e-05
22,42,0.0012949329556988711,0.00025668026022660244,-2.1275656603569545e-05
22,43,0.0010491110440480822,0.00023731125598807859,-1.6617000483212015e-05
22,44,0.0008203104437227139,0.0002223226031670971,-1.2617850497607052e-05
22,45,0.0006044658377138879,0.00021117253892741257,-9.09188801072585e-06
22,46,0.0003979653658678888,0.0002034776547758572,-5.8920359042951794e-06
22,47,0.00019751052816217355,0.0001989826829339444,-2.8967793451658294e-06
22,48,0.0,9.875526408108678e-05,-0.0
23,0,0.0,-9.91080004823619e-05,-0.0
23,1,0.0001982160009647238,-0.000199794196691858,-1.4791512595987901e-06
23,2,0.000399588393383716,-0.00020454450314289266,-3.0092596314180335e-06
23,3,0.0006073050072505092,-0.00021258667814043607,-4.644937555607143e-06
23,4,0.0008247617496645881,-0.00022419088887383763,-6.448900579037224e-06
23,5,0.0010556867849981844,-0.00023976485834014397,-8.497358533269043e-06
23,6,0.001304291466344876,-0.00025988784306943294,-1.0887323729417411e-05
23,7,0.0015754624711370503,-0.00028536218511674945,-1.3747092573081297e-05
23,8,0.001875015836578375,-0.0003172906686588942,-1.7251930965475853e-05
23,9,0.0022100438084548387,-0.00035719324530401626,-2.1648392177384514e-05
23,10,0.0025894023271864075,-0.00040718588716879786,-2.7293282395848524e-05
23,11,0.0030244155827924345,-0.0004702607835285035,-3.471823461100119e-05
23,12,0.0035299238942434145,-0.0005507377171856478,-4.474069348756201e-05
23,13,0.00412589101716373,-0.0006550158998225942,-5.8662633945241044e-05
23,14,0.004839955693888603,-0.0007928765407638158,-7.864348359870946e-05
23,15,0.005711644098691362,-0.0009798461418975557,-0.00010843943092929149
23,16,0.006799647977683714,-0.0012417217371661934,-0.00015496737943698422
23,17,0.008195087573023748,-0.0016237916169353417,-0.0002318801458737023
23,18,0.010047231211554397,-0.002210965877416913,-0.0003685350933992195
23,19,0.012617019327857575,-0.0031748572604633042,-0.0006351151167988695
23,20,0.016396945732481006,-0.0048892505773447306,-0.0012225281846028396
23,21,0.022395520482547036,-0.008202541151366807,-0.0027344288994905156
23,22,0.03280202803521462,-0.01483267141132918,-0.007416553728874344
23,23,0.052060863305205395,-0.02506587070426633,-0.02506587070426633
23,24,0.08293376944374728,-4.97010311677204e-07,-0.10492035524066574
23,25,0.05206185732582875,0.0250648830810061,-0.025065872842861825
23,26,0.03280400328173508,0.014831702933920816,-0.0074165579786552634
23,27,0.022398451457987117,0.008201604429897973,-0.0027344352058273867
23,28,0.016400794421939133,0.004888357992269255,-0.0012225364660271168
23,29,0.012621735473448607,0.003174020872908484,-0.0006351252655712875
23,30,0.010052752676122165,0.0022101973416234558,-0.0003685469762633783
23,31,0.008201340790201695,0.0016231020953998082,-0.00023189360499127013
23,32,0.006806548485322549,0.0012411218190278403,-0.00015498223349997339
23,33,0.005719097152146015,0.0009793457650787798,-0.0001084554764437997
23,34,0.004847856955164989,0.0007924849183370483,-7.866049633359004e-05
23,35,0.004134127315471918,0.0006547414510373142,-5.868037053809779e-05
23,36,0.0035383740530903606,0.000550588003548131,-4.4758893199440186e-05
23,37,0.003032951308375656,0.00047024245028500227,-3.4736621220096036e-05
23,38,0.002597889152520356,0.0004073046105009209,-2.731156621952127e-05
23,39,0.0022183420873738142,0.0003574536855039803,-2.166627221074119e-05
23,40,0.0018829817815123955,0.0003176964295127253,-1.7269097123795863e-05
23,41,0.0015829492283483636,0.0002859157796859938,-1.3763228024440337e-05
23,42,0.001311150222140408,0.0002605906660268877,-1.0902107302994749e-05
23,43,0.0010617678962945882,0.0002406171649827344,-8.510467188055913e-06
23,44,0.0008299158921749391,0.00022519178090609778,-6.4600119169931245e-06
23,45,0.0006113843344823926,0.00021373409629495265,-4.653732362767352e-06
23,46,0.00040244769958503384,0.00020583522667923682,-3.0154244300478674e-06
23,47,0.000199713881123919,0.00020122384979251692,-1.4823808542182768e-06
23,48,0.0,9.98569405619595e-05,-0.0
24,0,0.0,-9.948870137368628e-05,-0.0
24,1,0.00019897740274737256,-0.00020056844770455145,-3.4120158905252785e-08
24,2,0.0004011368954091029,-0.00020535827707680924,-6.794930136209878e-08
24,3,0.0006096939569009911,-0.0002134697036060802,-1.0134470883625462e-07
24,4,0.0008280763026212633,-0.00022517844240459595,-1.3416604887923206e-07
24,5,0.001060050841710183,-0.00024090104230468972,-1.662759412398131e-07
24,6,0.0013098783872306427,-0.0002612301967890889,-1.9754051328317764e-07
24,7,0.0015825112352883608,-0.00028698850046713633,-2.278299430663079e-07
24,8,0.0018838553881649154,-0.0003193094690038061,-2.570189882771315e-07
24,9,0.002221130173295973,-0.00035976047579610215,-2.849874990943496e-07
24,10,0.0026033763397571197,-0.0004105324508254097,-3.116209128753867e-07
24,11,0.0030421950749467924,-0.0004747397247432,-3.368107284475695e-07
24,12,0.0035528557892435197,-0.0005569086078846752,-3.604549576585996e-07
24,13,0.004156012290716143,-0.0006638035147372753,-3.82458551764428e-07
24,14,0.00488046281871807,-0.0008058877902696981,-4.0273380017040797e-07
24,15,0.005767787871255539,-0.0010000522683255549,-4.212006990463729e-07
24,16,0.00688056735536918,-0.0012750726159018503,-4.377872873753165e-07
24,17,0.00831793310305924,-0.0016835238823923846,-4.52429948074283e-07
24,18,0.01024761512015395,-0.0023309275532166843,-4.6507367198328486e-07
24,19,0.012979788209492608,-0.003458197124577406,-4.756722826902357e-07
24,20,0.01716400936930876,-0.005718841139115412,-4.841886204129398e-07
24,21,0.02441747048772343,-0.01129785812988686,-4.905946834644903e-07
24,22,0.03975972562908248,-0.029258149478011926,-4.94871726056112e-07
24,23,0.08293376944374728,-0.10492035524066574,-4.97010311677204e-07
24,24,0.24960043611041396,-4.9701032155125e-07,-4.970103215443111e-07
24,25,0.08293476346439038,0.1049193676173274,-4.948809180886637e-07
24,26,0.039761700875759164,0.029257181000354487,-4.906404637468331e-07
24,27,0.024420401463681404,0.01129692140789763,-4.843163958177799e-07
24,28,0.017167858059963903,0.005717948553167527,-4.759450584392727e-07
24,29,0.01298450435734635,0.00345736073574347,-4.655714930671198e-07
24,30,0.010253136588476963,0.0023301590157136474,-4.5324918929341707e-07
24,31,0.008324186325919055,0.0016828343587272066,-4.390397979362956e-07
24,32,0.00688746787102255,0.0012744726952596428,-4.2301280872222846e-07
24,33,0.005775240935399769,0.0009995518887093366,-4.052451950185658e-07
24,34,0.0048883640936038765,0.0008054961648645792,-3.858210281971336e-07
24,35,0.004164248605670611,0.0006635290629328524,-3.648310643584833e-07
24,36,0.0035613059677381716,0.0005567588913484433,-3.42372306174352e-07
24,37,0.003050730822973724,0.0004747213888959684,-3.1854754259895424e-07
24,38,0.002611863189946235,0.00041065117202786217,-2.9346486919669054e-07
24,39,0.0022294284789179998,0.000360020914514589,-2.672371917401828e-07
24,40,0.0018918213609170568,0.000319715229183916,-2.3998171564494283e-07
24,41,0.0015899980205501677,0.0002875420953060981,-2.1181942369086302e-07
24,42,0.0013167371703048606,0.00026193302106298686,-1.828745443365181e-07
24,43,0.001066131978424194,0.0002417533513740802,-1.5327401279609243e-07
24,44,0.0008332304675567002,0.00022617933799238567,-1.2314692690357145e-07
24,45,0.0006137733024394226,0.00021461712641435783,-9.262399965352837e-08
24,46,0.0004039962147279845,0.00020664900628440626,-6.183701018347854e-08
24,47,0.0002004752898706101,0.00020199810736399226,-3.091825485359526e-08
24,48,0.0,0.00010023764493530505,-0.0
25,0,0.0,-9.914212064126715e-05,-0.0
25,1,0.0001982842412825343,-0.0001998621459932201,1.4113502220003708e-06
25,2,0.0003997242919864402,-0.0002046117276928237,2.8742358333032575e-06
25,3,0.0006075076966681817,-0.0002126528948879532,4.443552873884991e-06
25,4,0.0008250300817623466,-0.0002242558201062412,6.182295749069416e-06
25,5,0.001056019336880664,-0.00023982823280454792,8.166947282559674e-06
25,6,0.0013046865473714424,-0.00025994939707125943,1.0494785807613639e-05
25,7,0.001575918131023183,-0.0002854216635917434,1.3294365702811958e-05
25,8,0.0018755298745549293,-0.00031734782621492227,1.674120174211685e-05
25,9,0.0022106137834530274,-0.0003572478472286145,2.1082085949705644e-05
25,10,0.0025900255690121583,-0.0004072377103981511,2.6674052163645984e-05
25,11,0.0030250892042493296,-0.0004703096175732867,3.404894898025035e-05
25,12,0.0035306448041587317,-0.0005507833650089647,4.40244237282744e-05
25,13,0.004126655934267259,-0.000655058178665106,5.7902640202030144e-05
25,14,0.004840761161488944,-0.0007929152829110977,7.784320030900221e-05
25,15,0.005712486500089454,-0.0009798811953847606,0.000107602451509042
25,16,0.006800523552258465,-0.0012417529664152213,0.00015409744029861632
25,17,0.008195992432919897,-0.0016238189033199496,0.00023098110984567238
25,18,0.010048161358898364,-0.002210989119751529,0.000367610932621003
25,19,0.012617970672422955,-0.003174876375411734,0.0006341698951691701
25,20,0.016397914109721832,-0.004889265499745505,0.0012215660398623924
25,21,0.022396501671913965,-0.00820255183447245,0.002733454025023804
25,22,0.03280301777866673,-0.014832677826957392,0.0074155703553169215
25,23,0.05206185732582875,-0.025065872842861818,0.025064883081006097
25,24,0.08293476346439037,-4.948809180886637e-07,0.1049193676173274
25,25,0.052062847087664926,0.025064889450863898,0.025064889450863905
25,26,0.03280498456266257,0.014831713498443087,0.0074155830129285
25,27,0.022399420090778752,0.00820161912530328,0.0027334728067817653
25,28,0.01640174631205601,0.0048883767371720056,0.0012215907018528422
25,29,0.012622666616434741,0.0031740435687776297,0.0006342001149560201
25,30,0.010053659174500752,0.0022102238733185866,0.0003676463116046927
25,31,0.008202218869797568,0.0016231323317803794,0.0002310211761791959
25,32,0.006807394510939993,0.001241155613630758,0.00015414165234003008
25,33,0.005719907642536052,0.000979382956859305,0.0001076502017860032
25,34,0.004848628597221383,0.0007925253324677084,7.789381996775981e-05
25,35,0.004134856977600635,0.000654784899759337,5.7955403910385766e-05
25,36,0.0035390587977027093,0.0005506342870698906,4.407855499954775e-05
25,37,0.003033588403460854,0.00047029135772197993,3.4103625883133686e-05
25,38,0.0025984760822587495,0.0004073559208517797,2.6728413381041155e-05
25,39,0.0022188765617572946,0.000357507168657532,2.113523714818437e-05
25,40,0.0018834617449436854,0.00031775184728077463,1.6792222212495757e-05
25,41,0.0015833728671957453,0.00028597288685730223,1.334231523146144e-05
25,42,0.001311515971229081,0.0002606492114377825,1.053871173749873e-05
25,43,0.0010620744443201803,0.00024067689260016733,8.205891722577242e-06
25,44,0.0008301621860287463,0.00022525243091924034,6.215302889980845e-06
25,45,0.0006115695824816997,0.00021379540621167275,4.469676368999275e-06
25,46,0.0004025713736054008,0.00020589693242403675,2.892546202014633e-06
25,47,0.00019977571763362618,0.0002012856868027004,1.420942234281209e-06
25,48,0.0,9.988785881681309e-05,-0.0
26,0,0.0,-9.807735115168591e-05,-0.0
26,1,0.00019615470230337182,-0.0001976942118712482,2.8206183364583873e-06
26,2,0.0003953884237424964,-0.00020232607442492462,5.741162453286227e-06
26,3,0.0006008068511532211,-0.00021016164369031405,8.86806089022866e-06
26,4,0.0008157117111231245,-0.00022145504799592127,1.232312656644695e-05
26,5,0.0010437169471450636,-0.0002365885522461455,1.6253721396960433e-05
26,6,0.0012888888156154155,-0.00025610277836883664,2.0846434424199234e-05
26,7,0.001555922503882737,-0.0002807420845326331,2.634653116195102e-05
26,8,0.0018503729846806817,-0.0003115217487569124,3.3086771567471685e-05
26,9,0.0021789660013965617,-0.000349827625374573,4.153157367682114e-05
26,10,0.0025500282354298277,-0.000397565587794865,5.234680897126583e-05
26,11,0.0029740971769862917,-0.00045738935317857156,6.651353928331595e-05
26,12,0.003464806941786971,-0.0005330549166628954,8.551945159548458e-05
26,13,0.0040402070103120824,-0.0006299847381565475,0.00011169262054506394
26,14,0.004724776418100066,-0.0007561879789626863,0.00014880654350267475
26,15,0.005552582968237455,-0.0009237980283359408,0.00020322553783334993
26,16,0.006572372474771947,-0.00115169395756522,0.0002861800160495341
26,17,0.007855970883367895,-0.001470010390069998,0.00041853140493243587
26,18,0.009512393254911943,-0.0019277387678931866,0.0006413323177049176
26,19,0.011711448419154268,-0.002604242017336017,0.0010406241639657442
26,20,0.014720877289583977,-0.0036195570092607777,0.0018088249408817116
26,21,0.018950562437675823,-0.005103853814432332,0.003401663661744798
26,22,0.02492858491844864,-0.006926720422029631,0.006925743363320049
26,23,0.032804003281735085,-0.007416557978655262,0.014831702933920816
26,24,0.039761700875759164,-4.906404637433637e-07,0.02925718100035448
26,25,0.03280498456266257,0.0074155830129285,0.014831713498443087
26,26,0.024930534849902163,0.006925764356272349,0.006925764356272349
26,27,0.018953455850117873,0.005102929096821972,0.003401694811933245
26,28,0.014724676656258219,0.0036186758613417818,0.001808865843984933
26,29,0.01171610412743431,0.0026034163454953206,0.0010406742854785905
26,30,0.009517843965267577,0.0019269800769368232,0.0006413909968310087
26,31,0.007862143973560663,0.001469329699462544,0.0004185978593982376
26,32,0.0065791845663424895,0.0011511017208664502,0.00028625334780662355
26,33,0.005559940531827763,0.0009233040563370663,0.00020330473960970168
26,34,0.004732576453668357,0.0007558013669889617,0.0001488905061585574
26,35,0.004048337797849839,0.0006297137979646404,0.00011178014118434733
26,36,0.003473148857739076,0.0005329071133211912,8.560924237892482e-05
26,37,0.0029825235712074567,0.0004573712472774618,6.660423688664187e-05
26,38,0.0025584063631841525,0.00039768278329291285,5.2436984627709116e-05
26,39,0.002187158004621631,0.0003500847233460436,4.16197437410502e-05
26,40,0.0018582369164920653,0.0003119223072671931,3.31714085356732e-05
26,41,0.0015633133900872448,0.00028128858483110106,2.642607508105408e-05
26,42,0.0012956597468298631,0.00025679659755410266,2.0919304621845537e-05
26,43,0.0010497201949790395,0.00023742994252656232,1.631832846280966e-05
26,44,0.0008207998617767385,0.0002224431226388077,1.2377884514666311e-05
26,45,0.0006048339497014241,0.00021129436972639162,8.911399432523417e-06
26,46,0.00039821112232395526,0.00020360027214968822,5.771539311540775e-06
26,47,0.0001976334054020477,0.00019910556116197763,2.8365315239272325e-06
26,48,0.0,9.881670270102384e-05,-0.0
27,0,0.0,-9.632150230480876e-05,-0.0
27,1,0.00019264300460961753,-0.00019412098353993387,4.159409283433451e-06
27,2,0.00038824196707986774,-0.0001985642851390534,8.461738304225372e-06
27,3,0.0005897715748877243,-0.00020607093077479248,1.3058878105421203e-05
27,4,0.0008003838286294527,-0.00021687015959950942,1.8123902885678212e-05
27,5,0.0010235118940867432,-0.00023130492494679563,2.386490091585902e-05
27,6,0.001262993678523044,-0.00024985658730626885,3.0543362103292184e-05
27,7,0.0015232250686992809,-0.00027318132644847096,3.8499955663931886e-05
27,8,0.0018093563314199859,-0.00030216278370005214,4.819210838743365e-05
27,9,0.002127550636099385,-0.00033798780982482036,6.0250517319225625e-05
27,10,0.0024853319510696266,-0.00038225574479165626,7.556649225486209e-05
27,11,0.0028920621256826977,-0.00043713697494906795,9.543051385508617e-05
27,12,0.0033596059009677625,-0.0005056042837472167,0.00012175788229019545
27,13,0.003903270693177131,-0.0005917710867579158,0.00015746627170234247
27,14,0.004543148074483594,-0.0007013823656228117,0.00020712534783168647
27,15,0.0053060354244227545,-0.0008425077228379012,0.00027810659307048267
27,16,0.0062281635201593966,-0.0010264470993161354,0.000382675029438857
27,17,0.007358929623055025,-0.0012686666016645662,0.0005418865490877675
27,18,0.008765496723488529,-0.0015888963607182207,0.0007929633993162353
27,19,0.010536722344491467,-0.00200738375223494,0.0012032132788667542
27,20,0.012780264227958409,-0.002528226001966451,0.0018951364244460412
27,21,0.015593174348424369,-0.0030856334120341125,0.003084677282457926
27,22,0.018951531052026634,-0.003402638554781374,0.0051028998952694846
27,23,0.022398451457987117,-0.002734435205827385,0.008201604429897976
27,24,0.024420401463681404,-4.843163958177799e-07,0.01129692140789763
27,25,0.022399420090778752,0.0027334728067817653,0.00820161912530328
27,26,0.018953455850117873,0.003401694811933245,0.005102929096821972
27,27,0.015596030466912263,0.0030847206130158638,0.0030847206130158638
27,28,0.012784014624086145,0.0025273562107173513,0.0018951933217234932
27,29,0.01054131804547756,0.0020065687216237055,0.001203282999518808
27,30,0.008770877180838734,0.0015881474472382337,0.0007930450243416685
27,31,0.007365023151001093,0.0012679946827559943,0.0005419789905119344
27,32,0.006234887815326746,0.001025862493842222,0.0003827770382310654
27,33,0.0053132981633166486,0.0008420201152112387,0.00027821676824225407
27,34,0.0045508475849042685,0.000701000734042354,0.00020724214665494454
27,35,0.0039112966952319405,0.0005915036359797044,0.00015758802097992478
27,36,0.0033678403129448597,0.0005054583827721851,0.00012188279060510289
27,37,0.0029003799296875702,0.0004371190999707642,9.555668471959862e-05
27,38,0.0024936021130033312,0.000382371427706188,7.569193807609089e-05
27,39,0.002135637074275194,0.0003382415925654961,6.037317409375207e-05
27,40,0.001817118927872339,0.0003025581786207785,4.830985103444481e-05
27,41,0.0015305207170336372,0.00027372078294347457,3.8610613903607e-05
27,42,0.0012696773619853899,0.00025054146481953807,3.0644736785077203e-05
27,43,0.001029437787394561,0.0002321354724929881,2.395478069964444e-05
27,44,0.0008054064169994137,0.0002178455018889541,1.820008117769565e-05
27,45,0.0005937467836166528,0.0002071890610085472,1.3119170149832125e-05
27,46,0.00039102829498231925,0.00019982206451544057,8.50399833085281e-06
27,47,0.00019410265458577171,0.00019551414749115962,4.1815476118270655e-06
27,48,0.0,9.705132729288586e-05,-0.0
28,0,0.0,-9.391794186825246e-05,-0.0
28,1,0.00018783588373650492,-0.00018923247356702282,5.397915867464567e-06
28,2,0.00037846494713404563,-0.0001934266056029369,1.0974367871541572e-05
28,3,0.0005746890949423787,-0.0002004994791088612,1.6918459961091123e-05
28,4,0.000779463905351768,-0.00021064902518548345,2.3444364737725497e-05
28,5,0.0009959871453133456,-0.00022416909302853152,3.0807429450081824e-05
28,6,0.001227802091408831,-0.00024146772362076377,3.932523579074456e-05
28,7,0.0014789225925548731,-0.00026309333824849166,4.940655495786796e-05
28,8,0.0017539887679058144,-0.0002897711871016187,6.159262793443889e-05
28,9,0.0020584649667581105,-0.0003224532415071446,7.661767005357053e-05
28,10,0.0023988952509201036,-0.00036238559125900444,9.549960399655045e-05
28,11,0.0027832361492761194,-0.0004111979631432382,0.00011967890053079231
28,12,0.00322129117720658,-0.00047101915881563906,0.0001512350010142772
28,13,0.0037252744669073975,-0.0005446172726150565,0.0001932293948036473
28,14,0.004310525722436693,-0.0006355476575945461,0.00025025729349167827
28,15,0.00499636978209649,-0.0007482483467287702,0.0003293434273279176
28,16,0.005807022415894233,-0.000887914001547935,0.00044139867531650884
28,17,0.00677219778519236,-0.0010597220201926196,0.0006035547838057495
28,18,0.007926466456279473,-0.0012664120381142,0.0008427358201596262
28,19,0.00930502186142076,-0.001502068992206211,0.001200477979334133
28,20,0.010930604440691894,-0.0017380930056696059,0.001737165671492757
28,21,0.012781207872759971,-0.0018960903436088883,0.00252730093975893
28,22,0.014722785127909671,-0.0018097932745895808,0.0036186386129114278
28,23,0.016400794421939133,-0.001222536466027116,0.004888357992269254
28,24,0.017167858059963903,-4.759450584392727e-07,0.005717948553167525
28,25,0.01640174631205601,0.0012215907018528422,0.004888376737172005
28,26,0.014724676656258219,0.001808865843984933,0.0036186758613417818
28,27,0.012784014624086145,0.0018951933217234932,0.0025273562107173513
28,28,0.010934290012811232,0.001737238247844726,0.001737238247844726
28,29,0.009309538128396693,0.0015012680481134959,0.0012005669130140924
28,30,0.00793175391658424,0.0012656760679299497,0.000842839939053697
28,31,0.006778185992536794,0.001059061713351941,0.0006036727002661805
28,32,0.005813630489880359,0.0008873394985967698,0.0004415287962501154
28,33,0.0050035069953432544,0.0007477691647609455,0.00032948396579070066
28,34,0.004318092160358468,0.0006351726197266325,0.00025040628171251345
28,35,0.0037331617558899895,0.0005443544419147987,0.00019338469855139729
28,36,0.0032293832765288703,0.00047087577706086503,0.00015139433521502263
28,37,0.0027914102017682595,0.0004111803947484498,0.00011983984603505977
28,38,0.0024070224870319707,0.0003624992726670663,9.56596253904934e-05
28,39,0.002066411656434127,0.00032270263630439753,7.677413440295225e-05
28,40,0.0017616172144231757,0.000290159747077048,6.174282434598779e-05
28,41,0.0014860921622800308,0.00026362347058173346,4.954771483902591e-05
28,42,0.0012343702732597087,0.0002421407643501401,3.945455368601963e-05
28,43,0.0010018106335797506,0.00022498528691918077,3.092208432996707e-05
28,44,0.0007843996994213472,0.0002116075120889954,2.3541541614499964e-05
28,45,0.0005785956094017598,0.00020159828687954878,1.6995371704631277e-05
28,46,0.00038120312566224964,0.00019466264961168314,1.1028277097512745e-05
28,47,0.00018927031017839356,0.00019060156283112482,5.4261567698693015e-06
28,48,0.0,9.463515508919678e-05,-0.0
29,0,0.0,-9.09235864373442e-05,-0.0
29,1,0.0001818471728746884,-0.0001831466156683923,6.512410808232912e-06
29,2,0.0003662932313367846,-0.00018704374104542686,1.3230336203955091e-05
29,3,0.0005559346549655421,-0.00019360093390860856,2.037051308744522e-05
29,4,0.0007534950991540017,-0.00020298119011051872,2.8176582252477063e-05
29,5,0.0009618970351865795,-0.00021542405389377657,3.6936030147335095e-05
29,6,0.0011843432069415548,-0.0002312574617984827,4.70018846450204e-05
29,7,0.001424411958783545,-0.0002509139343047766,5.882182125438885e-05
29,8,0.001686171075551108,-0.00027495166860434957,7.297850798553343e-05
29,9,0.001974315295992244,-0.0003040808337627088,9.024685406514683e-05
29,10,0.0022943327430765257,-0.0003391945143144345,0.00011167666743475721
29,11,0.002652704324621113,-0.0003814015779313412,0.00013871355377525563
29,12,0.003057135898939208,-0.0004320537894743617,0.00017337732522609102
29,13,0.0035168119035698365,-0.0004927487942805147,0.00021852629239649127
29,14,0.0040426334875002376,-0.0005652683330985414,0.00027824734616345675
29,15,0.004647348569766919,-0.0006513663410130707,0.00035842234007660853
29,16,0.005345366169526379,-0.0007522357428383034,0.0004675181209791166
29,17,0.006151820055443526,-0.0008673294568214487,0.0006175921463682159
29,18,0.007080025083169276,-0.0009919731651898372,0.0008252965668566689
29,19,0.0081357663858232,-0.0011129539009018092,0.001112062733584422
29,20,0.009305932884972895,-0.001201403041541654,0.0015011801741719455
29,21,0.010538572468906509,-0.0012041604706154417,0.002006501800789315
29,22,0.011714253826203778,-0.00104158150227105,0.0026033712459797307
29,23,0.012621735473448609,-0.0006351252655712875,0.003174020872908482
29,24,0.012984504357346353,-4.655714930671198e-07,0.0034573607357434684
29,25,0.012622666616434743,0.0006342001149560218,0.003174043568777627
29,26,0.01171610412743431,0.0010406742854785914,0.0026034163454953197
29,27,0.01054131804547756,0.001203282999518808,0.0020065687216237055
29,28,0.009309538128396693,0.0012005669130140924,0.0015012680481134959
29,29,0.008140184219449375,0.0011121704128326765,0.0011121704128326765
29,30,0.0070851973027313405,0.0009912532344903218,0.0008254226323487607
29,31,0.006157677750468732,0.0008666835399524127,0.000617734918079922
29,32,0.005351830222826515,0.0007516737593667422,0.0004676756701311063
29,33,0.004654330231735247,0.0006508976006736368,0.00035859250316426505
29,34,0.004050035021479242,0.0005649014668030507,0.00027842774071740574
29,35,0.003524527298129146,0.0004924916894822136,0.00021871433437061372
29,36,0.0030650516425148144,0.0004319135302558476,0.00017357024790049837
29,37,0.0026607002376174507,0.000381384390146235,0.0001389084280534053
29,38,0.0023022828622223444,0.0003393057160740805,0.00011187042340660147
29,39,0.0019820888054692897,0.0003043247915209905,9.043630370195069e-05
29,40,0.0016936332791803635,0.0002753317590568522,7.316036882670535e-05
29,41,0.0014314252873555853,0.0002514325122835064,5.899274094225179e-05
29,42,0.0011907682546133506,0.00023191583431047923,4.7158466159914e-05
29,43,0.0009675936187346269,0.00021622246042146844,3.707485759262642e-05
29,44,0.0007583233337704137,0.0002039187892636183,2.829424703693859e-05
29,45,0.0005597560402073903,0.00019467579649156,2.046364035093853e-05
29,46,0.00036897174078729376,0.00018825284958067857,1.3295611331363462e-05
29,47,0.0001832503410460331,0.00018448587039364688,6.546605876067105e-06
29,48,0.0,9.162517052301656e-05,-0.0
30,0,0.0,-8.740553106001955e-05,-0.0
30,1,0.0001748110621200391,-0.00017600213736306772,7.486234397855254e-06
30,2,0.00035200427472613545,-0.00017956850332372456,1.5195832732907172e-05
30,3,0.0005339480687674882,-0.00018555323306033923,2.3363145171638423e-05
30,4,0.0007231107408468139,-0.00019408350812559358,3.2249341867117334e-05
30,5,0.0009221150850186754,-0.0002053437906359882,4.215890633088083e-05
30,6,0.0011337983221187903,-0.00021958193251371002,5.3460236565475616e-05
30,7,0.0013612789500460955,-0.00023711671490797863,6.661247528222793e-05
30,8,0.0016080317519347475,-0.0002583461542908607,8.220145043635093e-05
30,9,0.0018779712586278168,-0.0002837550820579208,0.00010098869819535016
30,10,0.002175541916050589,-0.00031391889154889563,0.00012397903050181242
30,11,0.002505809041725608,-0.0003494973053519044,0.00015251399761227703
30,12,0.002874536526754398,-0.0003912064201944034,0.0001884006431538271
30,13,0.003288221882114415,-0.0004397472516776907,0.00023408626563677765
30,14,0.0037540310301097794,-0.0004956516099144288,0.00029288800055276036
30,15,0.004279525101943273,-0.0005589775719131104,0.00036927479866614207
30,16,0.004871986173936,-0.0006287441952563277,0.0004691649609493082
30,17,0.005537013492455928,-0.0007019435743150673,0.0006001160874989416
30,18,0.006275873322566135,-0.0007719414508979938,0.0007710932006199031
30,19,0.0070808963942519156,-0.0008261853848909343,0.0009911273559382499
30,20,0.007928244092348003,-0.0008436539384647128,0.001265573342193326
30,21,0.008768204271181341,-0.0007938992718011031,0.0015880692160271668
30,22,0.00951604263595021,-0.0006422742024704137,0.001926927355133631
30,23,0.010052752676122169,-0.0003685469762633783,0.002210197341623455
30,24,0.010253136588476966,-4.5324918929428443e-07,0.0023301590157136474
30,25,0.010053659174500757,0.00036764631160469356,0.0022102238733185866
30,26,0.00951784396526758,0.0006413909968310113,0.0019269800769368224
30,27,0.008770877180838734,0.0007930450243416693,0.0015881474472382324
30,28,0.00793175391658424,0.000842839939053697,0.0012656760679299493
30,29,0.0070851973027313405,0.0008254226323487607,0.0009912532344903227
30,30,0.006280908651886719,0.0007712405731771952,0.0007712405731771957
30,31,0.00554271615637695,0.0007013147511342865,0.0006002829901863137
30,32,0.004878279149618146,0.0006281970836811129,0.0004693491390886334
30,33,0.004286321989014724,0.0005585212353472449,0.0003694737231699518
30,34,0.0037612366789236563,0.0004952944509329811,0.0002930988863414463
30,35,0.003295733087148762,0.00043949694909789136,0.00023430609195912683
30,36,0.0028822427807278735,0.0003910698707436566,0.00018862617567971004
30,37,0.002513593345661449,0.0003494805702545529,0.00015274181215658403
30,38,0.0021832816402187678,0.00031402714831561167,0.0001242055382301428
30,39,0.0018855390490302255,0.0002839925817245014,0.0001012101721545556
30,40,0.001615296476769765,0.0002587161843173491,8.241405324675428e-05
30,41,0.0013681066803955273,0.0002376215679149421,6.681228782309378e-05
30,42,0.0011400533409398807,0.00022022288100051474,5.364328748103976e-05
30,43,0.0009276609183944978,0.00020612106779620536,4.232120218089052e-05
30,44,0.00072781120534747,0.0001949962948473075,3.238689774324739e-05
30,45,0.0005376683286998828,0.00018659965117397365,2.3472015599300953e-05
30,46,0.0003546119029995227,0.00018074561513681172,1.527214267674692e-05
30,47,0.00017617709842625935,0.00017730595149976136,7.5262101885709165e-06
30,48,0.0,8.808854921312967e-05,-0.0
31,0,0.0,-8.343735203948894e-05,-0.0
31,1,0.0001668747040789779,-0.00016795078293548512,8.310120776772935e-06
31,2,0.00033590156587097025,-0.0001711668302716437,1.685254898358012e-05
31,3,0.0005092083646222652,-0.0001765474247743984,2.5869596218828058e-05
31,4,0.000688996415419767,-0.0001841854289512763,3.56287221582084e-05
31,5,0.0008775792225248179,-0.0001942131591954183,4.6437585438106226e-05
31,6,0.0010774227338106036,-0.0002068038928471356,5.8662303343051106e-05
31,7,0.001291187008219089,-0.0002221727204339013,7.275041107935795e-05
31,8,0.0015217681746784062,-0.00024057544569122734,8.926037901811038e-05
31,9,0.0017723378996015438,-0.0002623032536972473,0.00010889997982366012
31,10,0.002046374682072901,-0.0002876692148975076,0.0001325762019095092
31,11,0.002347676329396559,-0.0003169799652793265,0.00016145953309548212
31,12,0.002680334612631554,-0.0003504815214498611,0.0001970647138298219
31,13,0.003048639372296281,-0.00038826143688158146,0.00024134724725049963
31,14,0.003456857486394717,-0.000430079800069177,0.0002968075547952805
31,15,0.003908798972434635,-0.00047508938061652283,0.00036657794255464814
31,16,0.0044070362476277625,-0.0005213944540055039,0.00045443325639801715
31,17,0.004951587880445643,-0.0005654012171508538,0.0005646018971348136
31,18,0.00553783868192947,-0.000600961896750529,0.0007011467999229904
31,19,0.006153511673946701,-0.0006184737593283862,0.0008665400842755365
31,20,0.006774786200586243,-0.0006044611814527371,0.0010589446435655884
31,21,0.007362434036852175,-0.0005428064576751368,0.001267905527846004
31,22,0.007860399115936516,-0.0004194533766747619,0.0014692696159638021
31,23,0.008201340790201699,-0.000231893604991271,0.0016231020953998087
31,24,0.008324186325919058,-4.3903979793542824e-07,0.0016828343587272075
31,25,0.00820221886979757,0.00023102117617919676,0.0016231323317803816
31,26,0.007862143973560665,0.0004185978593982372,0.0014693296994625436
31,27,0.007365023151001095,0.0005419789905119349,0.001267994682755993
31,28,0.006778185992536795,0.0006036727002661827,0.001059061713351941
31,29,0.00615767775046873,0.0006177349180799228,0.0008666835399524127
31,30,0.005542716156376949,0.0006002829901863129,0.0007013147511342865
31,31,0.004957111770096104,0.0005647921058638504,0.0005647921058638504
31,32,0.004413131944649248,0.0005208644923503803,0.00045464315321445264
31,33,0.003915382785395344,0.0004746473479264497,0.0003668046452907016
31,34,0.003463837248796349,0.0004297338355922257,0.0002970478895283977
31,35,0.0030559151142108922,0.0003880189788204773,0.00024159777145579993
31,36,0.0026877992911553943,0.0003503492504533048,0.00019732174155317767
31,37,0.0023552166133042826,0.00031696375269666776,0.00016171916198692675
31,38,0.002053871785762059,0.00028777407607205206,0.00013283434194684277
31,39,0.0017796684611601785,0.00026253330653760196,0.00010915238354761365
31,40,0.0015288051726868549,0.00024093387472539035,8.950267309316073e-05
31,41,0.0012978007117093978,0.0002226617465177919,7.297812898824686e-05
31,42,0.001083481679651271,0.00020742474866827597,5.887091901810124e-05
31,43,0.0008829512143728458,0.00019496607068367606,4.662254762850338e-05
31,44,0.000693549538283919,0.00018506960268202874,3.578548932940722e-05
31,45,0.0005128120090087884,0.00017756104142505953,2.5993671778053764e-05
31,46,0.0003384274554337999,0.00017230704416994853,1.6939516623952407e-05
31,47,0.00016819792066889128,0.00016921372771689996,8.355679731796549e-06
31,48,0.0,8.409896033444564e-05,-0.0
32,0,0.0,-7.909541028324661e-05,-0.0
32,1,0.00015819082056649323,-0.0001591495883794876,8.981917309402212e-06
32,2,0.0003182991767589752,-0.00016200902788166945,1.8196985090547437e-05
32,3,0.00048220887632983213,-0.00016677705988571095,2.788682892935365e-05
32,4,0.0006518532965303971,-0.0001735155189063154,3.831540416974485e-05
32,5,0.000829239914142463,-0.00018231020945114548,4.978195648493584e-05
32,6,0.001016473715432688,-0.0001932691068724583,6.263622376339765e-05
32,7,0.0012157781278873795,-0.00020651863923291935,7.729676900791922e-05
32,8,0.0014295109938985268,-0.00022219658554655853,9.427339801334122e-05
32,9,0.0016601712989804966,-0.00024043925916652196,0.00011419458240006326
32,10,0.0019103895122315707,-0.00026135933827707363,0.00013784052260030902
32,11,0.002182889975534644,-0.0002850087934315917,0.00016618164554908625
32,12,0.002480407099094754,-0.0003113187060393859,0.00020042037979645056
32,13,0.0028055273876134157,-0.0003400044107122321,0.0002420300003767226
32,14,0.0031604159205192183,-0.0003704209146102803,0.00029277655475042443
32,15,0.0035463692168339763,-0.0004013518703103738,0.00035469593029837103
32,16,0.003963119661139966,-0.00043072024067616226,0.00042997502430021524
32,17,0.004407809698186301,-0.00045523003079009404,0.0005206518989096234
32,18,0.004873579722720154,-0.0004700032637572709,0.0006280093673416941
32,19,0.005347816225700843,-0.0004683875412483363,0.0007515134214438335
32,20,0.005810354805216827,-0.00044228849489424526,0.000887208651833372
32,21,0.006232393215489333,-0.00038357429940288944,0.0010257628470915804
32,22,0.0065775034040226055,-0.00028707763491660904,0.001151034566712172
32,23,0.006806548485322551,-0.00015498223349997295,0.0012411218190278412
32,24,0.006887467871022551,-4.230128087213611e-07,0.0012744726952596433
32,25,0.006807394510939994,0.00015414165234002965,0.0012411556136307585
32,26,0.006579184566342492,0.0002862533478066227,0.0011511017208664502
32,27,0.0062348878153267485,0.0003827770382310667,0.001025862493842223
32,28,0.005813630489880359,0.0004415287962501167,0.0008873394985967698
32,29,0.005351830222826515,0.0004676756701311063,0.0007516737593667414
32,30,0.004878279149618146,0.00046934913908863295,0.0006281970836811124
32,31,0.004413131944649249,0.00045464315321445264,0.0005208644923503803
32,32,0.003968992843189241,0.00043020962310796407,0.00043020962310796385
32,33,0.003552712698433321,0.00040092597166119,0.0003549493131877479
32,34,0.003167140899866861,0.00037008757709807946,0.0002930451743313608
32,35,0.0028125375442371622,0.00033977080112267133,0.000242310009026498
32,36,0.002487599297621518,0.00031119126127478343,0.00020070765779110224
32,37,0.0021901550216875953,0.000284993170648218,0.00016647183127526419
32,38,0.0019176129563250822,0.00026146036987629857,0.00013812904465763758
32,39,0.0016672342819349982,0.00024066091287081937,0.00011447669339448828
32,40,0.0014362911305834435,0.00022254192975798234,9.454420983374696e-05
32,41,0.0012221504224190335,0.00020698981383988262,7.755128937146248e-05
32,42,0.0010223115029036783,0.00019386729964077125,6.286939380938979e-05
32,43,0.000834415823137491,0.00018303563810751134,4.998868919262782e-05
32,44,0.0006562402266886556,0.00017436741899685789,3.849062337194187e-05
32,45,0.00048568098514377526,0.00016775367846851884,2.8025508691273448e-05
32,46,0.0003207328697516179,0.0001631076230905545,1.829418922167316e-05
32,47,0.00015946573896266625,0.00016036643487580895,9.032838775176611e-06
32,48,0.0,7.973286948133313e-05,-0.0
33,0,0.0,-7.445543473008673e-05,-0.0
33,1,0.00014891086946017346,-0.0001497537978449377,9.505818791656626e-06
33,2,0.0002995075956898754,-0.00015226191865169226,1.9238743358569044e-05
33,3,0.00045343470676355795,-0.000156429005695201,2.9432493009158426e-05
33,4,0.0006123656070802773,-0.00016229030139569412,4.0339617362877855e-05
33,5,0.0007780153095549462,-0.00016989233960176548,5.224205371396132e-05
33,6,0.0009521502862838083,-0.00017928908032415223,6.546303050924783e-05
33,7,0.0011365934702032507,-0.00019053554618395774,8.038071200528699e-05
33,8,0.0013332213786517238,-0.0002036776322990833,9.74438509109127e-05
33,9,0.0015439487348014173,-0.00021873612911027952,0.00011718942039998573
33,10,0.0017706936368722828,-0.00023568215174848463,0.00014026158686879047
33,11,0.0020153130382983865,-0.000254400108083185,0.00016743021442510483
33,12,0.002279493853038653,-0.00027463316662222474,0.00019960497157031913
33,13,0.002564579371542836,-0.0002959052619276076,0.0002378374660964343
33,14,0.002871304376893868,-0.0003174138701475286,0.0002832979240021049
33,15,0.003199407111837893,-0.000337890911066732,0.00033720404352612695
33,16,0.003547086199027332,-0.0003554384853942515,0.00040066778878033115
33,17,0.003910284082626396,-0.000367366874109375,0.0004744133828391032
33,18,0.004281819947246082,-0.0003701003742163189,0.0005583146484048722
33,19,0.004650484831059034,-0.0003592744748367083,0.0006507211445680476
33,20,0.005000368896919499,-0.00033021175580499017,0.0007476251645518921
33,21,0.005310908342669014,-0.0002789805427963368,0.0008419104514741102
33,22,0.005558329982512172,-0.0002040944047385011,0.0009232301515429541
33,23,0.0057190971521460165,-0.0001084554764437997,0.0009793457650787802
33,24,0.005775240935399772,-4.052451950181321e-07,0.0009995518887093366
33,25,0.005719907642536053,0.00010765020178600364,0.000979382956859305
33,26,0.005559940531827764,0.00020330473960970168,0.0009233040563370672
33,27,0.005313298163316649,0.0002782167682422545,0.00084202011521124
33,28,0.005003506995343255,0.0003294839657907011,0.0007477691647609455
33,29,0.004654330231735247,0.0003585925031642655,0.0006508976006736368
33,30,0.004286321989014724,0.0003694737231699518,0.0005585212353472449
33,31,0.003915382785395344,0.0003668046452907018,0.00047464734792645037
33,32,0.0035527126984333207,0.0003549493131877479,0.00040092597166119
33,33,0.003205484159019848,0.00033748289914984665,0.00033748289914984687
33,34,0.0028777469001336274,0.0003170945314309758,0.00028359354841690494
33,35,0.0025712950961578962,0.0002956814622802188,0.00023814562491762952
33,36,0.00228638397557319,0.000274511072702071,0.00019992113093588674
33,37,0.0020222729507537542,0.0002543851395632031,0.00016774957424194135
33,38,0.0017776136964467836,0.00023577893819127615,0.00014057911614082574
33,39,0.001550715074371202,0.00021894847171371134,0.00011749989441869478
33,40,0.001339716753019361,0.00020400847070236455,9.774189007970703e-05
33,41,0.0011426981329664728,0.00019098693049343472,8.066082206164204e-05
33,42,0.0009577428920324915,0.00017986214848944132,6.571964390217832e-05
33,43,0.0007829738359875902,0.00017058730024622815,5.246957188945661e-05
33,44,0.0006165682915400352,0.00016310642218067436,4.053245370606471e-05
33,45,0.00045676099162624147,0.00015736460727479082,2.9585116189138357e-05
33,46,0.0003018390769904536,0.0001533143742538517,1.9345720820001763e-05
33,47,0.00015013224311853806,0.0001509195384952268,9.561860136131698e-06
33,48,0.0,7.506612155926903e-05,-0.0
34,0,0.0,-6.958959149158999e-05,-0.0
34,1,0.00013917918298317998,-0.00013991084502091856,9.891273771319394e-06
34,2,0.0002798216900418371,-0.00014208235366416764,1.9998157583513533e-05
34,3,0.0004233438903115153,-0.00014567618588140214,3.0540879485431384e-05
34,4,0.0005711740618046414,-0.00015070595820151252,4.175473888571495e-05
34,5,0.0007247558067145403,-0.0001571867963047755,5.389822634757255e-05
34,6,0.0008855476544141924,-0.00016513044858113262,6.726175177429694e-05
34,7,0.0010550167038768056,-0.00017453781883125448,8.217701835058674e-05
34,8,0.0012346232920767014,-0.0001853878771518598,9.902685956025511e-05
34,9,0.0014257924581805251,-0.0001976215232086442,0.00011825496470734367
34,10,0.0016298663384939898,-0.00021111854425195453,0.00014037424703078913
34,11,0.0018480295466844342,-0.00022566540873006303,0.0001659715019146419
34,12,0.002081197155954116,-0.00024091145436805643,0.00019570425510054897
34,13,0.002329852455420547,-0.0002563114582804463,0.00023028308426950887
34,14,0.0025938200725150085,-0.00027105433718058766,0.00027042906319845253
34,15,0.0028719611297817224,-0.00028398200553214755,0.00031679151384208593
34,16,0.0031617840835793036,-0.000293510901363186,0.0003698070237488863
34,17,0.0034589829325080944,-0.000297583171165553,0.0004294795986329585
34,18,0.0037569504259104096,-0.00029369550202832653,0.0004950699644745433
34,19,0.0040463739365647474,-0.0002790770251013164,0.000564709721972348
34,20,0.004315104476113042,-0.0002510991879881826,0.0006350161429688136
34,21,0.004548572312541113,-0.00020796931241182743,0.0007008815688131515
34,22,0.004731043100936697,-0.00014964232131193904,0.0007557210589588781
34,23,0.004847856955164991,-7.866049633359047e-05,0.0007924849183370483
34,24,0.004888364093603878,-3.858210281966999e-07,0.0008054961648645796
34,25,0.004848628597221384,7.789381996776024e-05,0.0007925253324677075
34,26,0.004732576453668358,0.00014889050615855782,0.0007558013669889622
34,27,0.0045508475849042685,0.00020724214665494498,0.000701000734042354
34,28,0.004318092160358468,0.00025040628171251345,0.0006351726197266329
34,29,0.004050035021479242,0.00027842774071740574,0.0005649014668030507
34,30,0.0037612366789236563,0.0002930988863414465,0.0004952944509329809
34,31,0.0034638372487963485,0.0002970478895283977,0.0004297338355922257
34,32,0.003167140899866861,0.00029304517433136057,0.00037008757709807924
34,33,0.0028777469001336274,0.00028359354841690494,0.0003170945314309756
34,34,0.002599953803033051,0.0002707503028658621,0.0002707503028658619
34,35,0.002336246294401903,0.0002560983836416531,0.0002306179447737599
34,36,0.0020877570357497447,0.00024079521059909527,0.00019604780975356225
34,37,0.0018546558732037127,0.00022565115585315698,0.00016631853470625132
34,38,0.0016364547240434308,0.000211210690053052,0.00014071929101651035
34,39,0.0014322344930976086,0.00019782368680970066,0.00011859234242125936
34,40,0.0012408073504240294,0.0001857028574009296,9.935072520474847e-05
34,41,0.0010608287782957495,0.0001749675676623539,8.248140150631303e-05
34,42,0.0008908722150993216,0.00016567604946858582,6.754060236691703e-05
34,43,0.0007294766793585778,0.00015784844791139773,5.414546060227498e-05
34,44,0.0005751753192765262,0.00015148296329653963,4.196428599630766e-05
34,45,0.00042651075276549854,0.0001465669455824559,3.0706728721669e-05
34,46,0.0002820414281116144,0.00014308436703754784,2.0114405558241264e-05
34,47,0.00014034201869040286,0.0001410207140558072,9.952171587869038e-06
34,48,0.0,7.017100934520143e-05,-0.0
35,0,0.0,-6.456416095876734e-05,-0.0
35,1,0.00012912832191753468,-0.00012975564026142415,1.015172510368849e-05
35,2,0.0002595112805228483,-0.00013161231293758025,2.0503609223350956e-05
35,3,0.0003923529477926952,-0.00013467242439299957,3.125846240317653e-05
35,4,0.0005288561293088474,-0.00013893295453355295,4.2630484502171066e-05
35,5,0.0006702188568598011,-0.0001443853267131835,5.485111436847196e-05
35,6,0.0008176267827352144,-0.00015101028832113805,6.81749409227277e-05
35,7,0.0009722394335020772,-0.00015877043839799957,8.288548892834095e-05
35,8,0.0011351676595312136,-0.00016759968594232637,9.930045421028405e-05
35,9,0.00130743880538673,-0.0001773887416397455,0.00011777558351464673
35,10,0.0014899451428107046,-0.0001879656145411864,0.000138705810449454
35,11,0.0016833700344691027,-0.00019907010001342514,0.0001625213965868056
35,12,0.0018880853428375549,-0.00021032158426735777,0.00018967561756239992
35,13,0.0021040132030038182,-0.00022118045382970403,0.00022061896262967
35,14,0.002330446250496963,-0.00023090544057495152,0.0002557530211025152
35,15,0.0025658240841537213,-0.00023851295051629823,0.0002953556904617318
35,16,0.0028074721515295594,-0.00024275040060337894,0.0003394691806859445
35,17,0.003051324885360479,-0.000242103933383718,0.0003877456511173522
35,18,0.0032916800182969954,-0.00023487025087692934,0.00043925560604260645
35,19,0.003521065387114338,-0.00021932829634243797,0.0004922855467385681
35,20,0.0037303366109818713,-0.0001940399089641867,0.0005441862155739969
35,21,0.003909145205042711,-0.0001582756268062723,0.000591375522882551
35,22,0.004046887864594416,-0.00011249105521460431,0.0006296274597987026
35,23,0.00413412731547192,-5.8680370538098225e-05,0.0006547414510373144
35,24,0.004164248605670612,-3.64831064358917e-07,0.0006635290629328527
35,25,0.004134856977600638,5.79554039103862e-05,0.000654784899759337
35,26,0.00404833779784984,0.00011178014118434819,0.0006297137979646406
35,27,0.003911296695231941,0.00015758802097992522,0.0005915036359797044
35,28,0.0037331617558899895,0.00019338469855139772,0.0005443544419147987
35,29,0.003524527298129146,0.0002187143343706135,0.0004924916894822134
35,30,0.0032957330871487625,0.00023430609195912683,0.00043949694909789093
35,31,0.0030559151142108922,0.00024159777145580015,0.0003880189788204769
35,32,0.0028125375442371622,0.00024231000902649779,0.00033977080112267133
35,33,0.0025712950961578967,0.0002381456249176293,0.0002956814622802188
35,34,0.0023362462944019036,0.0002306179447737601,0.0002560983836416531
35,35,0.0021100592066103764,0.00022097896916791913,0.00022097896916791892
35,36,0.0018942883560660654,0.00021021166263456242,0.00019004497147407187
35,37,0.0016896358813412516,0.0001990566208261512,0.00016289449017653848
35,38,0.001496175114413763,0.0001880527459062842,0.0001390767662212706
35,39,0.0013135303895286832,0.00017757990590194946,0.00011813829761947881
35,40,0.001141015302609864,0.00016789752978741822,9.964864180511039e-05
35,41,0.0009777353299538468,0.00015917680765560328,8.321273117104357e-05
35,42,0.0008226616872986575,0.00015152620758540327,6.847473331932888e-05
35,43,0.0006746829147830402,0.00014501098387561878,5.5116916183437024e-05
35,44,0.0005326397195474199,0.00013966769030006838,4.285576893783198e-05
35,45,0.00039534753418290347,0.00013551472683672442,3.1436767250936316e-05
35,46,0.00026161026587397107,0.00013255981712005175,2.0628587687042646e-05
35,47,0.00013022789994279998,0.00013080513293698554,1.0217196494204514e-05
35,48,0.0,6.511394997139999e-05,-0.0
36,0,0.0,-5.94378663879015e-05,-0.0
36,1,0.000118875732775803,-0.0001194072357975676,1.0303327998437356e-05
36,2,0.0002388144715951352,-0.00012097561636467962,2.0788833468534117e-05
36,3,0.0003608269655051622,-0.00012354931060258204,3.163952391126851e-05
36,4,0.00048591309280029927,-0.0001271133062362171,4.30464288238413e-05
36,5,0.0006150535779775964,-0.00013164233988421887,5.521246802849065e-05
36,6,0.000749197772568737,-0.00013709607402126364,6.835602210231813e-05
36,7,0.0008892457260201237,-0.00014341230554369813,8.271390297074922e-05
36,8,0.0010360223836561333,-0.000150497782565554,9.854321119671927e-05
36,9,0.0011902412911512317,-0.00015821616696947425,0.00011612125537016778
36,10,0.0013524547175950818,-0.00016637273117979566,0.00013574227200022898
36,11,0.001522986753510823,-0.00017469560161711712,0.00015770910331567938
36,12,0.001701845920829316,-0.00018281388832519204,0.00018231727677402946
36,13,0.001888614530161207,-0.00019023405474033104,0.00020982816542788549
36,14,0.002082314030309978,-0.00019631760934852585,0.00024042731322735224
36,15,0.0022812497488582588,-0.00020026584594871823,0.0002741640446196521
36,16,0.0024828457222074145,-0.0002011209407075656,0.0003108699606704289
36,17,0.00268349163027339,-0.00019779674580889107,0.0003500580888358847
36,18,0.0028784392138251967,-0.0001891556064071106,0.00039081278085254813
36,19,0.003061802843087611,-0.00017414641556992593,0.0004316939375033739
36,20,0.0032267320449650486,-0.00015200921184419978,0.0004706965746931336
36,21,0.0033658212667760107,-0.00012252806818712175,0.0005053219109117492
36,22,0.003471788181339292,-8.627639315717558e-05,0.0005328151420304417
36,23,0.003538374053090362,-4.47588931994404e-05,0.0005505880035481315
36,24,0.003561305967738173,-3.4237230617413517e-07,0.0005567588913484435
36,25,0.00353905879770271,4.4078554999548184e-05,0.0005506342870698914
36,26,0.0034731488577390765,8.560924237892525e-05,0.0005329071133211914
36,27,0.0033678403129448597,0.00012188279060510311,0.0005054583827721856
36,28,0.0032293832765288703,0.00015139433521502241,0.0004708757770608644
36,29,0.003065051642514815,0.00017357024790049793,0.00043191353025584696
36,30,0.0028822427807278744,0.00018862617567971004,0.0003910698707436566
36,31,0.0026877992911553948,0.0001973217415531781,0.0003503492504533048
36,32,0.002487599297621518,0.00020070765779110246,0.00031119126127478343
36,33,0.00228638397557319,0.00019992113093588674,0.000274511072702071
36,34,0.0020877570357497447,0.00019604780975356225,0.00024079521059909548
36,35,0.0018942883560660654,0.00019004497147407187,0.00021021166263456242
36,36,0.001707667092801601,0.00018271073160771483,0.00018271073160771483
36,37,0.0015288668928506357,0.0001746829506003557,0.00015810654218091288
36,38,0.0013583011916008896,0.00016645449749599233,0.0001361374338745739
36,39,0.001195957897858651,0.00015839556239354046,0.00011650763808660749
36,40,0.0010415100668138087,0.00015077729095249435,9.891411976368131e-05
36,41,0.0008944033159536623,0.0001437936591765724,8.306249963585332e-05
36,42,0.0007539227484606639,0.00013758023448097928,6.867537785794098e-05
36,43,0.0006192428469917038,0.00013222948352990084,5.549561525081858e-05
36,44,0.0004894637814008622,0.00012780281436403893,4.328641473208653e-05
36,45,0.0003636372182636259,0.00012433976433166654,3.1829464530060505e-05
36,46,0.00024078425273752908,0.00012186479628081603,2.092196777402071e-05
36,47,0.00011990762570199383,0.00012039212636876454,1.0373071927264807e-05
36,48,0.0,5.9953812850996914e-05,-0.0
37,0,0.0,-5.426083296032998e-05,-0.0
37,1,0.00010852166592065996,-0.00010896680679289004,1.0363755811019601e-05
37,2,0.00021793361358578007,-0.0001102761170247491,2.0890442144705056e-05
37,3,0.00032907389997015817,-0.00011241482903769239,3.1742217009688426e-05
37,4,0.00044276327166116485,-0.00011536001041633081,4.3086345493107444e-05
37,5,0.0005597939208028198,-0.00011907573343470667,5.5097432526441574e-05
37,6,0.0006809147385305782,-0.00012350885337887948,6.795915701093727e-05
37,7,0.0008068116275605788,-0.00012858324930359842,8.186517037255025e-05
37,8,0.000938081237137775,-0.0001341923335429078,9.701865769302616e-05
37,9,0.0010751962946463944,-0.0001401896808362358,0.00011362983456729805
37,10,0.0012184605988102466,-0.0001463777665956748,0.00013191036518821273
37,11,0.001367951827837744,-0.00015249509523962467,0.00015206334974956224
37,12,0.001523450789289496,-0.00015820252215515166,0.00017426718749875576
37,13,0.0016843568721480473,-0.00016307041737638125,0.0001986513802449373
37,14,0.0018495916240422584,-0.00016656956138318493,0.00022526239987477787
37,15,0.002017495994914417,-0.00016807030307322156,0.00025401843636502165
37,16,0.0021857322301887016,-0.0001668563563871463,0.0002846536538101285
37,17,0.0023512087076887097,-0.00016216111320159878,0.0003166560837829554
37,18,0.002510054456591899,-0.00015323440220944015,0.0003492089049093219
37,19,0.00265767751210759,-0.00013944450250185248,0.00038115234792137037
37,20,0.002788943461595604,-0.00012041193555581138,0.00041099103286075414
37,21,0.002898501383219213,-9.615705946896418e-05,0.00043697489116069897
37,22,0.0029812575805335324,-6.722496257822205e-05,0.0004572740619160497
37,23,0.003032951308375657,-3.473662122009647e-05,0.0004702424502850025
37,24,0.0030507308229737254,-3.1854754259895424e-07,0.0004747213888959688
37,25,0.003033588403460855,3.410362588313412e-05,0.0004702913577219797
37,26,0.002982523571207457,6.66042368866423e-05,0.00045737124727746156
37,27,0.0029003799296875702,9.555668471959819e-05,0.000437119099970764
37,28,0.0027914102017682608,0.00011983984603505912,0.00041118039474844935
37,29,0.002660700237617452,0.00013890842805340574,0.0003813843901462348
37,30,0.0025135933456614493,0.00015274181215658468,0.0003494805702545533
37,31,0.0023552166133042826,0.00016171916198692697,0.000316963752696668
37,32,0.0021901550216875953,0.00016647183127526397,0.0002849931706482183
37,33,0.0020222729507537547,0.00016774957424194135,0.0002543851395632033
37,34,0.0018546558732037127,0.00016631853470625154,0.0002256511558531572
37,35,0.0016896358813412516,0.00016289449017653848,0.0001990566208261513
37,36,0.0015288668928506357,0.00015810654218091288,0.0001746829506003557
37,37,0.0013734227969794258,0.00015248332309301027,0.00015248332309301027
37,38,0.0012239002466646152,0.0001464538418119788,0.00013232793275061547
37,39,0.0010805151133554682,0.00014035659179105687,0.00011403812548781156
37,40,0.0009431870630825014,0.00013445239133666405,9.741059733365647e-05
37,41,0.0008116103306821401,0.00012893806574986296,8.223353322277396e-05
37,42,0.0006853109315827755,0.00012395932320036852,6.829662111704346e-05
37,43,0.0005636916842814031,0.00011962202074976432,5.5396635119647124e-05
37,44,0.00044606689008324686,0.00011600153957931031,4.3339939485168954e-05
37,45,0.00033168860512278246,0.0001131502798786586,3.194292802080587e-05
37,46,0.00021976633032592965,0.00011110342451725605,2.103112572586293e-05
37,47,0.00010948175608827037,0.00010988316516296483,1.0437454521438243e-05
37,48,0.0,5.474087804413518e-05,-0.0
38,0,0.0,-4.90741105768819e-05,-0.0
38,1,9.81482211537638e-05,-9.851679365286255e-05,1.0351165908012748e-05
38,2,0.0001970335873057251,-9.959715516601078e-05,2.084580661919297e-05
38,3,0.00029734253148578537,-0.00010135340725417964,3.1625273871839266e-05
38,4,0.0003997404018140844,-0.00010375809071946394,4.2833621855619124e-05
38,5,0.0005048587129247133,-0.00010676952836638905,5.461855466411028e-05
38,6,0.0006132794585468625,-0.00011032833617515497,6.713179603173169e-05
38,7,0.0007255153852750232,-0.00011435280486160924,8.052856033428669e-05
38,8,0.000841985068270081,-0.0001187331183708062,9.496568900560476e-05
38,9,0.0009629816220166356,-0.00012332445947428768,0.00011059787239408588
38,10,0.0010886339872186563,-0.00012793921599753148,0.00012757121345224046
38,11,0.0012188600540116985,-0.0001323387793065741,0.0001460132316807827
38,12,0.0013533115458318045,-0.00013622585782981696,0.00016601830480056238
38,13,0.0014913117696713325,-0.00013923884236430892,0.00018762759308526503
38,14,0.0016317892305604223,-0.0001409505532284415,0.00021080283212233984
38,15,0.0017732128761282155,-0.00014087459201336762,0.00023539421688959145
38,16,0.0019135384145871576,-0.00013848329328963185,0.0002611041709764877
38,17,0.002050179462707479,-0.00013324149470969767,0.0002874512901282115
38,18,0.002180021404006553,-0.00012465934226869564,0.0003137421350968833
38,19,0.0022994981472448705,-0.00011236428761849369,0.00033906227291459565
38,20,0.0024047499792435403,-9.618666860487118e-05,0.00036230060693808017
38,21,0.002491871484454613,-7.624503913182621e-05,0.00038222013359107154
38,22,0.0025572400575071927,-5.300883403287207e-05,0.0003975808230185073
38,23,0.002597889152520357,-2.731156621952127e-05,0.0004073046105009209
38,24,0.0026118631899462352,-2.934648691969074e-07,0.0004106511720278626
38,25,0.0025984760822587508,2.6728413381040938e-05,0.0004073559208517797
38,26,0.0025584063631841534,5.243698462770955e-05,0.00039768278329291285
38,27,0.0024936021130033317,7.569193807609089e-05,0.000382371427706188
38,28,0.0024070224870319716,9.565962539049319e-05,0.00036249927266706673
38,29,0.0023022828622223453,0.0001118704234066019,0.00033930571607408114
38,30,0.0021832816402187678,0.00012420553823014324,0.000314027148315612
38,31,0.002053871785762059,0.0001328343419468431,0.00028777407607205206
38,32,0.0019176129563250816,0.0001381290446576378,0.0002614603698762987
38,33,0.0017776136964467832,0.00014057911614082563,0.0002357789381912767
38,34,0.0016364547240434303,0.00014071929101651024,0.00021121069005305222
38,35,0.0014961751144137627,0.00013907676622127037,0.0001880527459062843
38,36,0.0013583011916008896,0.0001361374338745738,0.00016645449749599244
38,37,0.0012239002466646152,0.00013232793275061547,0.0001464538418119788
38,38,0.0010936453260996586,0.00012800929989079362,0.00012800929989079362
38,39,0.0009678816468830279,0.00012347822697658146,0.00011102622663124965
38,40,0.0008466888721464957,0.00011897269868745675,9.537688872318612e-05
38,41,0.0007299362495081144,0.00011467968295995938,8.09150249111532e-05
38,42,0.0006173295062265769,0.00011074333637785245,6.748584365108643e-05
38,43,0.0005084495767524095,0.00010727280189802633,5.49324606794379e-05
38,44,0.0004027839024305243,0.00010434910726519767,4.309967806756187e-05
38,45,0.00029975136222201417,0.00010203095057236053,3.183584836409243e-05
38,46,0.00019872200128580322,0.00010035932278144841,2.0993403798693776e-05
38,47,9.903271665911734e-05,9.936100064290161e-05,1.0428486393125472e-05
38,48,0.0,4.951635832955867e-05,-0.0
39,0,0.0,-4.3909667052317234e-05,-0.0
39,1,8.781933410463447e-05,-8.812100017369707e-05,1.0283362157835428e-05
39,2,0.00017624200034739414,-8.900200906092258e-05,2.0691367358939257e-05
39,3,0.00026582335222647964,-9.042701380126623e-05,3.13454405478737e-05
39,4,0.0003570960279499266,-9.23667296240598e-05,4.2367810932487335e-05
39,5,0.00045055681147459923,-9.47775592585941e-05,5.388149615143212e-05
39,6,0.0005466511464671148,-9.759884770870308e-05,6.600971350440062e-05
39,7,0.0006457545068920054,-0.00010074935632972535,7.887444068953786e-05
39,8,0.0007481498591265655,-0.0001041230214831086,9.25937779006725e-05
39,9,0.0008540005498582226,-0.00010758415638960009,0.00010727768403073925
39,10,0.0009633181719057657,-0.00011096240730897798,0.0001230215862740159
39,11,0.0010759253644761786,-0.00011404800389130276,0.0001398973208090139
39,12,0.0011914141796883712,-0.00011658816075066933,0.00015794089623827768
39,13,0.0013091016859775172,-0.00011828589005460379,0.00017713674747325554
39,14,0.0014279859597975788,-0.00011880293757885851,0.00019739855600523588
39,15,0.0015467075611352342,-0.0001177689642190737,0.0002185474576348399
39,16,0.0016635238882357262,-0.00011479928314852628,0.00024028962932911343
39,17,0.0017763061274322868,-0.00010952314908120315,0.000262196851143353
39,18,0.0018825701863981325,-0.00010162341942305598,0.00028369549881848623
39,19,0.0019795529662783987,-9.088603066065564e-05,0.0003040710391884427
39,20,0.0020643422477194437,-7.72540748793355e-05,0.0003224955576857045
39,21,0.0021340611160370697,-6.087684338853703e-05,0.0003380838916516879
39,22,0.002186095934496518,-4.214048566837268e-05,0.0003499784454188638
39,23,0.002218342087373815,-2.166627221074119e-05,0.0003574536855039805
39,24,0.002229428478918,-2.672371917401828e-07,0.0003600209145145891
39,25,0.0022188765617572955,2.113523714818437e-05,0.0003575071686575327
39,26,0.0021871580046216314,4.1619743741050635e-05,0.00035008472334604405
39,27,0.002135637074275194,6.037317409375207e-05,0.0003382415925654963
39,28,0.0020664116564341273,7.677413440295225e-05,0.00032270263630439797
39,29,0.0019820888054692897,9.043630370195101e-05,0.0003043247915209909
39,30,0.0018855390490302253,0.0001012101721545556,0.0002839925817245014
39,31,0.0017796684611601785,0.00010915238354761365,0.00026253330653760196
39,32,0.001667234281934998,0.0001144766933944886,0.00024066091287081905
39,33,0.0015507150743712013,0.00011749989441869489,0.00021894847171371112
39,34,0.0014322344930976082,0.00011859234242125915,0.00019782368680970044
39,35,0.001313530389528683,0.0001181382976194787,0.00017757990590194935
39,36,0.0011959578978586508,0.00011650763808660738,0.00015839556239354057
39,37,0.0010805151133554682,0.00011403812548781145,0.00014035659179105687
39,38,0.0009678816468830279,0.00011102622663124965,0.00012347822697658146
39,39,0.0008584626600929689,0.00010772418062344937,0.00010772418062344937
39,40,0.0007524332856361292,0.0001043411896165676,9.302239366979729e-05
39,41,0.0006497802808598337,0.00010104702067776326,7.927727389752488e-05
39,42,0.0005503392442806026,9.797675896865322e-05,6.637875691906794e-05
39,43,0.0004538267629225273,9.523585516623976e-05,5.4208697888108746e-05
39,44,0.0003598675339481231,9.290492726396485e-05,4.264513624645155e-05
39,45,0.0002680169083945976,9.104400560979051e-05,3.156493421004558e-05
39,46,0.0001777795227285421,8.969606254628909e-05,2.0845216244813486e-05
39,47,8.862478330201942e-05,8.888976136427105e-05,1.0363957677977287e-05
39,48,0.0,4.431239165100971e-05,-0.0
40,0,0.0,-3.879074841904647e-05,-0.0
40,1,7.758149683809294e-05,-7.782542629392329e-05,1.0177161263525104e-05
40,2,0.00015565085258784658,-7.853507677597251e-05,2.0461375915243262e-05
40,3,0.00023465165039003797,-7.967696368063156e-05,3.095562271008276e-05
40,4,0.0003150047799491097,-8.122203511590552e-05,4.1762248588890125e-05
40,5,0.000397095720621849,-8.312762579447576e-05,5.298226513919676e-05
40,6,0.00048126003153806124,-8.533539163704923e-05,6.47141279438051e-05
40,7,0.0005677665038959475,-8.776874046533735e-05,7.705177557592306e-05
40,8,0.0006567975124687359,-9.032987502960481e-05,9.008166891803538e-05
40,9,0.0007484262539551571,-9.289665110094429e-05,0.00010387853908085776
40,10,0.0008425908146706245,-9.531957921925683e-05,0.00011849953731509627
40,11,0.0009390654123936707,-9.741946934231231e-05,0.00013397650481814075
40,12,0.0010374297533552491,-9.898643116557532e-05,0.00015030617615123537
40,13,0.0011370382747248214,-9.978118259735072e-05,0.00016743833932270433
40,14,0.0012369921185499506,-9.953984306685715e-05,0.0001852623470158006
40,15,0.0013361179608585357,-9.798351868949007e-05,0.00020359294974260807
40,16,0.0014329591559289307,-9.483389978111876e-05,0.00022215721507205647
40,17,0.0015257857604207732,-8.983562522032486e-05,0.00024058524827659988
40,18,0.0016126304063695804,-8.278515422360593e-05,0.0002584083547787536
40,19,0.001691356068867985,-7.356422875127544e-05,0.00027506882763626286
40,20,0.0017597588638721313,-6.217381614162596e-05,0.0002899451777941439
40,21,0.001815703701151237,-4.876215139866687e-05,0.00030239477323097555
40,22,0.001857283166669465,-3.363904018057948e-05,0.0003118121849976155
40,23,0.001882981781512396,-1.726909712379597e-05,0.00031769642951272564
40,24,0.001891821360917057,-2.39981715644726e-07,0.00031971522918391613
40,25,0.0018834617449436854,1.6792222212495865e-05,0.00031775184728077496
40,26,0.0018582369164920653,3.31714085356732e-05,0.0003119223072671932
40,27,0.001817118927872339,4.830985103444481e-05,0.0003025581786207785
40,28,0.0017616172144231757,6.174282434598779e-05,0.00029015974707704824
40,29,0.0016936332791803635,7.316036882670535e-05,0.0002753317590568524
40,30,0.001615296476769765,8.241405324675428e-05,0.000258716184317349
40,31,0.0015288051726868549,8.950267309316073e-05,0.00024093387472539035
40,32,0.0014362911305834435,9.454420983374696e-05,0.00022254192975798223
40,33,0.001339716753019361,9.774189007970703e-05,0.00020400847070236423
40,34,0.0012408073504240294,9.935072520474847e-05,0.00018570285740092938
40,35,0.001141015302609864,9.96486418051105e-05,0.00016789752978741811
40,36,0.0010415100668138084,9.891411976368131e-05,0.00015077729095249424
40,37,0.0009431870630825014,9.741059733365636e-05,0.00013445239133666405
40,38,0.0008466888721464957,9.537688872318612e-05,0.0001189726986874568
40,39,0.0007524332856361292,9.302239366979729e-05,0.00010434118961656766
40,40,0.0006606440848069011,9.052579196153226e-05,9.052579196153232e-05
40,41,0.0005713817017130646,8.803604620923004e-05,7.74691834614962e-05
40,42,0.00048457199238844106,8.567476036843631e-05,6.509652368166699e-05
40,43,0.000400032180976192,8.353918122540994e-05,5.3321305462954e-05
40,44,0.0003174936299376212,8.170534358713451e-05,4.204960798846356e-05
40,45,0.000236621493801923,8.023103057072247e-05,3.1183058069532164e-05
40,46,0.00015703156879617625,7.915834624938012e-05,2.0620791371835144e-05
40,47,7.830480130316277e-05,7.851578439808813e-05,1.0260672902637101e-05
40,48,0.0,3.9152400651581384e-05,-0.0
41,0,0.0,-3.373250578879213e-05,-0.0
41,1,6.746501157758426e-05,-6.76596242584538e-05,1.0047949016222324e-05
41,2,0.0001353192485169076,-6.822354761436492e-05,2.0187032720803343e-05
41,3,0.00020391210680631411,-6.912614112761937e-05,3.0503664079158135e-05
41,4,0.00027357153077214635,-7.03400871949458e-05,4.1082583478999204e-05
41,5,0.0003445922811962057,-7.182567990367912e-05,5.200568972219056e-05
41,6,0.0004172228905795046,-7.352933727197678e-05,6.335043522498398e-05
41,7,0.0004916509557401593,-7.538181535549508e-05,7.518761670819614e-05
41,8,0.0005679865212904947,-7.72962579781739e-05,8.757838097411954e-05
41,9,0.0006462434716965071,-7.91662879925392e-05,0.00010057026326448489
41,10,0.0007263190972755731,-8.0864441571695e-05,0.00011419209449561537
41,11,0.0008079723548398971,-8.224136505516366e-05,0.00012844766933634211
41,12,0.0008908018273859004,-8.312632624610575e-05,0.00014330818026335603
41,13,0.0009742250073321086,-8.332971919003857e-05,0.00015870361693315094
41,14,0.0010574612657659776,-8.264832715895477e-05,0.0001745136268264833
41,15,0.001139521661650018,-8.087409616281782e-05,0.00019055874121662677
41,16,0.0012192094580916132,-7.780698461453447e-05,0.00020659337026866006
41,17,0.001295135630879087,-7.327200937450604e-05,0.00022230249159618614
41,18,0.0013657534768406253,-6.7139840063393e-05,0.00023730435381255264
41,19,0.001429415311005873,-5.934920764526534e-05,0.0002511615651828178
41,20,0.001484451892131156,-4.99281292846228e-05,0.00026340236005324615
41,21,0.0015292715695751186,-3.900983618506542e-05,0.0002735523961089841
41,22,0.0015624715645012868,-2.683882938662259e-05,0.000281175105485297
41,23,0.0015829492283483638,-1.3763228024440553e-05,0.000285915779685994
41,24,0.001589998020550168,-2.1181942369086302e-07,0.0002875420953060982
41,25,0.0015833728671957455,1.334231523146144e-05,0.000285972886857302
41,26,0.001563313390087245,2.6426075081054188e-05,0.00028128858483110106
41,27,0.0015305207170336372,3.8610613903607106e-05,0.00027372078294347446
41,28,0.0014860921622800308,4.9547714839026126e-05,0.00026362347058173346
41,29,0.001431425287355585,5.899274094225179e-05,0.0002514325122835064
41,30,0.0013681066803955273,6.681228782309356e-05,0.0002376215679149421
41,31,0.0012978007117093978,7.297812898824686e-05,0.000222661746517792
41,32,0.0012221504224190335,7.755128937146248e-05,0.00020698981383988262
41,33,0.0011426981329664728,8.066082206164204e-05,0.00019098693049343472
41,34,0.0010608287782957495,8.248140150631303e-05,0.0001749675676623539
41,35,0.0009777353299538468,8.321273117104357e-05,0.00015917680765560328
41,36,0.0008944033159536623,8.306249963585332e-05,0.00014379365917657224
41,37,0.0008116103306821401,8.223353322277401e-05,0.00012893806574986296
41,38,0.0007299362495081143,8.091502491115325e-05,0.00011467968295995938
41,39,0.0006497802808598336,7.927727389752488e-05,0.00010104702067776326
41,40,0.0005713817017130645,7.746918346149614e-05,8.803604620923004e-05
41,41,0.0004948419139368413,7.561775239789794e-05,7.561775239789796e-05
41,42,0.00042014619691726866,7.382888097011103e-05,6.374449133196016e-05
41,43,0.0003471841519966193,7.218893947303633e-05,5.235506851295385e-05
41,44,0.000275768317971196,7.076667987054301e-05,4.1378705514053194e-05
41,45,0.00020565079225553327,6.961518899316209e-05,3.0738034827046537e-05
41,46,0.0001365379399848718,6.877367737939403e-05,2.035130940043255e-05
41,47,6.810343749674522e-05,6.82689699924359e-05,1.0134007270021314e-05
41,48,0.0,3.405171874837261e-05,-0.0
42,0,0.0,-2.8742799402824146e-05,-0.0
42,1,5.748559880564829e-05,-5.763839357311995e-05,9.909399480870543e-06
42,2,0.0001152767871462399,-5.8079361713036704e-05,1.9895959118667725e-05
42,3,0.0001736443222317217,-5.8781412922435704e-05,3.003164541008838e-05
42,4,0.0002328396129911113,-5.972000947287309e-05,4.038603151309223e-05
42,5,0.0002930843411774679,-6.085977404849099e-05,5.102483243011524e-05
42,6,0.0003545591610880933,-6.215346465104365e-05,6.200809305642488e-05
42,7,0.0004173912704795552,-6.354079471620179e-05,7.338790920624716e-05
42,8,0.00048164075052049686,-6.494722847331607e-05,8.520556575052364e-05
42,9,0.0005472857274261873,-6.628293757944846e-05,9.748799145863153e-05
42,10,0.0006142066256793938,-6.74421731473996e-05,0.00011024346524234725
42,11,0.0006821700737209865,-6.830338357457165e-05,0.00012345657366717928
42,12,0.0007508133928285371,-6.873048356876649e-05,0.00013708252660891523
42,13,0.0008196310408585195,-6.857573603422345e-05,0.00015104109771930919
42,14,0.000887964864896984,-6.768471878338132e-05,0.00016521067463875285
42,15,0.0009550004784252821,-6.590377524731331e-05,0.000179423174099695
42,16,0.0010197724153916106,-6.30901494015594e-05,0.00019346087077227705
42,17,0.001081180777228401,-5.9124641676432284e-05,0.00020705644530644656
42,18,0.0011380216987444752,-5.392608063697424e-05,0.000219897677470327
42,19,0.0011890329385023494,-4.746622251058192e-05,0.0002316380631810447
42,20,0.001232954143765639,-3.9782985215459704e-05,0.00024191408504260878
42,21,0.0012685989089332688,-3.098940596661605e-05,0.00025036883712347725
42,22,0.0012949329556988711,-2.1275656603569545e-05,0.0002566802602266023
42,23,0.001311150222140408,-1.0902107302994749e-05,0.0002605906660268878
42,24,0.0013167371703048606,-1.8287454433673495e-07,0.00026193302106298697
42,25,0.0013115159712290814,1.053871173749873e-05,0.0002606492114377826
42,26,0.0012956597468298631,2.0919304621845646e-05,0.00025679659755410266
42,27,0.00126967736198539,3.0644736785077203e-05,0.00025054146481953796
42,28,0.0012343702732597087,3.945455368601974e-05,0.0002421407643501401
42,29,0.0011907682546133506,4.7158466159914e-05,0.000231915834310479
42,30,0.0011400533409398807,5.364328748103987e-05,0.00022022288100051468
42,31,0.0010834816796512709,5.887091901810124e-05,0.00020742474866827597
42,32,0.0010223115029036783,6.286939380938968e-05,0.00019386729964077125
42,33,0.0009577428920324915,6.571964390217832e-05,0.00017986214848944132
42,34,0.0008908722150993216,6.754060236691703e-05,0.00016567604946858582
42,35,0.0008226616872986575,6.847473331932883e-05,0.0001515262075854032
42,36,0.000753922748460664,6.867537785794098e-05,0.00013758023448097917
42,37,0.0006853109315827755,6.829662111704351e-05,0.00012395932320036847
42,38,0.0006173295062265769,6.748584365108643e-05,0.00011074333637785239
42,39,0.0005503392442806026,6.637875691906794e-05,9.797675896865314e-05
42,40,0.00048457199238844106,6.509652368166696e-05,8.56747603684362e-05
42,41,0.0004201461969172687,6.374449133196016e-05,7.382888097011097e-05
42,42,0.00035708300972452073,6.24120764834922e-05,6.241207648349217e-05
42,43,0.0002953220439502843,6.117339540750297e-05,5.138301313146326e-05
42,44,0.0002347362189095148,6.0088309901227196e-05,4.068961385086085e-05
42,45,0.00017514542414782993,5.920363445710182e-05,3.02719207948527e-05
42,46,0.00011632894999531115,5.855431869235489e-05,2.006437454111648e-05
42,47,5.803678676312014e-05,5.8164474997655576e-05,9.997625870067048e-06
42,48,0.0,2.901839338156007e-05,-0.0
43,0,0.0,-2.3823106307921588e-05,-0.0
43,1,4.7646212615843176e-05,-4.776366513978608e-05,9.773323887591253e-06
43,2,9.552733027957216e-05,-4.8101301685147085e-05,1.9611931309604704e-05
43,3,0.00014384881598613735,-4.863606873319487e-05,2.957558074414996e-05
43,4,0.0001927994677459619,-4.934690017491894e-05,3.9721162524901775e-05
43,5,0.00024254261633597523,-5.020361836034647e-05,5.010106059565435e-05
43,6,0.00029320670446665484,-5.1166260495844856e-05,6.076125133141557e-05
43,7,0.00034487513732766494,-5.2184342661396315e-05,7.173906006432046e-05
43,8,0.00039757538978944746,-5.3196175725789534e-05,8.306050908026157e-05
43,9,0.000451267488779244,-5.412838850071559e-05,9.473721501426904e-05
43,10,0.0005058321667908786,-5.489585936314725e-05,0.0001067628341083078
43,11,0.0005610592075055385,-5.540230368859567e-05,0.00011910911670589175
43,12,0.00061663677416807,-5.554180219397584e-05,0.00013172172326418854
43,13,0.0006721428118934902,-5.520157116020095e-05,0.00014451607634181023
43,14,0.0007270399164884719,-5.4266250778568944e-05,0.00015737367426228428
43,15,0.0007806753134506281,-5.262390002929362e-05,0.00017013946046732424
43,16,0.0008322877165470591,-5.017371340778292e-05,0.00018262100134028736
43,17,0.0008810227402661939,-4.6835202676456084e-05,0.00019459032955175673
43,18,0.0009259581218999713,-4.2558222188794864e-05,0.00020578929702539273
43,19,0.0009661391846437836,-3.733280007298356e-05,0.0002159390800194726
43,20,0.0010006237220459384,-3.119735534219025e-05,0.00022475403015362875
43,21,0.0010285338953281641,-2.4243661001071876e-05,0.0002319593588767719
43,22,0.0010491110440480822,-1.6617000483212015e-05,0.00023731125598807859
43,23,0.0010617678962945882,-8.510467188055913e-06,0.0002406171649827344
43,24,0.001066131978424194,-1.5327401279609243e-07,0.00024175335137408032
43,25,0.0010620744443201803,8.205891722577133e-06,0.00024067689260016755
43,26,0.0010497201949790397,1.6318328462809552e-05,0.00023742994252656232
43,27,0.0010294377873945612,2.3954780699644547e-05,0.00023213547249298822
43,28,0.0010018106335797506,3.0922084329967176e-05,0.00022498528691918066
43,29,0.0009675936187346269,3.7074857592626367e-05,0.00021622246042146844
43,30,0.0009276609183944979,4.232120218089052e-05,0.00020612106779620536
43,31,0.0008829512143728458,4.662254762850343e-05,0.00019496607068367596
43,32,0.000834415823137491,4.998868919262782e-05,0.00018303563810751134
43,33,0.0007829738359875902,5.246957188945661e-05,0.0001705873002462281
43,34,0.0007294766793585778,5.4145460602274926e-05,0.00015784844791139773
43,35,0.0006746829147830403,5.5116916183436916e-05,0.00014501098387561872
43,36,0.000619242846991704,5.549561525081858e-05,0.00013222948352990084
43,37,0.0005636916842814032,5.539663511964723e-05,0.0001196220207497643
43,38,0.0005084495767524095,5.4932460679437924e-05,0.0001072728018980263
43,39,0.00045382676292252735,5.420869788810869e-05,9.523585516623973e-05
43,40,0.00040003218097619213,5.3321305462953976e-05,8.353918122540991e-05
43,41,0.0003471841519966194,5.2355068512953905e-05,7.218893947303633e-05
43,42,0.0002953220439502843,5.1383013131463316e-05,6.117339540750296e-05
43,43,0.00024441812573369276,5.046647684040501e-05,5.0466476840405e-05
43,44,0.0001943890902694743,4.965558753393245e-05,4.003087756557046e-05
43,45,0.00014510695066582787,4.898994968341772e-05,2.9820710016020955e-05
43,46,9.640919090263885e-05,4.849938245460837e-05,1.978374897737446e-05
43,47,4.810818575661112e-05,4.8204595451319424e-05,9.863332589839997e-06
43,48,0.0,2.405409287830556e-05,-0.0
44,0,0.0,-1.8969475515232893e-05,-0.0
44,1,3.7938951030465786e-05,-3.8026462263515245e-05,9.649614889673011e-06
44,2,7.605292452703049e-05,-3.827710485647799e-05,1.9354803487624648e-05
44,3,0.00011449316074342178,-3.867218170713863e-05,2.9165391881905442e-05
44,4,0.00015339728794130776,-3.9194529621368704e-05,3.9128042540317455e-05
44,5,0.00019288221998615919,-3.9819685241977194e-05,4.9284525245937237e-05
44,6,0.00023303665842526214,-4.0515465182377537e-05,5.966979793745645e-05
44,7,0.00027391315035091426,-4.1241536967355787e-05,7.030984972417318e-05
44,8,0.0003155197323599737,-4.194907352336749e-05,8.121927606936009e-05
44,9,0.00035781129739764924,-4.258061255140222e-05,9.239858348610898e-05
44,10,0.00040068095746277816,-4.307027145577689e-05,0.00010383126111455516
44,11,0.000443951840309203,-4.334449441869092e-05,0.00011548071209388345
44,12,0.00048736994630016,-4.332352393284801e-05,0.00012728721040239802
44,13,0.000530598888174899,-4.2923785036127706e-05,0.0001391651378915677
44,14,0.0005732175163724154,-4.206133465786731e-05,0.00015100085604390377
44,15,0.0006147215574906337,-4.065644816931023e-05,0.00016265166507142763
44,16,0.0006545304127110359,-3.863928031712691e-05,0.00017394637796210627
44,17,0.0006920001181248875,-3.595634599132692e-05,0.00018468805822066263
44,18,0.0007264431046936897,-3.257733016925836e-05,0.0001946594000107677
44,19,0.0007571547784634042,-2.8501489382345903e-05,0.00020363103227098982
44,20,0.0007834460834583815,-2.376270635816042e-05,0.00021137268381445014
44,21,0.000804680191179725,-1.843218013216621e-05,0.00021766666843361167
44,22,0.0008203104437227139,-1.2617850497607052e-05,0.0002223226031670971
44,23,0.0008299158921749391,-6.460011916993016e-06,0.00022519178090609773
44,24,0.0008332304675567,-1.2314692690357145e-07,0.00022617933799238567
44,25,0.0008301621860287463,6.2153028899807365e-06,0.00022525243091924034
44,26,0.0008207998617767385,1.2377884514666311e-05,0.00022244312263880776
44,27,0.0008054064169994137,1.8200081177695542e-05,0.0002178455018889542
44,28,0.0007843996994213474,2.3541541614499964e-05,0.0002116075120889954
44,29,0.0007583233337704137,2.82942470369387e-05,0.0002039187892636183
44,30,0.00072781120534747,3.238689774324739e-05,0.00019499629484730755
44,31,0.000693549538283919,3.578548932940722e-05,0.00018506960268202874
44,32,0.0006562402266886556,3.849062337194181e-05,0.00017436741899685789
44,33,0.0006165682915400353,4.053245370606471e-05,0.00016310642218067434
44,34,0.0005751753192765262,4.196428599630766e-05,0.0001514829632965396
44,35,0.00053263971954742,4.285576893783193e-05,0.0001396676903000684
44,36,0.0004894637814008623,4.3286414732086556e-05,0.000127802814364039
44,37,0.0004460668900832469,4.333993948516898e-05,0.00011600153957931034
44,38,0.00040278390243052433,4.309967806756187e-05,0.00010434910726519762
44,39,0.00035986753394812317,4.264513624645155e-05,9.290492726396482e-05
44,40,0.00031749362993762124,4.204960798846356e-05,8.170534358713454e-05
44,41,0.00027576831797119605,4.137870551405321e-05,7.076667987054306e-05
44,42,0.00023473621890951482,4.0689613850860865e-05,6.008830990122722e-05
44,43,0.00019438909026947432,4.003087756557047e-05,4.965558753393246e-05
44,44,0.00015467446377837388,3.944254307684315e-05,3.9442543076843146e-05
44,45,0.00011550400411578802,3.8956505868905824e-05,2.941430877242326e-05
44,46,7.676145204056223e-05,3.859694126617394e-05,1.952927602571493e-05
44,47,3.8310121583440145e-05,3.8380726020281114e-05,9.74101438436471e-06
44,48,0.0,1.9155060791720072e-05,-0.0
45,0,0.0,-1.4173491418248577e-05,-0.0
45,1,2.8346982836497154e-05,-2.8408861652161432e-05,9.546254156684401e-06
45,2,5.6817723304322864e-05,-2.8585524692914657e-05,1.9140553619725624e-05
45,3,8.551803222232647e-05,-2.8862829680502062e-05,2.8825055410736793e-05
45,4,0.00011454338266532699,-2.9227766810887143e-05,3.8638580965665304e-05
45,5,0.00014397356584410075,-2.966186296320747e-05,4.861484727765483e-05
45,6,0.00017386710859174193,-3.0140936017608914e-05,5.8780565891766995e-05
45,7,0.00020425543787931858,-3.063486452949268e-05,6.915338523597445e-05
45,8,0.00023513683765072728,-3.110744196385374e-05,7.973967134710778e-05
45,9,0.00026647032180702606,-3.151640345552051e-05,9.05321496298896e-05
45,10,0.0002981696445617683,-3.181373075537277e-05,0.00010150746726891733
45,11,0.0003300977833177716,-3.194635440075281e-05,0.00011262378306547358
45,12,0.00036206235336327393,-3.185737639629159e-05,0.0001238185481832239
45,13,0.0003938125361103548,-3.14879255186952e-05,0.0001350067045784236
45,14,0.00042503820440066434,-3.077972359870901e-05,0.0001460795912674658
45,15,0.0004553719833077728,-2.9678378111091126e-05,0.00015690490100778306
45,16,0.0004843949606228466,-2.8137320258547917e-05,0.00016732805541833
45,17,0.0005116466238248686,-2.6122180627794655e-05,0.0001771753449476355
45,18,0.0005366393218784359,-2.361524813846767e-05,0.00018625909034374307
45,19,0.000558877120101804,-2.0619516269301114e-05,0.0001943849083137137
45,20,0.0005778783544170381,-1.7161719179568404e-05,0.00020136090342765247
45,21,0.0005932005584609408,-1.3293741648424907e-05,0.00020700828170164078
45,22,0.0006044658377138879,-9.091888010725959e-06,0.00021117253892741255
45,23,0.0006113843344823927,-4.653732362767352e-06,0.0002137340962949526
45,24,0.0006137733024394226,-9.262399965347416e-08,0.0002146171264143577
45,25,0.0006115695824816997,4.469676368999221e-06,0.00021379540621167275
45,26,0.0006048339497014242,8.911399432523417e-06,0.0002112943697263916
45,27,0.0005937467836166528,1.3119170149832179e-05,0.0002071890610085472
45,28,0.0005785956094017598,1.6995371704631277e-05,0.0002015982868795489
45,29,0.0005597560402073903,2.046364035093853e-05,0.00019467579649156
45,30,0.0005376683286998828,2.3472015599300953e-05,0.00018659965117397365
45,31,0.0005128120090087884,2.5993671778053764e-05,0.00017756104142505953
45,32,0.00048568098514377526,2.802550869127342e-05,0.00016775367846851884
45,33,0.0004567609916262415,2.958511618913833e-05,0.00015736460727479084
45,34,0.0004265107527654986,3.0706728721669e-05,0.0001465669455824559
45,35,0.0003953475341829035,3.1436767250936316e-05,0.00013551472683672448
45,36,0.00036363721826362597,3.1829464530060505e-05,0.0001243397643316666
45,37,0.0003316886051227825,3.1942928020805845e-05,0.00011315027987865863
45,38,0.0002997513622220143,3.1835848364092405e-05,0.00010203095057236051
45,39,0.0002680169083945977,3.156493421004561e-05,9.10440056097905e-05
45,40,0.00023662149380192305,3.118305806953222e-05,8.023103057072248e-05
45,41,0.00020565079225553327,3.073803482704659e-05,6.961518899316212e-05
45,42,0.00017514542414782987,3.0271920794852714e-05,5.920363445710185e-05
45,43,0.00014510695066582784,2.9820710016020935e-05,4.898994968341774e-05
45,44,0.000115504004115788,2.9414308772423245e-05,3.895650586890583e-05
45,45,8.627833312098135e-05,2.907668263228951e-05,2.9076682632289515e-05
45,46,5.7350638851208986e-05,2.8826088066549826e-05,1.9316925929440623e-05
45,47,2.8626156987881702e-05,2.8675319425604493e-05,9.63864887708193e-06
45,48,0.0,1.4313078493940851e-05,-0.0
46,0,0.0,-9.423221358548492e-06,-0.0
46,1,1.8846442717096983e-05,-1.888590864378962e-05,9.469355555370204e-06
46,2,3.777181728757924e-05,-1.8998303602425606e-05,1.898139509401159e-05
46,3,5.684304992194819e-05,-1.9174154361198953e-05,2.857283431518844e-05
46,4,7.612012600997715e-05,-1.940473775445067e-05,3.8276961354743015e-05
46,5,9.565252543084953e-05,-1.9677700315875503e-05,4.8121855565257186e-05
46,6,0.00011547552664172815,-1.9976927224057916e-05,5.812851576076347e-05
46,7,0.00013560637987896536,-2.0282431512015003e-05,6.830888908857122e-05
46,8,0.00015604038966575816,-2.0570309129452343e-05,7.86638117002684e-05
46,9,0.00017674699813787005,-2.0812816629592673e-05,8.918089903022354e-05
46,10,0.0001976660229249435,-2.09786380201929e-05,9.983245707413392e-05
46,11,0.00021870427417825585,-2.1033413504384366e-05,0.00011057352610670967
46,12,0.00023973284993371224,-2.094060241989801e-05,0.0001213402129325325
46,13,0.00026058547901805187,-2.066274195188578e-05,0.00013204851317134521
46,14,0.0002810583338374838,-2.016313822850784e-05,0.00014259386479947261
46,15,0.00030091175547506755,-1.940798401844603e-05,0.0001528516988831875
46,16,0.00031987430187437586,-1.8368836377274483e-05,0.00016267925127597701
46,17,0.0003376494282296165,-1.7025311065913852e-05,0.0001719188569556363
46,18,0.00035392492400620356,-1.536776680318016e-05,0.0001804028551833579
46,19,0.00036838496183597683,-1.3399676298436508e-05,0.00018796008313732313
46,20,0.0003807242766030766,-1.1139332970233325e-05,0.0001944237334456472
46,21,0.0003906636277764435,-8.620544632406132e-06,0.0001996401180136767
46,22,0.00039796536586788884,-5.892035904295234e-06,0.0002034776547758572
46,23,0.00040244769958503395,-3.0154244300478674e-06,0.00020583522667923682
46,24,0.0004039962147279846,-6.183701018342433e-08,0.00020664900628440626
46,25,0.0004025713736054008,2.892546202014633e-06,0.00020589693242403675
46,26,0.0003982111223239553,5.771539311540775e-06,0.00020360027214968827
46,27,0.00039102829498231925,8.503998330852838e-06,0.00019982206451544051
46,28,0.00038120312566224964,1.1028277097512745e-05,0.00019466264961168314
46,29,0.00036897174078729376,1.3295611331363462e-05,0.00018825284958067857
46,30,0.0003546119029995227,1.527214267674692e-05,0.00018074561513681172
46,31,0.0003384274554337999,1.6939516623952407e-05,0.00017230704416994858
46,32,0.0003207328697516179,1.8294189221673132e-05,0.00016310762309055453
46,33,0.00030183907699045365,1.9345720820001763e-05,0.00015331437425385175
46,34,0.0002820414281116144,2.011440555824129e-05,0.00014308436703754787
46,35,0.00026161026587397107,2.0628587687042632e-05,0.00013255981712005177
46,36,0.0002407842527375291,2.092196777402071e-05,0.00012186479628081606
46,37,0.00021976633032592965,2.1031125725862903e-05,0.00011110342451725607
46,38,0.0001987220012858033,2.0993403798693735e-05,0.00010035932278144847
46,39,0.00017777952272854218,2.0845216244813513e-05,8.969606254628914e-05
46,40,0.00015703156879617628,2.0620791371835185e-05,7.915834624938015e-05
46,41,0.0001365379399848718,2.0351309400432577e-05,6.877367737939403e-05
46,42,0.00011632894999531112,2.0064374541116488e-05,5.8554318692354863e-05
46,43,9.640919090263884e-05,1.9783748977374455e-05,4.849938245460836e-05
46,44,7.676145204056221e-05,1.9529276025714925e-05,3.8596941266173926e-05
46,45,5.7350638851208986e-05,1.9316925929440616e-05,2.8826088066549826e-05
46,46,3.812760018168098e-05,1.915890751096635e-05,1.915890751096635e-05
46,47,1.9032823829276285e-05,1.906380009084049e-05,9.562347542941472e-06
46,48,0.0,9.516411914638143e-06,-0.0
47,0,0.0,-4.7041358628783734e-06,-0.0
47,1,9.408271725756747e-06,-9.42746655814984e-06,9.423221358548492e-06
47,2,1.885493311629968e-05,-9.482045933096419e-06,1.888590864378962e-05
47,3,2.8372363591949587e-05,-9.567263419770636e-06,2.8421524960974096e-05
47,4,3.798945995584095e-05,-9.678745560818401e-06,3.8060063004988574e-05
47,5,4.772985471358639e-05,-9.810308557187026e-06,4.7826262715424765e-05
47,6,5.7610077070215e-05,-9.953902494294874e-06,5.7737763320864077e-05
47,7,6.763765970217614e-05,-1.0099568589987738e-05,6.780318993948268e-05
47,8,7.780921425019048e-05,-1.0235432022201412e-05,7.802019483287908e-05
47,9,8.810852374657896e-05,-1.0347758081654994e-05,8.837349906893503e-05
47,10,9.850473041350047e-05,-1.0421103678886644e-05,9.883301146247175e-05
47,11,0.00010895073110435225,-1.043859854235424e-05,0.00010935213708912792
47,12,0.00011938192749820895,-1.0382389331656043e-05,0.00011986642496685612
47,13,0.00012971550976766433,-1.0234273651755082e-05,0.00013029273950902593
47,14,0.0001398504748017191,-9.976537886866748e-06,0.0001405291669187419
47,15,0.00014966858554139783,-9.592991634586713e-06,0.00015045587773753377
47,16,0.00015903645807089254,-9.070162186099125e-06,0.00015993715093718793
47,17,0.00016780890991359608,-8.398576720413772e-06,0.00016882471411480826
47,18,0.00017583361151172008,-7.574021956780841e-06,0.00017696246200310178
47,19,0.00018295695382715776,-6.598638007011812e-06,0.00018419248091798842
47,20,0.0001890308875257437,-5.481684303214812e-06,0.0001903621383015383
47,21,0.00019392032243358738,-4.239820318214924e-06,0.00019533181388822174
47,22,0.00019751052816217355,-2.8967793451658294e-06,0.00019898268293394442
47,23,0.00019971388112391904,-1.4823808542182903e-06,0.00020122384979251698
47,24,0.00020047528987061013,-3.091825485356816e-08,0.0002019981073639923
47,25,0.00019977571763362618,1.4209422342812225e-06,0.0002012856868027004
47,26,0.0001976334054020477,2.8365315239272054e-06,0.00019910556116197766
47,27,0.00019410265458577177,4.1815476118270655e-06,0.00019551414749115962
47,28,0.00018927031017839356,5.4261567698693286e-06,0.00019060156283112482
47,29,0.0001832503410460331,6.546605876067105e-06,0.00018448587039364688
47,30,0.00017617709842625935,7.5262101885709436e-06,0.00017730595149976136
47,31,0.00016819792066889122,8.355679731796562e-06,0.00016921372771689996
47,32,0.00015946573896266622,9.032838775176584e-06,0.00016036643487580895
47,33,0.00015013224311853806,9.561860136131684e-06,0.00015091953849522683
47,34,0.00014034201869040286,9.952171587869038e-06,0.0001410207140558072
47,35,0.00013022789994279998,1.0217196494204514e-05,0.00013080513293698554
47,36,0.00011990762570199383,1.0373071927264807e-05,0.00012039212636876456
47,37,0.00010948175608827037,1.0437454521438243e-05,0.00010988316516296483
47,38,9.903271665911734e-05,1.0428486393125465e-05,9.936100064290165e-05
47,39,8.862478330201944e-05,1.0363957677977287e-05,8.888976136427109e-05
47,40,7.830480130316277e-05,1.0260672902637108e-05,7.851578439808814e-05
47,41,6.810343749674522e-05,1.0134007270021314e-05,6.82689699924359e-05
47,42,5.803678676312014e-05,9.997625870067048e-06,5.816447499765556e-05
47,43,4.810818575661112e-05,9.863332589839997e-06,4.820459545131942e-05
47,44,3.8310121583440145e-05,9.741014384364712e-06,3.838072602028111e-05
47,45,2.86261569878817e-05,9.63864887708193e-06,2.8675319425604493e-05
47,46,1.9032823829276285e-05,9.562347542941472e-06,1.906380009084049e-05
47,47,9.501461901998757e-06,9.516411914638143e-06,9.516411914638143e-06
47,48,0.0,4.7507309509993785e-06,-0.0
48,0,0.0,-0.0,-0.0
48,1,0.0,-0.0,4.7041358628783734e-06
48,2,0.0,-0.0,9.42746655814984e-06
48,3,0.0,-0.0,1.4186181795974793e-05
48,4,0.0,-0.0,1.8994729977920475e-05
48,5,0.0,-0.0,2.3864927356793194e-05
48,6,0.0,-0.0,2.88050385351075e-05
48,7,0.0,-0.0,3.381882985108807e-05
48,8,0.0,-0.0,3.890460712509524e-05
48,9,0.0,-0.0,4.405426187328948e-05
48,10,0.0,-0.0,4.925236520675023e-05
48,11,0.0,-0.0,5.4475365552176124e-05
48,12,0.0,-0.0,5.9690963749104473e-05
48,13,0.0,-0.0,6.485775488383217e-05
48,14,0.0,-0.0,6.992523740085956e-05
48,15,0.0,-0.0,7.483429277069891e-05
48,16,0.0,-0.0,7.951822903544627e-05
48,17,0.0,-0.0,8.390445495679804e-05
48,18,0.0,-0.0,8.791680575586004e-05
48,19,0.0,-0.0,9.147847691357888e-05
48,20,0.0,-0.0,9.451544376287185e-05
48,21,0.0,-0.0,9.696016121679369e-05
48,22,0.0,-0.0,9.875526408108678e-05
48,23,0.0,-0.0,9.985694056195952e-05
48,24,0.0,-0.0,0.00010023764493530507
48,25,0.0,-0.0,9.988785881681309e-05
48,26,0.0,-0.0,9.881670270102384e-05
48,27,0.0,-0.0,9.705132729288588e-05
48,28,0.0,-0.0,9.463515508919678e-05
48,29,0.0,-0.0,9.162517052301656e-05
48,30,0.0,-0.0,8.808854921312967e-05
48,31,0.0,-0.0,8.409896033444561e-05
48,32,0.0,-0.0,7.973286948133311e-05
48,33,0.0,-0.0,7.506612155926903e-05
48,34,0.0,-0.0,7.017100934520143e-05
48,35,0.0,-0.0,6.511394997139999e-05
48,36,0.0,-0.0,5.9953812850996914e-05
48,37,0.0,-0.0,5.474087804413518e-05
48,38,0.0,-0.0,4.951635832955867e-05
48,39,0.0,-0.0,4.431239165100972e-05
48,40,0.0,-0.0,3.9152400651581384e-05
48,41,0.0,-0.0,3.405171874837261e-05
48,42,0.0,-0.0,2.901839338156007e-05
48,43,0.0,-0.0,2.405409287830556e-05
48,44,0.0,-0.0,1.9155060791720072e-05
48,45,0.0,-0.0,1.431307849394085e-05
48,46,0.0,-0.0,9.516411914638143e-06
48,47,0.0,-0.0,4.7507309509993785e-06
48,48,0.0,-0.0,-0.0
