i,j,r,pot,Fieldx,Fieldy
0,0,33.94112549695428,0.0,-0.0,-0.0
0,1,33.24154027718932,0.0,-0.0,-5.119643355353451e-06
0,2,32.55764119219941,0.0,-0.0,-1.0254940450168267e-05
0,3,31.89043743820395,0.0,-0.0,-1.5420317904834664e-05
0,4,31.240998703626616,0.0,-0.0,-2.0628525579074236e-05
0,5,30.610455730027933,0.0,-0.0,-2.5889689716767503e-05
0,6,30.0,0.0,-0.0,-3.121045115074232e-05
0,7,29.410882339705484,0.0,-0.0,-3.6592985205800525e-05
0,8,28.844410203711913,0.0,-0.0,-4.203407780442883e-05
0,9,28.30194339616981,0.0,-0.0,-4.7524153919062616e-05
0,10,27.784887978899608,0.0,-0.0,-5.304639359940039e-05
0,11,27.294688127912362,0.0,-0.0,-5.857592754925611e-05
0,12,26.832815729997478,0.0,-0.0,-6.407921701029592e-05
0,13,26.40075756488817,0.0,-0.0,-6.951370903980012e-05
0,14,26.0,0.0,-0.0,-7.482783529330331e-05
0,15,25.632011235952593,0.0,-0.0,-7.996151550839087e-05
0,16,25.298221281347036,0.0,-0.0,-8.484718290147331e-05
0,17,25.0,0.0,-0.0,-8.941148397498147e-05
0,18,24.73863375370596,0.0,-0.0,-9.357758637699465e-05
0,19,24.515301344262525,0.0,-0.0,-9.726813338876438e-05
0,20,24.331050121192877,0.0,-0.0,-0.00010040865053173741
0,21,24.186773244895647,0.0,-0.0,-0.00010293125848869098
0,22,24.08318915758459,0.0,-0.0,-0.00010477836581761705
0,23,24.020824298928627,0.0,-0.0,-0.0001059060490427353
0,24,24.0,0.0,-0.0,-0.00010628676130820333
0,25,24.020824298928627,0.0,-0.0,-0.00010591109576322824
0,26,24.08318915758459,0.0,-0.0,-0.00010478839455242619
0,27,24.186773244895647,0.0,-0.0,-0.00010294613965624394
0,28,24.331050121192877,0.0,-0.0,-0.00010042819196792831
0,29,24.515301344262525,0.0,-0.0,-9.729207941165031e-05
0,30,24.73863375370596,0.0,-0.0,-9.360562311362288e-05
0,31,25.0,0.0,-0.0,-8.944323665695776e-05
0,32,25.298221281347036,0.0,-0.0,-8.488222515302817e-05
0,33,25.632011235952593,0.0,-0.0,-7.999936411230215e-05
0,34,26.0,0.0,-0.0,-7.4867963516451e-05
0,35,26.40075756488817,0.0,-0.0,-6.955553951545009e-05
0,36,26.832815729997478,0.0,-0.0,-6.412213722217501e-05
0,37,27.294688127912362,0.0,-0.0,-5.861928365837726e-05
0,38,27.784887978899608,0.0,-0.0,-5.308950413459363e-05
0,39,28.30194339616981,0.0,-0.0,-4.756630876225943e-05
0,40,28.844410203711913,0.0,-0.0,-4.2074545839149966e-05
0,41,29.410882339705484,0.0,-0.0,-3.663102158820275e-05
0,42,30.0,0.0,-0.0,-3.124529691172643e-05
0,43,30.610455730027933,0.0,-0.0,-2.5920587629589776e-05
0,44,31.240998703626616,0.0,-0.0,-2.0654712089266204e-05
0,45,31.89043743820395,0.0,-0.0,-1.5441046954486594e-05
0,46,32.55764119219941,0.0,-0.0,-1.0269467091182075e-05
0,47,33.24154027718932,0.0,-0.0,-5.127258103855085e-06
0,48,33.94112549695428,0.0,-0.0,-0.0
1,0,33.24154027718932,0.0,-5.119643355353451e-06,-0.0
1,1,32.526911934581186,1.0239286710706901e-05,-1.0254940450168267e-05,-1.0254941889803108e-05
1,2,31.827660925679098,2.0509880900336534e-05,-1.0300674549481213e-05,-2.0542234448829068e-05
1,3,31.144823004794873,3.084063580966933e-05,-1.0373585128905969e-05,-3.089186592383927e-05
1,4,30.479501308256342,4.125705115814847e-05,-1.046937181193284e-05,-4.133038224481364e-05
1,5,29.832867780352597,5.177937943353501e-05,-1.0581925571668085e-05,-5.187917641114812e-05
1,6,29.206163733020468,6.242090230148464e-05,-1.0703295489033021e-05,-6.255260870167077e-05
1,7,28.600699292150182,7.318597041160105e-05,-1.082362665368651e-05,-7.335614188217918e-05
1,8,28.0178514522438,8.406815560885766e-05,-1.0931168713262091e-05,-8.42843692985222e-05
1,9,27.459060435491963,9.504830783812523e-05,-1.1012315794971555e-05,-9.531908723466933e-05
1,10,26.92582403567252,0.00010609278719880077,-1.1051773630193496e-05,-0.00010642741534046252
1,11,26.419689627245813,0.00011715185509851222,-1.103282341089553e-05,-0.00011756011968021038
1,12,25.942243542145693,0.00012815843402059183,-1.093778149054401e-05,-0.0001286502749202434
1,13,25.495097567963924,0.00013902741807960025,-1.0748618283007392e-05,-0.00013961243598041624
1,14,25.079872407968907,0.00014965567058660662,-1.044780646859075e-05,-0.00015034256829574873
1,15,24.698178070456937,0.00015992303101678175,-1.0019347608170004e-05,-0.00016071890118027959
1,16,24.351591323771842,0.00016969436580294663,-9.449968466590598e-06,-0.00017060397858767242
1,17,24.041630560342615,0.00017882296794996294,-8.730403475521337e-06,-0.00017984798738645194
1,18,23.769728648009426,0.0001871551727539893,-7.856649413782909e-06,-0.0001882934989235535
1,19,23.53720459187964,0.00019453626677752876,-6.83106415474276e-06,-0.00019578148364166962
1,20,23.345235059857504,0.00020081730106347482,-5.663125099926596e-06,-0.0002021584167236798
1,21,23.194827009486403,0.00020586251697738195,-4.369715285879638e-06,-0.00020728400289148693
1,22,23.08679276123039,0.0002095567316352341,-2.974790554044322e-06,-0.0002110389686945591
1,23,23.021728866442675,0.0002118120980854706,-1.5083954905862842e-06,-0.00021333219214006766
1,24,23.0,0.00021257352261640667,-5.046720492936775e-09,-0.0002141064656397505
1,25,23.021728866442675,0.00021182219152645647,1.4983667557771474e-06,-0.00021334224251031184
1,26,23.08679276123039,0.00020957678910485237,2.9649561069842957e-06,-0.0002110589401415515
1,27,23.194827009486403,0.00020589227931248788,4.360202584497875e-06,-0.00020731363830395257
1,28,23.345235059857504,0.00020085638393585662,5.654060244593626e-06,-0.0002021973318278911
1,29,23.53720459187964,0.00019458415882330063,6.822568854305427e-06,-0.00019582917167736553
1,30,23.769728648009426,0.00018721124622724577,7.848842754692553e-06,-0.00018834933139645556
1,31,24.041630560342615,0.00017888647331391552,8.723397960594712e-06,-0.00017991122257210524
1,32,24.351591323771842,0.00016976445030605634,9.443872544655612e-06,-0.0001706737615396313
1,33,24.698178070456937,0.0001599987282246043,1.0014261636577166e-05,-0.00016079427658985106
1,34,25.079872407968907,0.000149735927032902,1.0443824596852058e-05,-0.00015042247934925562
1,35,25.495097567963924,0.00013911107903090018,1.0745826294275996e-05,-0.00013969574109169177
1,36,25.942243542145693,0.00012824427444435002,1.0936255857072831e-05,-0.00012873574643512486
1,37,26.419689627245813,0.00011723856731675452,1.1032633087581381e-05,-0.00011764646221852622
1,38,26.92582403567252,0.00010617900826918726,1.1052974896117829e-05,-0.00010651326703817177
1,39,27.459060435491963,9.513261752451886e-05,1.1014958295443663e-05,-9.540303609021627e-05
1,40,28.0178514522438,8.414909167829993e-05,1.093528717405668e-05,-8.436496014497135e-05
1,41,28.600699292150182,7.32620431764055e-05,1.0829248927423536e-05,-7.343188752624081e-05
1,42,29.206163733020468,6.249059382345286e-05,1.0710433958612975e-05,-6.262200453618334e-05
1,43,29.832867780352597,5.184117525917955e-05,1.0590584822460226e-05,-5.194070477788739e-05
1,44,30.479501308256342,4.130942417853241e-05,1.0479540675103182e-05,-4.1382535128789084e-05
1,45,31.144823004794873,3.088209390897319e-05,1.0385244998084128e-05,-3.0933141545914804e-05
1,46,31.827660925679098,2.053893418236415e-05,1.0313788850631509e-05,-2.057116899822459e-05
1,47,32.526911934581186,1.025451620771017e-05,1.0269467091182075e-05,-1.0270095481256131e-05
1,48,33.24154027718932,0.0,5.127258103855085e-06,-0.0
2,0,32.55764119219941,0.0,-1.0254941889803108e-05,-0.0
2,1,31.827660925679098,2.0509883779606216e-05,-2.0542234448829068e-05,-1.030067240837693e-05
2,2,31.11269837220809,4.1084468897658137e-05,-2.0636924034036164e-05,-2.0636925991536633e-05
2,3,30.4138126514911,6.178373184767854e-05,-2.0788147795984572e-05,-3.104198496036695e-05
2,4,29.732137494637012,8.266076448962728e-05,-2.098731048730885e-05,-4.154570861896286e-05
2,5,29.068883707497267,0.00010375835282229625,-2.1222226456857126e-05,-5.2172818733347884e-05
2,6,28.42534080710379,0.00012510521740334153,-2.1476965471031053e-05,-6.294104602275755e-05
2,7,27.80287754891569,0.00014671228376435835,-2.1731760596851437e-05,-7.38591703992358e-05
2,8,27.202941017470888,0.0001685687385970444,-2.1962945352490155e-05,-8.492497457422228e-05
2,9,26.627053911388696,0.00019063817446933866,-2.2143046041940315e-05,-9.612314871384941e-05
2,10,26.076809620810597,0.00021285483068092504,-2.224103244554105e-05,-0.00010742321107936822
2,11,25.553864678361276,0.00023512023936042076,-2.222285957978088e-05,-0.0001187775655630971
2,12,25.059928172283335,0.0002573005498404868,-2.205231630020586e-05,-0.00013011984323594328
2,13,24.596747752497688,0.0002792248719608325,-2.1692293375505335e-05,-0.00014136373465245672
2,14,24.166091947189145,0.00030068513659149747,-2.1106465199863342e-05,-0.00015240255418625585
2,15,23.769728648009426,0.00032143780236055917,-2.0261410291923688e-05,-0.00016310979647692742
2,16,23.40939982143925,0.00034120795717534485,-1.9129086206172354e-05,-0.00017334095942205625
2,17,23.08679276123039,0.0003596959747729039,-1.7689520335881085e-05,-0.00018293684127177
2,18,22.80350850198276,0.000376586997847107,-1.5933496255217676e-05,-0.00019172845570807968
2,19,22.561028345356956,0.00039156296728333923,-1.3864917800126306e-05,-0.00019954352675648215
2,20,22.360679774997898,0.0004043168334473596,-1.150251924981731e-05,-0.00020621435345733035
2,21,22.20360331117452,0.00041456800578297385,-8.880551970879278e-06,-0.0002115865742882819
2,22,22.090722034374522,0.0004220779373891182,-6.048189248580735e-06,-0.00021552815772057053
2,23,22.02271554554524,0.0004266643842801353,-3.067496945191421e-06,-0.0002179377611379542
2,24,22.0,0.000428212931279501,-1.005037024418465e-08,-0.00021875155612653
2,25,22.02271554554524,0.0004266844850206237,3.047525498199019e-06,-0.00021794770391150712
2,26,22.090722034374522,0.000422117880283103,6.028604206359279e-06,-0.0002155479154734609
2,27,22.20360331117452,0.00041462727660790513,8.861608313660385e-06,-0.00021161589242480128
2,28,22.360679774997898,0.0004043946636557822,1.1484466626587034e-05,-0.00020625285218725867
2,29,22.561028345356956,0.00039165834335473106,1.3848000431435548e-05,-0.00019959070421378164
2,30,22.80350850198276,0.0003766986627929111,1.591794910526029e-05,-0.00019178369084990176
2,31,23.08679276123039,0.0003598224451442105,1.7675569856824254e-05,-0.00018299939935128616
2,32,23.40939982143925,0.0003413475230792626,1.9116945982254184e-05,-0.0001734099958743355
2,33,23.769728648009426,0.0003215885531797021,2.0251282190375687e-05,-0.00016318436470832596
2,34,24.166091947189145,0.00030084495869851124,2.109853549815929e-05,-0.00015248161044919604
2,35,24.596747752497688,0.00027939148218338353,2.168673291413076e-05,-0.00014144614766175133
2,36,25.059928172283335,0.0002574714928702497,2.2049278873165546e-05,-0.00013020440042556144
2,37,25.553864678361276,0.00023529292443705244,2.222247939695309e-05,-0.00011886298360188748
2,38,26.076809620810597,0.00021302653407634354,2.224342612830995e-05,-0.00010750814418164643
2,39,26.627053911388696,0.00019080607218043255,2.214830689320042e-05,-9.620619897754003e-05
2,40,27.202941017470888,0.0001687299202899427,2.1971148563975463e-05,-8.500470276506545e-05
2,41,27.80287754891569,0.00014686377505248162,2.1742955608788006e-05,-7.393410569221567e-05
2,42,28.42534080710379,0.0001252440090723667,2.149118274835342e-05,-6.300969850186512e-05
2,43,29.068883707497267,0.00010388140955577478,2.123946940739426e-05,-5.223368951926921e-05
2,44,29.732137494637012,8.276507025757817e-05,2.1007563231972587e-05,-4.1597302014055103e-05
2,45,30.4138126514911,6.186628309182961e-05,2.0811366130564493e-05,-3.108282059400751e-05
2,46,31.11269837220809,4.114233799644918e-05,2.0663046064658674e-05,-2.066554887331822e-05
2,47,31.827660925679098,2.0540190962512262e-05,2.057116899822459e-05,-1.0315667295306382e-05
2,48,32.55764119219941,0.0,1.0270095481256131e-05,-0.0
3,0,31.89043743820395,0.0,-1.542031576373038e-05,-0.0
3,1,31.144823004794873,3.084063152746076e-05,-3.08918664417049e-05,-1.0373586372064362e-05
3,2,30.4138126514911,6.17837328834098e-05,-3.1041987101471237e-05,-2.0788146800715174e-05
3,3,29.698484809834994,9.292460573040323e-05,-3.128236775633219e-05,-3.128236878554961e-05
3,4,29.0,0.0001243484683960742,-3.160020558491377e-05,-4.189165658714645e-05
3,5,28.319604517012593,0.00015612501690023077,-3.1977262975462785e-05,-5.2646389230394616e-05
3,6,27.65863337187866,0.00018830299434699976,-3.238964715492095e-05,-6.357002374316952e-05
3,7,27.018512172212592,0.00022090431121007267,-3.2807555205151235e-05,-7.467705744857349e-05
3,8,26.40075756488817,0.00025391810475730223,-3.31951470278757e-05,-8.597081750242944e-05
3,9,25.80697580112788,0.00028729460526582406,-3.35105523001175e-05,-9.744111780687284e-05
3,10,25.238858928247925,0.00032093920935753723,-3.3706190479441186e-05,-0.00010906183134498675
3,11,24.698178070456937,0.00035470698622470644,-3.3729455567470577e-05,-0.00012078849337068549
3,12,24.186773244895647,0.0003883981204924784,-3.352395057990362e-05,-0.00013255609043366274
3,13,23.706539182259394,0.0004217548873845137,-3.3031329233319985e-05,-0.00014427727163423575
3,14,23.259406699226016,0.00045446077895911835,-3.219386829306147e-05,-0.0001558412610071469
3,15,22.847319317591726,0.0004861426239706366,-3.095775284397037e-05,-0.00016711382579781854
3,16,22.47220505424423,0.0005163762846470591,-2.9277013261433155e-05,-0.00017793865628170375
3,17,22.135943621178654,0.0005446966504935029,-2.711789976154479e-05,-0.0001881405150591388
3,18,21.840329667841555,0.0005706120841701487,-2.446333489849507e-05,-0.00019753040224501522
3,19,21.587033144922902,0.0005936233202904931,-2.1316961903993425e-05,-0.00020591282782136237
3,20,21.37755832643195,0.0006132460079781355,-1.7706172631726334e-05,-0.00021309500614579994
3,21,21.213203435596427,0.0006290356655539457,-1.3683519549119829e-05,-0.0002188974736344901
3,22,21.095023109728988,0.0006406130470763752,-9.325977403716634e-06,-0.0002231652783540506
3,23,21.02379604162864,0.000647687620361379,-4.7317938965457315e-06,-0.00022577861722432435
3,24,21.0,0.0006500766348694667,-1.4989494045839803e-08,-0.00022666166179590707
3,25,21.02379604162864,0.0006477175993494707,4.702007408846252e-06,-0.00022578841035414881
3,26,21.095023109728988,0.0006406726200517741,9.296767593690108e-06,-0.00022318473877246678
3,27,21.213203435596427,0.0006291240641620905,1.365526587070008e-05,-0.0002189263505022556
3,28,21.37755832643195,0.000613362088310374,1.767924845561328e-05,-0.00021313292553524587
3,29,21.587033144922902,0.0005937655672508639,2.129173019166234e-05,-0.00020595929517382643
3,30,21.840329667841555,0.0005707786279270493,2.4440147617188035e-05,-0.0001975848062297427
3,31,22.135943621178654,0.0005448852720164878,2.7097092936161006e-05,-0.00018820213149264237
3,32,22.47220505424423,0.0005165844420547273,2.9258907187615824e-05,-0.0001780066539303777
3,33,22.847319317591726,0.0004863674576412562,3.09426470617166e-05,-0.0001671872715824915
3,34,23.259406699226016,0.0004546991479312941,3.2182041643426674e-05,-0.0001559191277023584
3,35,23.706539182259394,0.00042200337435440284,3.302303631791059e-05,-0.00014435844413137938
3,36,24.186773244895647,0.0003886530752954729,3.3519419916936674e-05,-0.00013263937523163888
3,37,24.698178070456937,0.0003549645345205295,3.37288893314964e-05,-0.00012087262575555657
3,38,25.238858928247925,0.0003211952966324801,3.370975952046528e-05,-0.00010914548627627456
3,39,25.80697580112788,0.00028754501547959894,3.351839971202464e-05,-9.752291818907239e-05
3,40,26.40075756488817,0.00025415849720843083,3.320738045938105e-05,-8.604934574697668e-05
3,41,27.018512172212592,0.00022113025456083684,3.282425319062387e-05,-7.47508650204234e-05
3,42,27.65863337187866,0.00018850999082718308,3.241085013155944e-05,-6.363764304946703e-05
3,43,28.319604517012593,0.00015630855429771796,3.2002981310270235e-05,-5.270634375130822e-05
3,44,29.0,0.00012450402820664261,3.163040960036488e-05,-4.194247385936012e-05
3,45,29.698484809834994,9.304773509698821e-05,3.131699813882101e-05,-3.132258932361106e-05
3,46,30.4138126514911,6.18700319290006e-05,3.108094214933264e-05,-2.081633958493531e-05
3,47,31.144823004794873,3.0885850798322934e-05,3.09350159645003e-05,-1.0388354716425088e-05
3,48,31.89043743820395,0.0,1.5442925399161467e-05,-0.0
4,0,31.240998703626616,0.0,-2.062852826186747e-05,-0.0
4,1,30.479501308256342,4.125705652373494e-05,-4.133038124954424e-05,-1.0469371104470983e-05
4,2,29.732137494637012,8.266076249908848e-05,-4.154570644752141e-05,-2.098731114850376e-05
4,3,29.0,0.00012434846941877776,-4.189165758241585e-05,-3.160020486356347e-05
4,4,28.284271247461902,0.00016644407766392018,-4.235133093215386e-05,-4.2351331667079206e-05
4,5,27.586228448267445,0.00020905113128308548,-4.290059361288019e-05,-5.327915261431534e-05
4,6,26.90724809414742,0.00025224526488968057,-4.350763368920993e-05,-6.441540126363678e-05
4,7,26.248809496813376,0.00029606639866150533,-4.4132554356111366e-05,-7.57829448624863e-05
4,8,25.612496949731394,0.0003405103736019033,-4.47270057107895e-05,-8.739336730695412e-05
4,9,25.0,0.00038552041008308433,-4.5234059884497623e-05,-9.924429050777139e-05
4,10,24.413111231467404,0.00043097849337089854,-4.5588408009353704e-05,-0.00011131645517066071
4,11,23.853720883753127,0.00047669722610179174,-4.5717118668456866e-05,-0.000123570663818342
4,12,23.323807579381203,0.0005224127307078123,-4.554109456375612e-05,-0.00013594475005157303
4,13,22.825424421026653,0.000567779415229304,-4.4977463948989496e-05,-0.0001483508217509663
4,14,22.360679774997898,0.0006123676586057913,-4.394301936344613e-05,-0.00016067314694860377
4,15,21.93171219946131,0.0006556654539561962,-4.2358805566480536e-05,-0.000172767115839829
4,16,21.540659228538015,0.0006970852697387523,-4.0155775467492626e-05,-0.00018445982772962344
4,17,21.18962010041709,0.0007359770048911815,-3.728126629919256e-05,-0.00019555283067855788
4,18,20.8806130178211,0.0007716478023371375,-3.370580901744123e-05,-0.00020582751151618776
4,19,20.615528128088304,0.000803388622926064,-2.942952170091102e-05,-0.00021505340157660432
4,20,20.396078054371138,0.0008305068457389595,-2.448716506294504e-05,-0.00022299934833245715
4,21,20.223748416156685,0.000852362953051954,-1.8950824179129945e-05,-0.00022944700153600854
4,22,20.09975124224178,0.0008684084940972194,-1.292933283841499e-05,-0.00023420553496775594
4,23,20.024984394500787,0.000878221618728784,-6.563880387047889e-06,-0.00023712601906302383
4,24,20.0,0.0008815362548713152,-1.9843500068648674e-08,-0.0002381135892489409
4,25,20.024984394500787,0.0008782613057289213,6.524448521639311e-06,-0.0002371356213155961
4,26,20.09975124224178,0.0008684873578280366,1.2890664058252499e-05,-0.00023422461604350082
4,27,20.223748416156685,0.0008524799776124163,1.8913421550881293e-05,-0.0002294753155750036
4,28,20.396078054371138,0.000830660514726274,2.4451521955016196e-05,-0.00022303652854393992
4,29,20.615528128088304,0.0008035769337023839,2.9396119736938735e-05,-0.0002150989632697611
4,30,20.8806130178211,0.0007718682752523965,3.367511278644435e-05,-0.00020588085495797326
4,31,21.18962010041709,0.0007362267081294952,3.7253722156189236e-05,-0.00019561324622526156
4,32,21.540659228538015,0.000697360830940018,4.0131805892405054e-05,-0.00018452649980238764
4,33,21.93171219946131,0.0006559630963446851,4.2338808418395e-05,-0.00017283913023801047
4,34,22.360679774997898,0.000612683214103228,4.3927362949271415e-05,-0.0001607494956220773
4,35,22.825424421026653,0.0005681083704461423,4.4966485384850276e-05,-0.0001484304123213612
4,36,23.323807579381203,0.0005227502433335275,4.553509724898835e-05,-0.0001360264111873782
4,37,23.853720883753127,0.0004770381759481656,4.5716368352317406e-05,-0.00012365315655607254
4,38,24.413111231467404,0.00043131750662889266,4.5593133694794136e-05,-0.00011139847932485403
4,39,25.0,0.0003858519085585773,4.5244447422498305e-05,-9.932449653680747e-05
4,40,25.612496949731394,0.00034082861178389605,4.474320173262445e-05,-8.747036489394606e-05
4,41,26.248809496813376,0.0002963655050933284,4.4154658306297655e-05,-7.58553137115835e-05
4,42,26.90724809414742,0.00025251929517130074,4.35357040174686e-05,-6.448170263240512e-05
4,43,27.586228448267445,0.00020929409705839122,4.2934638597501166e-05,-5.3337938472874656e-05
4,44,28.284271247461902,0.0001666500179762984,4.239131765966975e-05,-4.2401158336523976e-05
4,45,29.0,0.00012451146173905173,4.1937500404989305e-05,-3.163964167434223e-05
4,46,29.732137494637012,8.27750171663198e-05,4.159728067184464e-05,-2.1014953998453882e-05
4,47,30.479501308256342,4.131690039536244e-05,4.13875085831599e-05,-1.0483852306641975e-05
4,48,31.240998703626616,0.0,2.065845019768122e-05,-0.0
5,0,30.610455730027933,0.0,-2.5889686868201363e-05,-0.0
5,1,29.832867780352597,5.177937373640273e-05,-5.187917759020866e-05,-1.0581925593325766e-05
5,2,29.068883707497267,0.00010375835518041732,-5.217282086056373e-05,-2.1222226315778375e-05
5,3,28.319604517012593,0.00015612501545753018,-5.264638827490764e-05,-3.1977263169856684e-05
5,4,27.586228448267445,0.0002090511317302326,-5.327915333566563e-05,-4.2900593375068006e-05
5,5,26.870057685088806,0.00026268332212886145,-5.404133257202036e-05,-5.404133282169546e-05
5,6,26.1725046566048,0.0003171337968742733,-5.4893439403091906e-05,-6.544228199718881e-05
5,7,25.495097567963924,0.00037247020093504526,-5.578552124846858e-05,-7.713768266224684e-05
5,8,24.839484696748443,0.00042870483937121047,-5.6656492673160794e-05,-8.91505898549908e-05
5,9,24.20743687382041,0.00048578318628136684,-5.7433640163824095e-05,-0.00010148977286560926
5,10,23.600847442411894,0.0005435721196988587,-5.803256379001179e-05,-0.00011414617738260917
5,11,23.021728866442675,0.0006018483138613904,-5.835775044838289e-05,-0.00012708898947666852
5,12,22.47220505424423,0.0006602876205956244,-5.830410851252792e-05,-0.00014026146029504506
5,13,21.95449840010015,0.0007184565308864463,-5.775972613035073e-05,-0.0001535767721770262
5,14,21.470910553583888,0.0007758070728563259,-5.6610162381924166e-05,-0.00016691435535142927
5,15,21.02379604162864,0.0008316768556502946,-5.4744433624990044e-05,-0.0001801172721863791
5,16,20.615528128088304,0.000885295940106306,-5.206272810016205e-05,-0.0001929913960199081
5,17,20.248456731316587,0.0009358023118506187,-4.848558354810911e-05,-0.00020530726686008866
5,18,19.924858845171276,0.0009822671072025242,-4.3963905796541504e-05,-0.0002168054452975899
5,19,19.6468827043885,0.0010237301234437017,-3.848879872026282e-05,-0.00022720602625432703
5,20,19.4164878389476,0.0010592447046430498,-3.209977259113056e-05,-0.0002362224909381723
5,21,19.235384061671343,0.0010879296686259628,-2.488970618441861e-05,-0.00024357939655190796
5,22,19.1049731745428,0.001109024117011887,-1.700499493073192e-05,-0.00024903249510467134
5,23,19.026297590440446,0.0011219396584874267,-8.639848177730697e-06,-0.00025238901103981517
5,24,19.0,0.0011263038133673485,-2.4591746618121517e-08,-0.0002535252087489662
5,25,19.026297590440446,0.001121988841980663,8.59098061428633e-06,-0.00025239838213159094
5,26,19.1049731745428,0.0011091218521387758,1.695707333428261e-05,-0.0002490511168983466
5,27,19.235384061671343,0.0010880746953120977,2.4843353370260983e-05,-0.00024360702896339468
5,28,19.4164878389476,0.0010594351453982538,3.205560076085579e-05,-0.00023625877623329546
5,29,19.6468827043885,0.001023963493790386,3.8447403777629e-05,-0.00022725049108341712
5,30,19.924858845171276,0.0009825403378429958,4.392586466168757e-05,-0.00021685750480886728
5,31,20.248456731316587,0.000936111764467011,4.8451448091746624e-05,-0.0002053662279036628
5,32,20.615528128088304,0.0008856374416595026,5.2033023174866914e-05,-0.0001930564634155067
5,33,21.02379604162864,0.0008320457181172771,5.471965124202694e-05,-0.000180187552762209
5,34,21.470910553583888,0.0007761981391754487,5.659075956007594e-05,-0.0001669888665321129
5,35,21.95449840010015,0.0007188641989971252,5.774612075260969e-05,-0.00015365444645811026
5,36,22.47220505424423,0.0006607058976702293,5.829667568222534e-05,-0.00014034115609444107
5,37,23.021728866442675,0.0006022708476326746,5.8356821194020575e-05,-0.0001271694961246419
5,38,23.600847442411894,0.0005439922552821882,5.803841953973035e-05,-0.00011422622728355047
5,39,24.20743687382041,0.00048619400855321387,5.7446514142932606e-05,-0.00010156804814640642
5,40,24.839484696748443,0.00042909922699632295,5.667656328460502e-05,-8.922573381114657e-05
5,41,25.495097567963924,0.00037284088198400383,5.581291545216481e-05,-7.720830981478122e-05
5,42,26.1725046566048,0.0003174733960919933,5.492822537026828e-05,-6.550698686938678e-05
5,43,26.870057685088806,0.0002629844312434673,5.408352560615138e-05,-5.409870418278948e-05
5,44,27.586228448267445,0.00020930634487969057,5.3328706398897305e-05,-4.294922003661005e-05
5,45,28.319604517012593,0.00015632701844567267,5.27032024768911e-05,-3.2015751206557595e-05
5,46,29.068883707497267,0.00010389993992590836,5.2236731517032894e-05,-2.124920334653486e-05
5,47,29.832867780352597,5.185355541160688e-05,5.194996996295418e-05,-1.0596058621188851e-05
5,48,30.610455730027933,0.0,2.592677770580344e-05,-0.0
6,0,30.0,0.0,-3.1210453855193236e-05,-0.0
6,1,29.206163733020468,6.242090771038647e-05,-6.255260756532262e-05,-1.0703296003265561e-05
6,2,28.42534080710379,0.00012510521513064523,-6.294104402405233e-05,-2.1476965221008137e-05
6,3,27.65863337187866,0.00018830299575849113,-6.357002464170548e-05,-3.238964735061134e-05
6,4,26.90724809414742,0.0002522452644140562,-6.441540058399264e-05,-4.350763356402866e-05
6,5,26.1725046566048,0.0003171337969264764,-6.5442282235001e-05,-5.489343949749266e-05
6,6,25.45584412271571,0.0003831298288840582,-6.660398352976131e-05,-6.660398344239597e-05
6,7,24.758836806279895,0.000450341763985999,-6.784086221391336e-05,-7.868834099216586e-05
6,8,24.08318915758459,0.0005188115533118849,-6.907909591415191e-05,-9.118487829423401e-05
6,9,23.430749027719962,0.0005884999558143028,-7.022964741211599e-05,-0.00010411773195387366
6,10,22.80350850198276,0.0006592708481361169,-7.118762462041296e-05,-0.00011749251839201992
6,11,22.20360331117452,0.0007308752050551288,-7.183240158089275e-05,-0.00013129130585440936
6,12,21.633307652783937,0.0008029356512979024,-7.20288772641138e-05,-0.00014546694086233495
6,13,21.095023109728988,0.0008749329595833564,-7.16303590053737e-05,-0.00015993699451384092
6,14,20.591260281974,0.0009461963693086498,-7.048351937279904e-05,-0.0001745778273494333
6,15,20.12461179749811,0.0010158999983289545,-6.843584623495938e-05,-0.0001892195058957184
6,16,19.697715603592208,0.0010830680617785686,-6.534577014120219e-05,-0.00020364264547362228
6,17,19.313207915827967,0.0011465915386113588,-6.109531557687436e-05,-0.00021757845874890465
6,18,18.973665961010276,0.0012052586929323173,-5.56045684116796e-05,-0.0002307134595512198
6,19,18.681541692269406,0.001257800675434718,-4.8846567341493405e-05,-0.00024270008059848935
6,20,18.439088914585774,0.001302951827615304,-4.086053536052597e-05,-0.0002531739510465118
6,21,18.24828759089466,0.00133952174615577,-3.1760828345628995e-05,-0.0002617775217325462
6,22,18.110770276274835,0.001366473484306562,-2.1738947326322192e-05,-0.00026818830427215905
6,23,18.027756377319946,0.0013829996408084144,-1.1056594031342735e-05,-0.00027214839482467246
6,24,18.0,0.0013885866723692475,-2.9214591844425528e-08,-0.0002734907591405367
6,25,18.027756377319946,0.0013830580699921032,1.0998540372258894e-05,-0.00027215749569812076
6,26,18.110770276274835,0.0013665895916247298,2.1682017226448756e-05,-0.00026820638901433366
6,27,18.24828759089466,0.0013396940355392057,3.170576221593244e-05,-0.00026180435735850935
6,28,18.439088914585774,0.0013031780671928649,4.0808059834993764e-05,-0.00025320918986813533
6,29,18.681541692269406,0.0012580779158692182,4.8797391161366915e-05,-0.00024274326329147122
6,30,18.973665961010276,0.001205583284870131,5.555937596619866e-05,-0.00023076401763107417
6,31,19.313207915827967,0.0011469591639368208,6.105476354954982e-05,-0.00021763571970654516
6,32,19.697715603592208,0.0010834737577710314,6.531048103385886e-05,-0.00020370583621370856
6,33,20.12461179749811,0.0010163382018691031,6.840640530178879e-05,-0.00018928776008606782
6,34,20.591260281974,0.0009466609471674538,7.046046925337016e-05,-0.00017465018940737194
6,35,21.095023109728988,0.0008754172633623628,7.16141958225221e-05,-0.00016001242929798546
6,36,21.633307652783937,0.0008034325555224096,7.20200475824567e-05,-0.00014554433799329638
6,37,22.20360331117452,0.0007313771681974494,7.1831297163208e-05,-0.0001313694912477873
6,38,22.80350850198276,0.0006597699611959936,7.119458167302963e-05,-0.00011757025963849907
6,39,23.430749027719962,0.0005889880048513902,7.02449408949022e-05,-0.000104193749954392
6,40,24.08318915758459,0.0005192800794061892,6.910294006424965e-05,-9.125785556424296e-05
6,41,24.758836806279895,0.00045078212472289086,6.787340524805745e-05,-7.875693086691057e-05
6,42,25.45584412271571,0.0003835332689100743,6.664530964946034e-05,-6.666682320272132e-05
6,43,26.1725046566048,0.0003174915054239702,6.54924054302779e-05,-5.494915539298249e-05
6,44,26.90724809414742,0.0002525484580495185,6.447427063590164e-05,-4.355485908890732e-05
6,45,27.65863337187866,0.00018854296415216692,6.36375170950645e-05,-3.2427024279277095e-05
6,46,28.42534080710379,0.00012527342385938953,6.30169732572134e-05,-2.1503165413204944e-05
6,47,29.206163733020468,6.250901763774014e-05,6.263671192969476e-05,-1.0717020053731261e-05
6,48,30.0,0.0,3.125450881887007e-05,-0.0
7,0,29.410882339705484,0.0,-3.6592982871466925e-05,-0.0
7,1,28.600699292150182,7.318596574293385e-05,-7.33561428112168e-05,-1.0823625797949052e-05
7,2,27.80287754891569,0.0001467122856224336,-7.385917220790951e-05,-2.173176109001107e-05
7,3,27.018512172212592,0.00022090431015875286,-7.467705661792816e-05,-3.280755476788922e-05
7,4,26.248809496813376,0.0002960663988582899,-7.578294548254695e-05,-4.41325547055922e-05
7,5,25.495097567963924,0.00037247020112384676,-7.713768245038767e-05,-5.5785520939638956e-05
7,6,24.758836806279895,0.00045034176375906526,-7.868834089776511e-05,-6.784086250691357e-05
7,7,24.041630560342615,0.000529846882919377,-8.036641610030662e-05,-8.036641580805935e-05
7,8,23.345235059857504,0.0006110745959596785,-8.208588363486859e-05,-9.342048300731772e-05
7,9,22.67156809750927,0.0006940186501891142,-8.374128026161e-05,-0.000107047866727902
7,10,22.02271554554524,0.0007785571564828985,-8.520613769054749e-05,-0.0001212747985660426
7,11,21.400934559032695,0.0008644309255702091,-8.633217291869791e-05,-0.00013610261273887568
7,12,20.808652046684813,0.0009512215023202943,-8.694979717195948e-05,-0.00015150019086448562
7,13,20.248456731316587,0.001038330519914128,-8.687061261744908e-05,-0.0001673953733291454
7,14,19.72308292331602,0.0011249627275551925,-8.589267376380165e-05,-0.00018366582378835417
7,15,19.235384061671343,0.0012101158674417314,-8.380925174917902e-05,-0.00020013026894346068
7,16,18.788294228055936,0.0012925812310535505,-8.04216809533483e-05,-0.00021654149476786405
7,17,18.384776310850235,0.001370959229348428,-7.555639762570662e-05,-0.00023258304697763485
7,18,18.027756377319946,0.0014436940263049638,-6.908552764612621e-05,-0.00024787193531694215
7,19,17.72004514666935,0.0015091302846406804,-6.094929021555485e-05,-0.0002619697307557501
7,20,17.46424919657298,0.0015655926067360735,-5.117721372518741e-05,-0.000274403832575386
7,21,17.26267650163207,0.0016114847120910552,-3.9904059410065845e-05,-0.00028469927088946984
7,22,17.11724276862369,0.0016454007255562052,-2.7375868022858183e-05,-0.000292419057809489
7,23,17.029386365926403,0.0016662364481367716,-1.3942303046108359e-05,-0.0002972082747743558
7,24,17.0,0.0016732853316484219,-3.369262006642105e-08,-0.000298834597291124
7,25,17.029386365926403,0.0016663038333769044,1.3875350740489385e-05,-0.0002972170676097893
7,26,17.11724276862369,0.0016455346301674431,2.7310211673894024e-05,-0.00029243653053255395
7,27,17.26267650163207,0.0016116834100291164,3.984055251645931e-05,-0.000284725198206779
7,28,17.46424919657298,0.0015658535251345245,5.111669482789393e-05,-0.0002744378788580792
7,29,17.72004514666935,0.0015094500203733285,6.0892576014690155e-05,-0.0002620114518283622
7,30,18.027756377319946,0.0014440683731051442,6.903340824661363e-05,-0.0002479207824530381
7,31,18.384776310850235,0.0013713832038801013,7.550962950911223e-05,-0.00023263836976058962
7,32,18.788294228055936,0.0012930491140869197,8.038098279534425e-05,-0.00021660254712544942
7,33,19.235384061671343,0.0012106212382894128,8.377529804836357e-05,-0.00020019621277750767
7,34,19.72308292331602,0.0011254985179901926,8.58660903481583e-05,-0.00018373573718862316
7,35,20.248456731316587,0.0010388890575930962,8.685197216668525e-05,-0.00016746825464561692
7,36,20.808652046684813,0.0009517945736568221,8.693961373242351e-05,-0.00015157496894296392
7,37,21.400934559032695,0.0008650098301282492,8.633089954881789e-05,-0.00013617815167815982
7,38,22.02271554554524,0.0007791327745591863,8.521416083312564e-05,-0.00012134990885826131
7,39,22.67156809750927,0.0006945815084619979,8.375891821718872e-05,-0.00010712131204263528
7,40,23.345235059857504,0.0006116149381248089,8.211338237208645e-05,-9.349099000950022e-05
7,41,24.041630560342615,0.000530354743717825,8.040394781368645e-05,-8.043268502941713e-05
7,42,24.758836806279895,0.00045080704249743597,7.873600084419636e-05,-6.790157444904759e-05
7,43,25.495097567963924,0.00037288274202943226,7.719548971996538e-05,-5.583935249421499e-05
7,44,26.248809496813376,0.0002964160630575052,7.58508375126027e-05,-4.4178180372070656e-05
7,45,27.018512172212592,0.00022118106700422686,7.475489615259348e-05,-3.2843668422769686e-05
7,46,27.80287754891569,0.00014690627075231825,7.394673574257873e-05,-2.175707287390842e-05
7,47,28.600699292150182,7.32875955190694e-05,7.345313537615912e-05,-1.0836887649342317e-05
7,48,29.410882339705484,0.0,3.66437977595347e-05,-0.0
8,0,28.844410203711913,0.0,-4.203407965314229e-05,-0.0
8,1,28.0178514522438,8.406815930628458e-05,-8.428436865533369e-05,-1.0931169696910828e-05
8,2,27.202941017470888,0.00016856873731066737,-8.49249729939925e-05,-2.1962944781402435e-05
8,3,26.40075756488817,0.00025391810529426956,-8.597081825728661e-05,-3.319514753885014e-05
8,4,25.612496949731394,0.0003405103738252406,-8.739336675574238e-05,-4.472700529683046e-05
8,5,24.839484696748443,0.0004287048388057543,-8.915059003632237e-05,-5.665649304371987e-05
8,6,24.08318915758459,0.0005188115538978853,-9.11848783981817e-05,-6.907909555936949e-05
8,7,23.345235059857504,0.0006110745956021177,-9.34204827143175e-05,-8.208588399170088e-05
8,8,22.627416997969522,0.0007056525193265203,-9.576054683399455e-05,-9.576054647261615e-05
8,9,21.93171219946131,0.0008025956892701068,-9.808396297084087e-05,-0.00011017516288858089
8,10,21.2602916254693,0.0009018204452682021,-0.00010024237063138665,-0.00012538435519236486
8,11,20.615528128088304,0.0010030804305328801,-0.00010205779387933577,-0.00014141757339747552
8,12,20.0,0.0011059360330268736,-0.00010332163785438354,-0.00015826930682301762
8,13,19.4164878389476,0.0012097237062416472,-0.00010379599192924225,-0.00017588725212581296
8,14,18.867962264113206,0.0013135280168853581,-0.0001032184149871143,-0.00019415883620354114
8,15,18.35755975068582,0.0014161605362158758,-0.00010131151721446926,-0.0002128970526504416
8,16,17.88854381999832,0.0015161510513142966,-9.779854817537636e-05,-0.00023182739273711777
8,17,17.46424919657298,0.0016117576325666285,-9.242575612595247e-05,-0.0002505785676200587
8,18,17.08800749063506,0.0017010025635662016,-8.499125218979484e-05,-0.00026868068024465854
8,19,16.76305461424021,0.0017817401369462182,-7.537846459993727e-05,-0.0002855750138923425
8,20,16.492422502470642,0.0018517594927660761,-6.359007549424571e-05,-0.0003006392688928454
8,21,16.278820596099706,0.0019089202879347096,-4.977605357973198e-05,-0.0003132302022965019
8,22,16.1245154965971,0.00195131159992554,-3.424795121120816e-05,-0.000322741977543468
8,23,16.0312195418814,0.001977416190357126,-1.747213351297773e-05,-0.0003286734063675279
8,24,16.0,0.0019862558669514955,-3.800742727792447e-08,-0.0003306922104885806
8,25,16.0312195418814,0.001977492205211682,1.7396607130828936e-05,-0.00032868185492061753
8,26,16.1245154965971,0.0019514626526898377,3.417388662945906e-05,-0.00032275876602592566
8,27,16.278820596099706,0.0019091444319527637,4.9704413890407214e-05,-0.0003132551144325158
8,28,16.492422502470642,0.0018520538249090232,6.352180621341057e-05,-0.0003006719819048802
8,29,16.76305461424021,0.0017821008195259426,7.531448756640797e-05,-0.00028561510138809
8,30,17.08800749063506,0.0017014248497762073,8.493245803397123e-05,-0.0002687276144827512
8,31,17.46424919657298,0.001612235903458,9.237299887713852e-05,-0.0002506317242897795
8,32,17.88854381999832,0.0015166788520219303,9.775263801694082e-05,-0.00023188605417781756
8,33,18.35755975068582,0.0014167306274241185,0.00010127321523861505,-0.0002129604145769394
8,34,18.867962264113206,0.0013141324215447002,0.0001031884273852609,-0.00019422601161629433
8,35,19.4164878389476,0.0012103537726535967,0.00010377496406818135,-0.0001759572799364563
8,36,20.0,0.0011065824934083375,0.0001033101505499138,-0.00015834115644104728
8,37,20.615528128088304,0.001003733471553769,0.00010205635724791062,-0.00014149015464095448
8,38,21.2602916254693,0.0009024697789125162,0.00010025142130855416,-0.00012545652427447212
8,39,21.93171219946131,0.0008032306289366607,9.81038597436633e-05,-0.00011024573208986082
8,40,22.627416997969522,0.0007062620594251896,9.579156707746779e-05,-9.582829304486209e-05
8,41,23.345235059857504,0.0006116474947817251,9.346282080851008e-05,-8.214955748389743e-05
8,42,24.08318915758459,0.0005193364178081695,9.123864218466249e-05,-6.913743127806834e-05
8,43,24.839484696748443,0.00042917021041240016,8.921579950725483e-05,-5.6708215255258374e-05
8,44,25.612496949731394,0.00034090481879365983,8.746995470734694e-05,-4.477084606223272e-05
8,45,26.40075756488817,0.0002542303009977063,8.605862459322673e-05,-3.322984511130956e-05
8,46,27.202941017470888,0.00016878756960720637,8.502375403064076e-05,-2.1987267381472802e-05
8,47,28.0178514522438,8.418279293642477e-05,8.439378480360318e-05,-1.0943909443767513e-05
8,48,28.844410203711913,0.0,4.209139646821239e-05,-0.0
9,0,28.30194339616981,0.0,-4.752415256837775e-05,-0.0
9,1,27.459060435491963,9.50483051367555e-05,-9.531908759261923e-05,-1.1012314860530391e-05
9,2,26.627053911388696,0.00019063817518523847,-9.612315004984881e-05,-2.2143046556886745e-05
9,3,25.80697580112788,0.00028729460523645314,-9.744111713335619e-05,-3.351055185190645e-05
9,4,25.0,0.00038552040945195084,-9.924429098741669e-05,-4.523406023249448e-05
9,5,24.20743687382041,0.0004857831872112865,-0.0001014897727129267,-5.7433639858016605e-05
9,6,23.430749027719962,0.0005884999548778042,-0.00010411773184574612,-7.022964770710339e-05
9,7,22.67156809750927,0.0006940186509027787,-0.00010704786701355327,-8.374127995573245e-05
9,8,21.93171219946131,0.0008025956889049108,-0.00011017516253174859,-9.808396329290524e-05
9,9,21.213203435596427,0.0009143689759662759,-0.00011336508898135872,-0.00011336508865117812
9,10,20.518284528683193,0.0010293258668676282,-0.00011644854819944212,-0.00012967764077532334
9,11,19.849433241279208,0.0011472660723651602,-0.00011921712454935067,-0.00014709114305037668
9,12,19.209372712298546,0.0012677601159663296,-0.00012141947590029692,-0.00016563943312472714
9,13,18.601075237738275,0.001390105024165754,-0.0001227601419979726,-0.00018530492528630977
9,14,18.027756377319946,0.0015132803999622748,-0.0001229024742884303,-0.0002059994373923979
9,15,17.4928556845359,0.0016359099727426146,-0.00012147780828275566,-0.00022754240870870562
9,16,17.0,0.001756236016527786,-0.0001181031959229654,-0.00024963849025242204
9,17,16.55294535724685,0.0018721163645885454,-0.00011240968513324739,-0.0002718581160659451
9,18,16.15549442140351,0.001981055386794281,-0.00010408197391841001,-0.0002936264977976017
9,19,15.811388300841896,0.0020802803124253654,-9.29078788637417e-05,-0.00031422812730872406
9,20,15.524174696260024,0.0021668711445217642,-7.883240212934678e-05,-0.0003328343053135475
9,21,15.297058540778355,0.002237945116684059,-6.200676806068848e-05,-0.0003485592793279703
9,22,15.132745950421556,0.0022908846806431412,-4.281907209388418e-05,-0.00036054505899254965
9,23,15.033296378372908,0.0023235832608718273,-2.1892535991220943e-05,-0.00036806591342374863
9,24,15.0,0.002334669752625583,-4.2141173156075296e-08,-0.0003706331442527471
9,25,15.033296378372908,0.0023236675432181395,2.1808795203144332e-05,-0.0003680739829787945
9,26,15.132745950421556,0.0022910521622192944,4.2736952161995766e-05,-0.0003605610944437765
9,27,15.297058540778355,0.002238193638894148,6.19273366375048e-05,-0.0003485830739186043
9,28,15.524174696260024,0.002167197488944285,7.875670787231971e-05,-0.00033286555101523074
9,29,15.811388300841896,0.0020806802231495085,9.283694343681912e-05,-0.00031426641649579033
9,30,16.15549442140351,0.0019815236020706466,0.00010401678534492414,-0.0002936713268595489
9,31,16.55294535724685,0.0018726466524596602,0.00011235118981404589,-0.0002719088881254103
9,32,17.0,0.0017568212224425548,0.00011805229250818434,-0.0002496945205419111
9,33,17.4928556845359,0.0016365420674432916,0.00012143534060988679,-0.00022760292818220138
9,34,18.027756377319946,0.0015139505412227812,0.00012286922498864138,-0.00020606359979788544
9,35,18.601075237738275,0.0013908036174660088,0.0001227368273419323,-0.00018537181162039387
9,36,19.209372712298546,0.0012684768865389166,0.00012140673902792535,-0.0001657080600176139
9,37,19.849433241279208,0.001147990139410158,0.00011921553171539306,-0.00014716046841392887
9,38,20.518284528683193,0.0010300458231081305,0.0001164585833842193,-0.0001297465725672597
9,39,21.213203435596427,0.0009150729726417195,0.00011338714944679874,-0.0001134324925673637
9,40,21.93171219946131,0.000803271524214533,0.00011020955697804984,-9.81486705175519e-05
9,41,22.67156809750927,0.0006946538586856198,0.0001070948095804802,-8.380209799690845e-05
9,42,23.430749027719962,0.0005890819050535726,0.00010417734307283541,-7.028536565443843e-05
9,43,24.20743687382041,0.000486299172539949,0.000101562074935801,-5.7483043300171274e-05
9,44,25.0,0.00038595775518197065,9.932920765655151e-05,-4.527593285411839e-05
9,45,25.80697580112788,0.000287640757226846,9.75384748333534e-05,-3.3543694904189205e-05
9,46,26.627053911388696,0.00019088080551526385,9.623267141012077e-05,-2.2166276171388686e-05
9,47,27.459060435491963,9.517541440660443e-05,9.544040275763193e-05,-1.1024486075085694e-05
9,48,28.30194339616981,0.0,4.7587707203302216e-05,-0.0
10,0,27.784887978899608,0.0,-5.304639451367268e-05,-0.0
10,1,26.92582403567252,0.00010609278902734536,-0.00010642741521222043,-1.1051774403056275e-05
10,2,26.076809620810597,0.00021285483042444086,-0.00010742320998536855,-2.224103206653204e-05
10,3,25.238858928247925,0.00032093920899808247,-0.00010906183193289435,-3.3706190783922994e-05
10,4,24.413111231467404,0.00043097849429022956,-0.00011131645476185253,-4.558840780413291e-05
10,5,23.600847442411894,0.0005435721185217875,-0.00011414617751093128,-5.803256395542109e-05
10,6,22.80350850198276,0.0006592708493120921,-0.00011749251849589755,-7.118762445979855e-05
10,7,22.02271554554524,0.0007785571555135826,-0.00012127479830011936,-8.520613787212479e-05
10,8,21.2602916254693,0.0009018204459123308,-0.00012538435552944023,-0.00010024237041966077
10,9,20.518284528683193,0.001029325866572463,-0.00012967764045325897,-0.00011644854843593036
10,10,19.79898987322333,0.0011611757268188488,-0.0001339684250305852,-0.00013396842478468414
10,11,19.1049731745428,0.0012972627166336335,-0.00013801958622873956,-0.00015292729751092233
10,12,18.439088914585774,0.001437214899276328,-0.00014153542009031662,-0.0001734174574039637
10,13,17.804493814764857,0.0015803335568142667,-0.00014415599619691302,-0.00019547812228679485
10,14,17.204650534085253,0.001725526891670154,-0.00014545589840951015,-0.00021906923749642445
10,15,16.64331697709324,0.001871245353633287,-0.0001449505700744934,-0.00024403936616772856
10,16,16.1245154965971,0.0020154280318191407,-0.00014211425553261583,-0.00027008946663726685
10,17,15.652475842498529,0.0021554738646985187,-0.00013641376367113213,-0.0002967368395939625
10,18,15.231546211727817,0.002288255559161405,-0.0001273612634325738,-0.0003232869281777598
10,19,14.866068747318506,0.0024101963915636663,-0.00011458627211588307,-0.0003488243612800926
10,20,14.560219778561036,0.002517428103393171,-9.792122751349193e-05,-0.0003722372889194245
10,21,14.317821063276353,0.00260603884659065,-7.748680725873413e-05,-0.0003922881399218304
10,22,14.142135623730951,0.0026724017179106394,-5.375458530698651e-05,-0.0004077365056411187
10,23,14.035668847618199,0.0027135480172046232,-2.756021877317518e-05,-0.0004175041312329999
10,24,14.0,0.0027275221554569897,-4.6076982323801224e-08,-0.00042085069207004814
10,25,14.035668847618199,0.002713640171169271,2.7468656939799545e-05,-0.00041751178893692444
10,26,14.142135623730951,0.0026725848415773907,5.3664795689649294e-05,-0.00040775172260165953
10,27,14.317821063276353,0.0026063105797899722,7.739995731895297e-05,-0.0003923107200921854
10,28,14.560219778561036,0.0025177849269394847,9.783846363622451e-05,-0.00037226693975918866
10,29,14.866068747318506,0.0024106336525175232,0.00011450871172208983,-0.0003488606962813246
10,30,15.231546211727817,0.002288767503495305,0.00012728998640435126,-0.0003233294690382167
10,31,15.652475842498529,0.0021560536797088207,0.00013634980519477632,-0.0002967850203871037
10,32,16.1245154965971,0.0020160678931057524,0.00014205859796014974,-0.00027014263696930035
10,33,16.64331697709324,0.0018719364837885212,0.00014490413598264068,-0.0002440967968995823
10,34,17.204650534085253,0.001726259621140471,0.00014541954394706842,-0.00021913012487199902
10,35,17.804493814764857,0.0015810973958943844,0.00014413050384845289,-0.00019554159488559134
10,36,18.439088914585774,0.0014379986134435653,0.0001415214937563788,-0.00017348258147829984
10,37,19.1049731745428,0.0012980544083816268,0.00013801784469826483,-0.00015299308451652987
10,38,19.79898987322333,0.0011619629240470356,0.00013397939715511934,-0.00013403383839026106
10,39,20.518284528683193,0.0010300956140713881,0.00012970176179337108,-0.00011651251181463862
10,40,21.2602916254693,0.0009025594004602934,0.00012542196164792304,-0.00010030377538633537
10,41,22.02271554554524,0.000779251690775542,0.00012132612567162355,-8.526385116249734e-05
10,42,22.80350850198276,0.0006599071491170463,0.00011755769688139966,-7.124049936805838e-05
10,43,23.600847442411894,0.0005441362970127427,0.00011422523230757487,-5.807944479775589e-05
10,44,24.413111231467404,0.0004314566845018966,0.000111409303103329,-4.5628144532333995e-05
10,45,25.238858928247925,0.0003213176908060847,0.00010916828127595643,-3.3737640617963725e-05
10,46,26.076809620810597,0.00021312012194998374,0.00010754296285974427,-2.2263077727975315e-05
10,47,26.92582403567252,0.00010623176508659616,0.00010656006097499187,-1.1063321698063993e-05
10,48,27.784887978899608,0.0,5.311588254329808e-05,-0.0
11,0,27.294688127912362,0.0,-5.857592697143403e-05,-0.0
11,1,26.419689627245813,0.00011715185394286805,-0.00011756011965915127,-1.103282284467653e-05
11,2,25.553864678361276,0.00023512023931830255,-0.00011877756643071554,-2.2222859799516894e-05
11,3,24.698178070456937,0.0003547069868042991,-0.00012078849287095706,-3.3729455428844405e-05
11,4,23.853720883753127,0.00047669722506021666,-0.00012357066415891478,-4.571711871235242e-05
11,5,23.021728866442675,0.0006018483151221287,-0.00012708898936859234,-5.8357750441795874e-05
11,6,22.20360331117452,0.0007308752037974013,-0.00013129130576244982,-7.183240158758174e-05
11,7,21.400934559032695,0.0008644309266470283,-0.0001361026129734155,-8.633217288317029e-05
11,8,20.615528128088304,0.0010030804297442323,-0.00014141757309555416,-0.00010205779395663738
11,9,19.849433241279208,0.0011472660728381366,-0.0001470911433463821,-0.00011921712443228969
11,10,19.1049731745428,0.0012972627164369965,-0.0001529272972744341,-0.00013801958637243387
11,11,18.384776310850235,0.0014531206673870048,-0.00015866615716863023,-0.00015866615701643492
11,12,17.69180601295413,0.001614595030774257,-0.00016397030067616945,-0.00018133324351205632
11,13,17.029386365926403,0.0017810612687393437,-0.00016841192209043334,-0.00020614849231441576
11,14,16.401219466856727,0.0019514188749551237,-0.000171463718169364,-0.00023315666546160215
11,15,15.811388300841896,0.0021239887050780717,-0.00017249803742359806,-0.00026227439508065976
11,16,15.264337522473747,0.00229641494980232,-0.00017080066934919936,-0.00029323444512931846
11,17,14.7648230602334,0.0024655900437764704,-0.00016560714667374033,-0.00032552361133122054
11,18,14.317821063276353,0.0026276292431498005,-0.0001561694956045401,-0.0003583240040533099
11,19,13.92838827718412,0.0027779290349855506,-0.0001418582396054064,-0.0003904749589461393
11,20,13.601470508735444,0.0029113457223606132,-0.00012229618077108455,-0.00042048037589361873
11,21,13.341664064126334,0.0030225213965277197,-9.750598478238271e-05,-0.00044658964485550954
11,22,13.152946437965905,0.0031063576919253787,-6.80350634050537e-05,-0.0004669725427412757
11,23,13.038404810405298,0.003158591523337827,-3.500672242015036e-05,-0.00047998279349302335
11,24,13.0,0.0031763711367656794,-4.9798877080602794e-08,-0.0004844617289297278
11,25,13.038404810405298,0.0031586911210919884,3.4907764671532945e-05,-0.0004799900083143798
11,26,13.152946437965905,0.0031065556074226135,6.793802100673479e-05,-0.00046698687969149496
11,27,13.341664064126334,0.003022815079078519,9.741211947997567e-05,-0.0004466109191026907
11,28,13.601470508735444,0.002911731368462662,0.00012220673168318054,-0.0004205083120025362
11,29,13.92838827718412,0.0027784016157121577,0.00014177441415779107,-0.0003905091925078463
11,30,14.317821063276353,0.00262818254014708,0.000156092461239145,-0.0003583640847521683
11,31,14.7648230602334,0.0024662166932338677,0.00016553802188296225,-0.00032556900557497034
11,32,15.264337522473747,0.0022971064963811555,0.00017074051599570575,-0.00029328454059040446
11,33,15.811388300841896,0.002124735661242456,0.00017244785270718811,-0.0002623285043105092
11,34,16.401219466856727,0.0019522107909667793,0.00017142442700263235,-0.0002332140316394695
11,35,17.029386365926403,0.0017818868072371915,0.00016838437073563148,-0.00020620829405795067
11,36,17.69180601295413,0.0016154420494955163,0.0001639552493969868,-0.0001813946012694125
11,37,18.384776310850235,0.0014539763084432179,0.00015866427480343184,-0.00015872813944465365
11,38,19.1049731745428,0.0012981134998886527,0.00015293915608611056,-0.0001380812167754024
11,39,19.849433241279208,0.0011480979962709967,0.00014711721245072443,-0.00011927738884998681
11,40,20.615528128088304,0.0010038790749872038,0.00014145821763019112,-0.00010211564739298954
11,41,21.400934559032695,0.0008651815610106145,0.0001361580855987572,-8.638654885274492e-05
11,42,22.20360331117452,0.0007315629037896894,0.00013136174943757686,-7.188221806672077e-05
11,43,23.021728866442675,0.0006024580621354608,0.0001271744297715254,-5.840192071178131e-05
11,44,23.853720883753127,0.00047721404424663864,0.00012367101183634368,-4.575455648751843e-05
11,45,24.698178070456937,0.00035511603846277343,0.00012090354163771208,-3.3759087571825185e-05
11,46,25.553864678361276,0.00023540696097121448,0.00011890699033002051,-2.2243629239542372e-05
11,47,26.419689627245813,0.00011730205780273242,0.00011770348048560724,-1.1043704539180193e-05
11,48,27.294688127912362,0.0,5.865102890136621e-05,-0.0
12,0,26.832815729997478,0.0,-6.407921735834921e-05,-0.0
12,1,25.942243542145693,0.00012815843471669842,-0.00012865027501173732,-1.0937781857530135e-05
12,2,25.059928172283335,0.00025730055002347465,-0.00013011984256953643,-2.205231622020288e-05
12,3,24.186773244895647,0.0003883981198557713,-0.00013255609084572987,-3.3523950575931456e-05
12,4,23.323807579381203,0.0005224127317149344,-0.000135944749774804,-4.554109465418072e-05
12,5,22.47220505424423,0.0006602876194053793,-0.0001402614603861606,-5.8304108387839464e-05
12,6,21.633307652783937,0.0008029356524872556,-0.00014546694093727197,-7.202887738532696e-05
12,7,20.808652046684813,0.0009512215012799232,-0.000151500190669175,-8.69497970839099e-05
12,8,20.0,0.0011059360338256056,-0.00015826930707855963,-0.00010332163789390856
12,9,19.209372712298546,0.0012677601154370425,-0.00016563943286905546,-0.00012141947591019688
12,10,18.439088914585774,0.0014372148995637165,-0.00017341745761473043,-0.00014153542004146616
12,11,17.69180601295413,0.0016145950306665033,-0.00018133324336836202,-0.0001639703007475776
12,12,16.97056274847714,0.0017998813863004406,-0.00018901775538829747,-0.000189017755310787
12,13,16.278820596099706,0.0019926305414430983,-0.00019597941814645885,-0.00021693739818169546
12,14,15.620499351813308,0.0021918402225933583,-0.00020158180117575415,-0.00024791315153232195
12,15,15.0,0.0023957941437946066,-0.0002050283497422097,-0.0002819928624807485
12,16,14.422205101855956,0.0026018969220777777,-0.00020536347178317662,-0.0003190068047453881
12,17,13.892443989449804,0.00280652108736096,-0.00020150332259512359,-0.0003584668332471078
12,18,13.416407864998739,0.003004903567268025,-0.0001923126110474926,-0.00039945628737805263
12,19,13.0,0.003191146309455945,-0.0001767426439561919,-0.00044053421847531056
12,20,12.649110640673518,0.0033583888551804086,-0.00015403591342286215,-0.00047969496008748013
12,21,12.36931687685298,0.0034992181363016693,-0.0001239789741063911,-0.0005144392167903671
12,22,12.165525060596439,0.003606346803393191,-8.714773394450032e-05,-0.0005420118413459549
12,23,12.041594578792296,0.00367351360419067,-4.5049404961627296e-05,-0.000559824397177895
12,24,12.0,0.0036964456133164454,-5.3291803680253005e-08,-0.0005659952795995177
12,25,12.041594578792296,0.0036736201877980304,4.494350617803241e-05,-0.0005598311401746588
12,26,12.165525060596439,0.0036065586009603806,8.704388490133838e-05,-0.0005420252406681697
12,27,12.36931687685298,0.0034995324179953537,0.00012387852500791172,-0.0005144590997781104
12,28,12.649110640673518,0.003358801550944557,0.00015394019023106894,-0.0004797210691849024
12,29,13.0,0.003191652037533216,0.00017665293897245775,-0.000440566213295054
12,30,13.416407864998739,0.0030054956729996416,0.00019223017333722722,-0.00039949374680339485
12,31,13.892443989449804,0.0028071916908587614,0.00020142934935654016,-0.00035850925888853704
12,32,14.422205101855956,0.0026026369742865613,0.00020529909922461088,-0.0003190536239796207
12,33,15.0,0.0023965934924095396,0.00020497464493357564,-0.00028204343314804114
12,34,15.620499351813308,0.00219268768441941,0.00020153975419962694,-0.0002479667660470989
12,35,16.278820596099706,0.0019935139840102857,0.0001959499342185099,-0.0002169932889982836
12,36,16.97056274847714,0.0018007878159823903,0.00018900164836967582,-0.0001890751004722486
12,37,17.69180601295413,0.001615510687270934,0.00018133122919227493,-0.00016402822952847433
12,38,18.439088914585774,0.0014381253575978404,0.00017343014774978617,-0.00014159302010745614
12,39,19.209372712298546,0.0012686503917713617,0.00016566733117578394,-0.00012147579897996846
12,40,20.0,0.0011067906952462725,0.00015831280164516493,-0.0001033757080242143
12,41,20.808652046684813,0.0009520247884810319,0.00015155955499789232,-8.700061678420807e-05
12,42,21.633307652783937,0.0008036715852504879,0.00014554232502236327,-7.207543619615125e-05
12,43,22.47220505424423,0.0006609401384363053,0.0001403528938867772,-5.834538971825735e-05
12,44,23.323807579381203,0.0005229657974769335,0.00013605213624328513,-4.557608449577187e-05
12,45,24.186773244895647,0.00038883586594973507,0.0001326792085239325,-3.355164419694719e-05
12,46,25.059928172283335,0.0002576073804290685,0.00013025834589238926,-2.207172815421478e-05
12,47,25.942243542145693,0.00012831917416495655,0.00012880369021453424,-1.0947950317925415e-05
12,48,26.832815729997478,0.0,6.415958708247827e-05,-0.0
13,0,26.40075756488817,0.0,-6.951370882896416e-05,-0.0
13,1,25.495097567963924,0.00013902741765792833,-0.00013961243587935415,-1.074861807771382e-05
13,2,24.596747752497688,0.0002792248717587083,-0.00014136373514911686,-2.169229335729334e-05
13,3,23.706539182259394,0.00042175488795616204,-0.0001442772713049349,-3.3031329333148307e-05
13,4,22.825424421026653,0.0005677794143685781,-0.0001483508219708228,-4.497746377463325e-05
13,5,21.95449840010015,0.0007184565318978076,-0.00015357677209973858,-5.775972633455614e-05
13,6,21.095023109728988,0.0008749329585680553,-0.00015993699445852026,-7.163035880712457e-05
13,7,20.248456731316587,0.0010383305208148481,-0.0001673953734819971,-8.6870612781443e-05
13,8,19.4164878389476,0.0012097237055320495,-0.00017588725192184114,-0.00010379599181531993
13,9,18.601075237738275,0.0013901050246585304,-0.0001853049254939397,-0.00012276014205926992
13,10,17.804493814764857,0.0015803335565199288,-0.00019547812211181482,-0.0001441559961800307
13,11,17.029386365926403,0.00178106126888216,-0.00020614849243795106,-0.0001684119220771702
13,12,16.278820596099706,0.001992630541395831,-0.0002169373981102873,-0.00019597941817482115
13,13,15.556349186104045,0.0022149360651027346,-0.0002273073183119683,-0.00022730731828027122
13,14,14.866068747318506,0.0024472451780197676,-0.00023651918246841703,-0.0002627956865285043
13,15,14.212670403551895,0.0026879744300395687,-0.0002435916906366642,-0.00030272103026297284
13,16,13.601470508735444,0.002934428559293096,-0.00024727464011555867,-0.0003471243105464359
13,17,13.038404810405298,0.003182523710270686,-0.00024605662930640487,-0.00039565658392545474
13,18,12.529964086141668,0.0034265418179059057,-0.00023823688083274286,-0.00044738740176826887
13,19,12.083045973594572,0.0036589974719361718,-0.0002220969123148339,-0.000500602466644792
13,20,11.704699910719626,0.0038707356425355735,-0.0001962011790861411,-0.0005526518785353182
13,21,11.40175425099138,0.004051399830108454,-0.00015982286604085752,-0.0005999530645836267
13,22,11.180339887498949,0.0041903813746172885,-0.00011342024379258154,-0.0006382796929067459
13,23,11.045361017187261,0.004278240317693617,-5.8990160673713134e-05,-0.0006634310264875723
13,24,11.0,0.004308361695964715,-5.6541873844420665e-08,-0.000672218631044986
13,25,11.045361017187261,0.004278353401441306,5.8877803602881e-05,-0.000663437270818191
13,26,11.180339887498949,0.004190606088758953,0.00011331006140328321,-0.0006382921013258448
13,27,11.40175425099138,0.0040517332786347395,0.00015971629096324293,-0.000599971477155534
13,28,11.704699910719626,0.003871173506832467,0.00019609961816623687,-0.0005526760568299841
13,29,12.083045973594572,0.0036595340423022657,0.00022200173653929862,-0.0005006320953227996
13,30,12.529964086141668,0.0034271700337538697,0.00023814941564566199,-0.0004474220910332125
13,31,13.038404810405298,0.0031832352110109418,0.0002459781447067364,-0.0003956958720194206
13,32,13.601470508735444,0.002935213744340397,0.00024720634173620165,-0.0003471676674415805
13,33,14.212670403551895,0.0026888225275385385,0.00024353471063970995,-0.0003027678610657116
13,34,14.866068747318506,0.002448144323060977,0.0002364745711523899,-0.00026284533611453296
13,35,15.556349186104045,0.0022158733852337587,0.00022727603631048175,-0.00022735907588588167
13,36,16.278820596099706,0.0019935922504400135,0.00021692030886679608,-0.000196032522415761
13,37,17.029386365926403,0.0017820327675001665,0.0002061463551682243,-0.00016846556702021542
13,38,17.804493814764857,0.001581299540103565,0.00019549158663461643,-0.00014420933643490366
13,39,18.601075237738275,0.0013910495942309337,0.00018533452453396628,-0.00012281230001686013
13,40,19.4164878389476,0.0012106304910356324,0.0001759333998259515,-0.0001038460632630337
13,41,20.248456731316587,0.0010391827945790306,0.00016745835742682023,-8.691767424310942e-05
13,42,21.095023109728988,0.0008757137761819919,0.00016001697650352758,-7.167347452186973e-05
13,43,21.95449840010015,0.0007191488415719755,0.00015367378147190477,-5.779795476921985e-05
13,44,22.825424421026653,0.0005683662132381824,0.00014846475735765384,-4.500986601287707e-05
13,45,23.706539182259394,0.0004222193268566678,0.00014440789797926916,-3.3056975129039287e-05
13,46,24.596747752497688,0.00027955041727964404,0.00014151068420904228,-2.1710269415447126e-05
13,47,25.495097567963924,0.00013919795843858325,0.00013977520863982202,-1.0758035522188999e-05
13,48,26.40075756488817,0.0,6.959897921929162e-05,-0.0
14,0,26.0,0.0,-7.482783543606303e-05,-0.0
14,1,25.079872407968907,0.00014965567087212606,-0.00015034256836903066,-1.0447806559691435e-05
14,2,24.166091947189145,0.00030068513673806133,-0.0001524025538249709,-2.1106465271800075e-05
14,3,23.259406699226016,0.0004544607785220679,-0.0001558412612630698,-3.2193868146946063e-05
14,4,22.360679774997898,0.0006123676592642009,-0.00016067314677621183,-4.394301956965179e-05
14,5,21.470910553583888,0.0007758070720744916,-0.00016691435541865192,-5.661016215182508e-05
14,6,20.591260281974,0.0009461963701015047,-0.00017457782738415883,-7.048351959476525e-05
14,7,19.72308292331602,0.0011249627268428092,-0.00018366582367737035,-8.589267357494935e-05
14,8,18.867962264113206,0.0013135280174562454,-0.00019415883635638654,-0.00010321841512844591
14,9,18.027756377319946,0.0015132803995555823,-0.00020599943723376623,-0.00012290247419740447
14,10,17.204650534085253,0.001725526891923778,-0.0002190692376326307,-0.0001454558984569491
14,11,16.401219466856727,0.0019514188748208437,-0.00023315666536315248,-0.00017146371815327053
14,12,15.620499351813308,0.002191840222650083,-0.0002479131515913985,-0.00020158180117371628
14,13,14.866068747318506,0.0024472451780036407,-0.000262795686500142,-0.00023651918247796474
14,14,14.142135623730951,0.002717431595650367,-0.00027699551315845576,-0.00027699551314774493
14,15,13.45362404707371,0.0030012362043205522,-0.00028935697376014126,-0.0003236588192674459
14,16,12.806248474865697,0.0032961455431706494,-0.0002982990254456585,-0.00037694452387884887
14,17,12.206555615733702,0.0035978342552118693,-0.0003017664138169566,-0.00043685560421007704
14,18,11.661903789690601,0.0038996783708045626,-0.00029725849376682984,-0.0005026518980493137
14,19,11.180339887498949,0.004192351242745529,-0.0002820071207232412,-0.0005724642610337052
14,20,10.770329614269007,0.004463692612251045,-0.0002533865113616969,-0.0006429093662977288
14,21,10.44030650891055,0.004699124265468923,-0.00020960678847781883,-0.0007088791044775507
14,22,10.198039027185569,0.004882906189206683,-0.00015062569584844586,-0.0007637882339481504
14,23,10.04987562112089,0.005000375657165814,-7.898834309986742e-05,-0.0008005869088011553
14,24,10.0,0.0050408828754064175,-5.9536134299018745e-08,-0.0008135981464187751
14,25,10.04987562112089,0.0050004947294344125,7.887003589717367e-05,-0.000800592629891498
14,26,10.198039027185569,0.00488314280361207,0.00015050967856399542,-0.0007637996026106882
14,27,10.44030650891055,0.004699475372306422,0.00020949456950377244,-0.0007088959741851511
14,28,10.770329614269007,0.004464153664604525,0.00025327957206380336,-0.0006429315185728546
14,29,11.180339887498949,0.004192916228178815,0.0002819069047692293,-0.0005724914070223235
14,30,11.661903789690601,0.0039003398550660666,0.0002971663966406062,-0.000502683680510083
14,31,12.206555615733702,0.0035985834348976026,0.0003016837729481721,-0.0004368916002298129
14,32,12.806248474865697,0.0032969723091697224,0.0002982271101783199,-0.00037698424766932615
14,33,13.45362404707371,0.0030021292145409628,0.0002892969762606232,-0.00032370172593466505
14,34,14.142135623730951,0.002718378356648476,0.00027694853937945685,-0.0002770410023946253
14,35,14.866068747318506,0.002448232135782049,0.00026276274791728186,-0.00023656660302977315
14,36,15.620499351813308,0.0021928528608139122,0.0002478951572353421,-0.00020163045567930088
14,37,16.401219466856727,0.001952441821311365,0.00023315441517313227,-0.00017151286783806592
14,38,17.204650534085253,0.0017265440304676477,0.00021908341475314146,-0.00014550476920085229
14,39,18.027756377319946,0.001514274991805082,0.0002060306043476539,-0.00012295026157323598
14,40,18.867962264113206,0.00131448282177234,0.00019420742741891564,-0.00010326429082479626
14,41,19.72308292331602,0.0011258601369672507,0.00018373214373905628,-8.593579170878163e-05
14,42,20.591260281974,0.0009470185342942273,0.00017466204449625284,-7.052302221176635e-05
14,43,21.470910553583888,0.000776536047974745,0.00016701650239576987,-5.6645187558402644e-05
14,44,22.360679774997898,0.0006129855295026876,0.0001607931158834657,-4.3972706401989344e-05
14,45,23.259406699226016,0.00045494981620781364,0.00015597880512136243,-3.22173651442013e-05
14,46,24.166091947189145,0.00030102791925996274,0.00015255728549923953,-2.1122934991001227e-05
14,47,25.079872407968907,0.00014983524520933454,0.00015051395962998137,-1.0456434458693193e-05
14,48,26.0,0.0,7.491762260466727e-05,-0.0
15,0,25.632011235952593,0.0,-7.99615153886556e-05,-0.0
15,1,24.698178070456937,0.0001599230307773112,-0.00016071890115115423,-1.0019347586804486e-05
15,2,23.769728648009426,0.00032143780230230846,-0.00016310979673637147,-2.026141020206127e-05
15,3,22.847319317591726,0.00048614262425005416,-0.0001671138256027866,-3.095775299712748e-05
15,4,21.93171219946131,0.0006556654535078817,-0.0001727671159757018,-4.23588053680601e-05
15,5,21.02379604162864,0.0008316768562014578,-0.00018011727212485204,-5.4744433840692825e-05
15,6,20.12461179749811,0.0010158999977575858,-0.00018921950588164454,-6.843584602915037e-05
15,7,19.235384061671343,0.0012101158679647468,-0.00020013026901567776,-8.380925192446871e-05
15,8,18.35755975068582,0.0014161605357889413,-0.00021289705254429626,-0.00010131151708153848
15,9,17.4928556845359,0.0016359099730533394,-0.00022754240882244287,-0.00012147780837128174
15,10,16.64331697709324,0.001871245353433827,-0.00024403936606768087,-0.0001449505700244941
15,11,15.811388300841896,0.002123988705188701,-0.00026227439515471825,-0.0001724980374455305
15,12,15.0,0.0023957941437432635,-0.0002819928624349815,-0.00020502834973707448
15,13,14.212670403551895,0.002687974430058664,-0.00030272103028599695,-0.00024359169063411655
15,14,13.45362404707371,0.0030012362043152574,-0.00032365881925789817,-0.0002893569737648285
15,15,12.727922061357855,0.0033352920685744605,-0.00034354070136776815,-0.00034354070136308396
15,16,12.041594578792296,0.0036883176070507937,-0.00036047142505818983,-0.0004072537629788986
15,17,11.40175425099138,0.00405623491869084,-0.00037176400347686974,-0.000481219432781837
15,18,10.816653826391969,0.004431845614004533,-0.00037384553765637107,-0.00056531071365141
15,19,10.295630140987,0.004803925994003582,-0.00036235438056324894,-0.0006578764773575848
15,20,9.848857801796104,0.005156554375131031,-0.00033261602252998654,-0.0007549084645100896
15,21,9.486832980505138,0.005469158039063555,-0.0002807017336912791,-0.0008492900023806455
15,22,9.219544457292887,0.005717957842513589,-0.00020512804811618612,-0.0009306739593575859
15,23,9.055385138137417,0.005879414135295928,-0.00010880007314433785,-0.0009868216965404249
15,24,9.0,0.005935557988802265,-6.226296418720967e-08,-0.0010070278101241312
15,25,9.055385138137417,0.005879538661224302,0.00010867634741096787,-0.0009868268721604035
15,26,9.219544457292887,0.005718205293980329,0.00020500671710963012,-0.0009306842440722825
15,27,9.486832980505138,0.005469525227005042,0.0002805843750010766,-0.0008493052636587921
15,28,9.848857801796104,0.005157036543978176,0.00033250418532906455,-0.000754928504685835
15,29,10.295630140987,0.004804516856346913,0.00036224957460207017,-0.0006579010351123937
15,30,10.816653826391969,0.004432537394774036,0.0003737492224381725,-0.0005653394658492097
15,31,11.40175425099138,0.004057018411470568,0.0003716775775474933,-0.0004812519967456665
15,32,12.041594578792296,0.0036891822396790492,0.0003603962160313495,-0.0004072896993508918
15,33,12.727922061357855,0.0033362259794078686,0.0003434779559144108,-0.000343579517097831
15,34,13.45362404707371,0.0030022263278502276,0.0003236096940572818,-0.00028939812584759445
15,35,14.212670403551895,0.002689006591293305,0.00030268658302580616,-0.00024363458993877248
15,36,15.0,0.0023968531617986153,0.0002819740440585033,-0.00020507236523176274
15,37,15.811388300841896,0.0021250585031762984,0.0002622720416466729,-0.00017254250104803306
15,38,16.64331697709324,0.0018723090785052695,0.00024405419289944637,-0.00014499478117113013
15,39,17.4928556845359,0.0016369501173774056,0.0002275750029100223,-0.00012152103944848883
15,40,18.35755975068582,0.001417159072685225,0.00021294786969040585,-0.00010135301892291964
15,41,19.235384061671343,0.001211054377996594,0.00020019962603985014,-8.384825871572276e-05
15,42,20.12461179749811,0.0010167598206055246,0.00018930758065390657,-6.847158266835168e-05
15,43,21.02379604162864,0.0008324392166887808,0.00018022409728168178,-5.4776119310543736e-05
15,44,21.93171219946131,0.0006563116260421611,0.00017289257977185518,-4.238566219814038e-05
15,45,22.847319317591726,0.0004866540571450704,0.00016725766939025728,-3.0979009277043315e-05
15,46,23.769728648009426,0.0003217962872616465,0.0001632716148945504,-2.0276309919985515e-05
15,47,24.698178070456937,0.00016011082735596963,0.00016089814363082325,-1.002715286177809e-05
15,48,25.632011235952593,0.0,8.005541367798482e-05,-0.0
16,0,25.298221281347036,0.0,-8.484718302286751e-05,-0.0
16,1,24.351591323771842,0.00016969436604573503,-0.00017060397857109194,-9.4499684540531e-06
16,2,23.40939982143925,0.00034120795714218387,-0.00017334095923529392,-1.9129086290387216e-05
16,3,22.47220505424423,0.0005163762845163229,-0.00017793865642906862,-2.9277013125951468e-05
16,4,21.540659228538015,0.0006970852700003211,-0.00018445982761977717,-4.015577563537618e-05
16,5,20.615528128088304,0.0008852959397558772,-0.0001929913960797422,-5.206272792071054e-05
16,6,19.697715603592208,0.0010830680621598055,-0.00020364264546793472,-6.534577031017575e-05
16,7,18.788294228055936,0.0012925812306917466,-0.00021654149472975846,-8.04216808110395e-05
16,8,17.88854381999832,0.0015161510516193224,-0.00023182739280319957,-9.779854828197447e-05
16,9,17.0,0.0017562360162981458,-0.00024963849017672186,-0.00011810319585315438
16,10,16.1245154965971,0.002015428031972766,-0.00027008946670687946,-0.00014211425557087765
16,11,15.264337522473747,0.0022964149497119047,-0.00029323444507573285,-0.0001708006693336879
16,12,14.422205101855956,0.002601896922124232,-0.00031900680477998456,-0.00020536347178526284
16,13,13.601470508735444,0.002934428559271874,-0.000347124310527896,-0.00024727464011940065
16,14,12.806248474865697,0.003296145543180024,-0.0003769445238874232,-0.0002982990254404346
16,15,12.041594578792296,0.00368831760704672,-0.00040725376297421137,-0.00036047142506305963
16,16,11.313708498984761,0.004110653069128447,-0.0004359777568644116,-0.0004359777568598447
16,17,10.63014581273465,0.004560273120775543,-0.00045982336448946795,-0.0005268552179369022
16,18,10.0,0.0050302997981073825,-0.00047391553834257765,-0.0006343858743815948
16,19,9.433981132056603,0.005508104197460699,-0.0004716048715819208,-0.0007580350914443193
16,20,8.94427190999916,0.005973509541271224,-0.0004448000363847576,-0.000893846956062688
16,21,8.54400374531753,0.006397704270230214,-0.0003853722833253152,-0.0010324888778121422
16,22,8.246211251235321,0.0067442541079218545,-0.0002881573900082252,-0.0011578191628666083
16,23,8.06225774829855,0.006974019050246664,-0.00015534219386641266,-0.0012479356927705188
16,24,8.0,0.00705493849565468,-6.471175427761808e-08,-0.0012812865582621392
16,25,8.06225774829855,0.006974148473755219,0.00015521360194902228,-0.0012479403031003217
16,26,8.246211251235321,0.006744511291756635,0.00028803128706560675,-0.0011578283242954378
16,27,8.54400374531753,0.006398085899624006,0.00038525030889022,-0.001032502472234951
16,28,8.94427190999916,0.005974010673976195,0.0004446838006102018,-0.0008938648074568222
16,29,9.433981132056603,0.005508718298403602,0.00047149594360585464,-0.0007580569669924388
16,30,10.0,0.005031018786764486,0.00047381543500733337,-0.000634411486249624
16,31,10.63014581273465,0.0045610874283889356,0.00045973353944649,-0.0005268842252746432
16,32,11.313708498984761,0.004111551707871506,0.0004358995898261554,-0.0004360097682327736
16,33,12.041594578792296,0.003689288248736625,0.00040718854976392054,-0.0003605060013494707
16,34,12.806248474865697,0.003297174608343665,0.0003768934665385154,-0.0002983356828846549
16,35,13.601470508735444,0.002935501315659594,0.0003470885085331136,-0.000247312853935333
16,36,14.422205101855956,0.0026029975912774377,0.0003189872461260815,-0.00020540267992779455
16,37,15.264337522473747,0.002297526823407431,0.0002932319992337649,-0.00017084027659481932
16,38,16.1245154965971,0.002016533592809908,0.0002701048763526857,-0.00014215363794620336
16,39,17.0,0.0017573170707020597,0.0002496723665958644,-0.00011814170532340059
16,40,17.88854381999832,0.0015171888596181792,0.00023188020815168172,-9.783551708051805e-05
16,41,18.788294228055936,0.0012935566543986962,0.00021661357999362425,-8.045642760190009e-05
16,42,19.697715603592208,0.0010839616996309307,0.00020373418390143185,-6.537760334592631e-05
16,43,20.615528128088304,0.0008860882865958325,0.00019310242286598117,-5.209095322551553e-05
16,44,21.540659228538015,0.0006977568538989684,0.00018459022591696612,-4.0179698600993944e-05
16,45,22.47220505424423,0.0005169078347619003,0.0001780881573995173,-2.9295948316457164e-05
16,46,23.40939982143925,0.00034158053909993377,0.00017350914191450477,-1.9142358231193557e-05
16,47,24.351591323771842,0.00016988955093289072,0.00017079026954996688,-9.456921509535453e-06
16,48,25.298221281347036,0.0,8.494477546644536e-05,-0.0
17,0,25.0,0.0,-8.94114838427087e-05,-0.0
17,1,24.041630560342615,0.0001788229676854174,-0.00017984798744154144,-8.730403495706552e-06
17,2,23.08679276123039,0.0003596959748830829,-0.00018293684140826985,-1.768952027044184e-05
17,3,22.135943621178654,0.0005446966505019571,-0.00018814051494777558,-2.7117899867073222e-05
17,4,21.18962010041709,0.000735977004778634,-0.00019555283077046088,-3.7281266170535385e-05
17,5,20.248456731316587,0.0009358023120428789,-0.0002053072667996516,-4.848558368489113e-05
17,6,19.313207915827967,0.0011465915383779373,-0.0002175784587719735,-6.10953154491573e-05
17,7,18.384776310850235,0.0013709592295868258,-0.00023258304698747648,-7.55563977320275e-05
17,8,17.46424919657298,0.0016117576323528902,-0.00025057856758641114,-9.242575604779244e-05
17,9,16.55294535724685,0.001872116364759648,-0.00027185811611134605,-0.0001124096851827229
17,10,15.652475842498529,0.0021554738645755823,-0.0002967368395482144,-0.00013641376364600553
17,11,14.7648230602334,0.002465590043856077,-0.00032552361136910343,-0.000165607146681544
17,12,13.892443989449804,0.002806521087313789,-0.00035846683322069426,-0.00020150332259727898
17,13,13.038404810405298,0.0031825237102974654,-0.00039565658394116873,-0.00024605662930018046
17,14,12.206555615733702,0.0035978342551961267,-0.00043685560420155716,-0.00030176641382369945
17,15,11.40175425099138,0.00405623491870058,-0.00048121943278717823,-0.0003717640034709372
17,16,10.63014581273465,0.004560273120770483,-0.0005268552179320323,-0.000459823364494699
17,17,9.899494936611665,0.005109945354564644,-0.0005701721209986198,-0.0005701721209935306
17,18,9.219544457292887,0.005700617362767723,-0.0006050254111637883,-0.0007068725371109814
17,19,8.602325267042627,0.006319996176892221,-0.0006218154622443422,-0.0008723961696816239
17,20,8.06225774829855,0.006944248287256407,-0.0006070698088978094,-0.0010649054598106545
17,21,7.615773105863909,0.00753413579468784,-0.0005446739404951994,-0.0012739451170837293
17,22,7.280109889280518,0.008033596168246806,-0.0004205748630745627,-0.0014753617930022083
17,23,7.0710678118654755,0.008375285520836965,-0.00023226746853986877,-0.001629220561044779
17,24,7.0,0.008498131105326543,-6.687329399002878e-08,-0.0016889528134817144
17,25,7.0710678118654755,0.008375419267424945,0.00023213458137766926,-0.0016292245887980475
17,26,7.280109889280518,0.008033861942571205,0.00042044454797500073,-0.0014753697967278896
17,27,7.615773105863909,0.007534530171474944,0.0005445478918396922,-0.0012739569936632967
17,28,8.06225774829855,0.0069447661588918205,0.0006069496905715768,-0.0010649210553893428
17,29,8.602325267042627,0.00632063079033179,0.0006217028958092684,-0.0008724152809324792
17,30,9.219544457292887,0.005701360367273284,0.0006049219641559682,-0.0007068949125249649
17,31,9.899494936611665,0.005110786862019854,0.0005700792955643436,-0.0005701974628041988
17,32,10.63014581273465,0.0045612017761445965,0.000526774439956522,-0.0004598513307558683
17,33,11.40175425099138,0.00405723798210681,0.0004811520412625295,-0.0003717942105004573
17,34,12.206555615733702,0.0035988976936195374,0.0004368028414714195,-0.0003017984390529507
17,35,13.038404810405298,0.003183632299163971,0.0003956195859826665,-0.0002460900142103484
17,36,13.892443989449804,0.0028076585216542044,0.000358446621399017,-0.00020153757620409063
17,37,14.7648230602334,0.002466739056365937,0.0003255210836282641,-0.0001656417489333895
17,38,15.652475842498529,0.0021566163543976762,0.0002967527641708651,-0.00013644816953128284
17,39,16.55294535724685,0.0018732335280242068,0.0002718931237757076,-0.00011244332825297671
17,40,17.46424919657298,0.001612830106846261,0.00025063314741190636,-9.24580535145911e-05
17,41,18.384776310850235,0.001371967233200394,0.00023265753977444188,-7.558675339389587e-05
17,42,19.313207915827967,0.0011475150272973772,0.00021767305503029113,-6.112312634294983e-05
17,43,20.248456731316587,0.0009366211231398118,0.00020542200202661415,-4.851024177282895e-05
17,44,21.18962010041709,0.000736671023244149,0.00019568758468091355,-3.730216666144524e-05
17,45,22.135943621178654,0.0005452459537779847,0.00018829500976005767,-2.7134441767946444e-05
17,46,23.08679276123039,0.0003600810037240336,0.0001831106417014721,-1.7701115563145057e-05
17,47,24.041630560342615,0.00017902467037504054,0.0001800405018620168,-8.736477518827274e-06
17,48,25.0,0.0,8.951233518752027e-05,-0.0
18,0,24.73863375370596,0.0,-9.357758651857407e-05,-0.0
18,1,23.769728648009426,0.00018715517303714813,-0.00018829349884153378,-7.856649403222536e-06
18,2,22.80350850198276,0.00037658699768306755,-0.00019172845560666058,-1.5933496295893282e-05
18,3,21.840329667841555,0.0005706120842504693,-0.00019753040232916216,-2.446333482700847e-05
18,4,20.8806130178211,0.0007716478023413919,-0.00020582751143759508,-3.3705809106669715e-05
18,5,19.924858845171276,0.0009822671071256595,-0.0002168054453583641,-4.39639056999025e-05
18,6,18.973665961010276,0.00120525869305812,-0.00023071345951507108,-5.560456850288323e-05
18,7,18.027756377319946,0.0014436940261558016,-0.0002478719353283936,-6.908552756966209e-05
18,8,17.08800749063506,0.0017010025637149073,-0.00026868068025389497,-8.499125224622789e-05
18,9,16.15549442140351,0.0019810553866635916,-0.00029362649777493494,-0.00010408197388268859
18,10,15.231546211727817,0.002288255559264777,-0.00032328692820570055,-0.00012736126345053644
18,11,14.317821063276353,0.0026276292430749927,-0.0003583240040270063,-0.00015616949559932292
18,12,13.416407864998739,0.0030049035673187898,-0.00039945628739862103,-0.00019231261104531074
18,13,12.529964086141668,0.0034265418178722347,-0.0004473874017543165,-0.00023823688083798845
18,14,11.661903789690601,0.0038996783708274228,-0.0005026518980581799,-0.00029725849376116727
18,15,10.816653826391969,0.004431845613988595,-0.0005653107136452109,-0.000373845537661436
18,16,10.0,0.005030299798117845,-0.000634385874387005,-0.0004739155383380487
18,17,9.219544457292887,0.0057006173627626045,-0.0007068725371057504,-0.000605025411168201
18,18,8.48528137423857,0.006444044872329345,-0.0007761395870306709,-0.0007761395870261633
18,19,7.810249675906654,0.007252896536823946,-0.0008296377942815939,-0.0009962886255957303
18,20,7.211102550927978,0.008103320460892533,-0.000846348983786863,-0.0012708269168598759
18,21,6.708203932499369,0.008945594504397672,-0.000795828616516869,-0.001593392217491677
18,22,6.324555320336759,0.009694977693926271,-0.0006434328339692749,-0.001932296704624751
18,23,6.082762530298219,0.010232460172336222,-0.0003689332143459187,-0.0022155898600328032
18,24,6.0,0.010432844122618109,-6.873950754611446e-08,-0.002335551523540264
18,25,6.082762530298219,0.010232597651351314,0.000368796618702847,-0.002215593290451748
18,26,6.324555320336759,0.009695250885212415,0.0006432988822003575,-0.0019323035213963027
18,27,6.708203932499369,0.0089459998869506,0.0007956990502287669,-0.0015934023327257361
18,28,7.211102550927978,0.00810385278475488,0.0008462255133410194,-0.0012708401996003138
18,29,7.810249675906654,0.007253548860268561,0.0008295220864702325,-0.000996304902586411
18,30,8.48528137423857,0.006444808611814416,0.0007760332531356138,-0.0007761586441254564
18,31,9.219544457292887,0.005701482353997333,0.0007067771212155866,-0.0006050469947299934
18,32,10.0,0.0050312543693832425,0.0006343028421298968,-0.00047393935713100754
18,33,10.816653826391969,0.004432876669737539,0.0005652414414668381,-0.00037387126493587143
18,34,11.661903789690601,0.0039007714864495663,0.0005025976628286243,-0.0002972857695565606
18,35,12.529964086141668,0.003427681344080291,0.00044734937138197367,-0.0002382653147179291
18,36,13.416407864998739,0.003006072743685619,0.0003994355114030404,-0.00019234178472823677
18,37,14.317821063276353,0.00262881032127421,0.00035832140590657266,-0.00015619896632249877
18,38,15.231546211727817,0.0022894299318724737,0.00032330329703309847,-0.00012739056676490043
18,39,16.15549442140351,0.001982203727208013,0.00029366248261255613,-0.00010411062777510949
18,40,17.08800749063506,0.0017021049666473614,0.00026873678301076256,-8.501875968895233e-05
18,41,18.027756377319946,0.001444730161186488,0.0002479485071652655,-6.911138174499961e-05
18,42,18.973665961010276,0.0012062079523168304,0.00023081069552249877,-5.562825457852748e-05
18,43,19.924858845171276,0.0009831087701414904,0.00021692338254748576,-4.398490740308437e-05
18,44,20.8806130178211,0.0007723611872218588,0.00020596602592184862,-3.372360951974185e-05
18,45,21.840329667841555,0.0005711767182977932,0.00019768920849781748,-2.4477424015258414e-05
18,46,22.80350850198276,0.0003769827702262239,0.00019190710616362396,-1.5943371555860873e-05
18,47,23.769728648009426,0.00018736250597054527,0.00018849138511311194,-7.861823067350737e-06
18,48,24.73863375370596,0.0,9.368125298527264e-05,-0.0
19,0,24.515301344262525,0.0,-9.726813324593123e-05,-0.0
19,1,23.53720459187964,0.00019453626649186247,-0.00019578148373743473,-6.8310641468054105e-06
19,2,22.561028345356956,0.00039156296747486945,-0.0001995435268320558,-1.3864917785405036e-05
19,3,21.587033144922902,0.000593623320155974,-0.000205912827758552,-2.1316961942197024e-05
19,4,20.615528128088304,0.0008033886229919735,-0.0002150534016433549,-2.9429521647417298e-05
19,5,19.6468827043885,0.0010237301234426838,-0.00022720602619586512,-3.848879878251858e-05
19,6,18.681541692269406,0.0012578006753837037,-0.00024270008064173308,-4.8846567279516614e-05
19,7,17.72004514666935,0.00150913028472615,-0.00026196973073082115,-6.094929027025578e-05
19,8,16.76305461424021,0.001781740136845346,-0.00028557501389943763,-7.537846455702357e-05
19,9,15.811388300841896,0.0020802803125250253,-0.0003142281273156546,-9.290787889345968e-05
19,10,14.866068747318506,0.002410196391476655,-0.00034882436126484873,-0.0001145862720981594
19,11,13.92838827718412,0.0027779290350547227,-0.00039047495896387774,-0.00014185823961397875
19,12,13.0,0.0031911463094044107,-0.0004405342184593598,-0.00017674264395343931
19,13,12.083045973594572,0.0036589974719734423,-0.0005006024666570253,-0.00022209691231462963
19,14,11.180339887498949,0.004192351242718461,-0.0005724642610250047,-0.0002820071207245518
19,15,10.295630140987,0.004803925994023452,-0.0006578764773640597,-0.0003623543805616274
19,16,9.433981132056603,0.0055081041974465806,-0.0007580350914387973,-0.0004716048715837813
19,17,8.602325267042627,0.006319996176901046,-0.0008723961696867344,-0.0006218154622420636
19,18,7.810249675906654,0.007252896536820049,-0.0009962886255913176,-0.0008296377942843399
19,19,7.0710678118654755,0.008312573428083682,-0.0011165027920780547,-0.0011165027920750853
19,20,6.4031242374328485,0.009485902120976159,-0.001204173400793756,-0.0015056996402503346
19,21,5.830951894845301,0.010720920229671194,-0.0012061437282600744,-0.0020110809927359075
19,22,5.385164807134504,0.011898189577496308,-0.001042772505615689,-0.0026079903096514713
19,23,5.0990195135927845,0.012806465240902572,-0.0006355222874553819,-0.0031786598676924556
19,24,5.0,0.013169234152407071,-7.030371293459403e-08,-0.0034619997207888447
19,25,5.0990195135927845,0.012806605848328441,0.0006353825835216306,-0.0031786626886760915
19,26,5.385164807134504,0.01189846898536381,0.0010426355057010124,-0.0026079959153504795
19,27,5.830951894845301,0.010721334836926416,0.001206011213635681,-0.0020110893109314574
19,28,6.4031242374328485,0.009486446558092448,0.001204047120710902,-0.0015057105631777375
19,29,7.0710678118654755,0.008313240595504612,0.0011163844512841257,-0.0011165161773380723
19,30,7.810249675906654,0.007253677655524197,0.0009961798720123857,-0.0008296534657142971
19,31,8.602325267042627,0.006320880851479841,0.0008722985825587925,-0.000621833211305713
19,32,9.433981132056603,0.0055090804904066116,0.000757950169750644,-0.0004716244587694893
19,33,10.295630140987,0.004804980511978553,0.0006578056288369764,-0.0003623755371542541
19,34,11.180339887498949,0.004193469232732659,0.0005724087916893618,-0.0002820295507667903
19,35,12.083045973594572,0.003660162928599829,0.0005005635708109904,-0.000222120294640785
19,36,13.0,0.003192342091110678,0.00044051296979444733,-0.00017676663473627252
19,37,13.92838827718412,0.0027791369890109345,0.00039047230159160043,-0.0001418824745393467
19,38,14.866068747318506,0.002411397487927477,0.0003488411027182544,-0.00011461036954359387
19,39,15.811388300841896,0.0020814547835744258,0.0003142649308516557,-9.293144202238797e-05
19,40,16.76305461424021,0.0017828676262241657,0.00028563239344201624,-7.540108528792972e-05
19,41,17.72004514666935,0.0015101899966903933,0.00026204804488486673,-6.097055095876606e-05
19,42,18.681541692269406,0.0012587715364544322,0.00024279952937220637,-4.8866045657116166e-05
19,43,19.6468827043885,0.0010245909379459806,0.00022732664708539977,-3.850606898564489e-05
19,44,20.615528128088304,0.0008041182422836327,0.0002151950680687395,-2.9444160059362463e-05
19,45,21.587033144922902,0.0005942008018085016,0.00020607524772393865,-2.1328547678950026e-05
19,46,22.561028345356956,0.00039196774683575536,0.00019972624264937976,-1.3873038969202018e-05
19,47,23.53720459187964,0.000194748316509742,0.00019598387341787768,-6.835318288884911e-06
19,48,24.515301344262525,0.0,9.7374158254871e-05,-0.0
20,0,24.331050121192877,0.0,-0.00010040865066537948,-0.0
20,1,23.345235059857504,0.00020081730133075895,-0.0002021584166269388,-5.663125127537092e-06
20,2,22.360679774997898,0.0004043168332538776,-0.0002062143534020522,-1.1502519241210181e-05
20,3,21.37755832643195,0.0006132460081348634,-0.00021309500619117442,-1.770617262275624e-05
20,4,20.396078054371138,0.0008305068456362265,-0.00022299934827791664,-2.4487165086114386e-05
20,5,19.4164878389476,0.0010592447046906966,-0.00023622249099046342,-3.2099772557172266e-05
20,6,18.439088914585774,0.0013029518276171533,-0.0002531739510028083,-4.086053539951052e-05
20,7,17.46424919657298,0.0015655926066963132,-0.00027440383260590056,-5.1177213686330906e-05
20,8,16.492422502470642,0.0018517594928289544,-0.00030063926887709887,-6.359007552890462e-05
20,9,15.524174696260024,0.002166871144450511,-0.00033283430531607077,-7.883240210118984e-05
20,10,14.560219778561036,0.002517428103461096,-0.0003722372889262196,-9.79212275345892e-05
20,11,13.601470508735444,0.00291134572230295,-0.0004204803758822862,-0.00012229618075625896
20,12,12.649110640673518,0.0033583888552256684,-0.0004796949600992719,-0.0001540359134329062
20,13,11.704699910719626,0.003870735642501494,-0.000552651878525429,-0.0001962011790793345
20,14,10.770329614269007,0.004463692612276526,-0.0006429093663051777,-0.000253386511366424
20,15,9.848857801796104,0.005156554375111849,-0.0007549084645044404,-0.00033261602252671225
20,16,8.94427190999916,0.005973509541285407,-0.0008938469560674412,-0.00044480003638679546
20,17,8.06225774829855,0.006944248287246732,-0.001064905459806309,-0.0006070698088969408
20,18,7.211102550927978,0.008103320460898025,-0.0012708269168636927,-0.0008463489837866969
20,19,6.4031242374328485,0.009485902120974117,-0.0015056996402475886,-0.0012041734007946355
20,20,5.656854249492381,0.011114719741393202,-0.0017409271844476852,-0.0017409271844465533
20,21,5.0,0.012967756489869487,-0.0018981192859180056,-0.002531112162984347
20,22,4.47213595499958,0.014910958313229214,-0.001811011708925823,-0.00362248302152411
20,23,4.123105625617661,0.016589779907721133,-0.0012229426254832922,-0.0048922189894816046
20,24,4.0,0.017356843564195798,-7.156049118203778e-08,-0.005721809541915085
20,25,4.123105625617661,0.016589923028703497,0.0012228004241412122,-0.0048922211915534836
20,26,4.47213595499958,0.014911242715913374,0.0018108722599449916,-0.0036224873973793436
20,27,5.0,0.012968178508813514,0.001897984402401509,-0.00253111865620605
20,28,5.656854249492381,0.011115273911110356,0.0017407986469344045,-0.0017409357109696069
20,29,6.4031242374328485,0.009486581214944705,0.001505579183933673,-0.0012041838494007001
20,30,7.211102550927978,0.00810411554324301,0.0012707162191679731,-0.0008463612170176928
20,31,8.06225774829855,0.006945148776608759,0.0010648061281603944,-0.0006070836639227345
20,32,8.94427190999916,0.005974503286922221,0.0008937605162813557,-0.0004448153262697429
20,33,9.848857801796104,0.0051576277440460476,0.0007548363494695371,-0.00033263253750851537
20,34,10.770329614269007,0.004464830587983147,0.0006428529053420934,-0.0002534040203827836
20,35,11.704699910719626,0.003871921933361861,0.0005526122874124914,-0.0001962194315079061
20,36,12.649110640673518,0.003359606013158164,0.0004796733315044787,-0.0001540546407443012
20,37,13.601470508735444,0.0029125752703529034,0.0004204776710992513,-0.0001223150987698777
20,38,14.560219778561036,0.0025186506709596614,0.0003722543295500572,-9.794003805722786e-05
20,39,15.524174696260024,0.002168066611252789,0.0003328717668682203,-7.885079577091801e-05
20,40,16.492422502470642,0.0018529071372232208,0.00030069767407438447,-6.360773324565444e-05
20,41,17.46424919657298,0.00156667126310402,0.00027448354679607907,-5.119381013427525e-05
20,42,18.439088914585774,0.0013039400436310627,0.00025327517749561994,-4.087574010301989e-05
20,43,19.4164878389476,0.0010601209081127802,0.00023634526814523947,-3.211325406327146e-05
20,44,20.396078054371138,0.0008312495073405838,0.0002231435472285435,-2.4498591648281387e-05
20,45,21.37755832643195,0.0006138338136556932,0.00021326032958797792,-1.771521680420308e-05
20,46,22.360679774997898,0.0004047288481646279,0.00020640033555368906,-1.1508858443208227e-05
20,47,23.345235059857504,0.0002010331425483151,0.00020236442408231396,-5.666446221999248e-06
20,48,24.331050121192877,0.0,0.00010051657127415755,-0.0
21,0,24.186773244895647,0.0,-0.00010293125837346833,-0.0
21,1,23.194827009486403,0.00020586251674693665,-0.0002072840029786449,-4.369715243535119e-06
21,2,22.20360331117452,0.0004145680059572898,-0.00021158657432727494,-8.880551996938267e-06
21,3,21.213203435596427,0.0006290356654014865,-0.00021889747360345622,-1.3683519535605683e-05
21,4,20.223748416156685,0.0008523629531642023,-0.00022944700157777093,-1.8950824179590677e-05
21,5,19.235384061671343,0.0010879296685570284,-0.00024357939650926125,-2.4889706196033236e-05
21,6,18.24828759089466,0.0013395217461827248,-0.0002617775217708917,-3.1760828324994134e-05
21,7,17.26267650163207,0.0016114847120988118,-0.00028469927086021524,-3.990405943614069e-05
21,8,16.278820596099706,0.0019089202879031552,-0.00031323020231429656,-4.9776053551830036e-05
21,9,15.297058540778355,0.002237945116727405,-0.0003485592793213392,-6.200676808747587e-05
21,10,14.317821063276353,0.0026060388465458336,-0.00039228813991991785,-7.74868072349682e-05
21,11,13.341664064126334,0.0030225213965672407,-0.00044658964486219473,-9.750598480230384e-05
21,12,12.36931687685298,0.003499218136270223,-0.0005144392167824353,-0.00012397897409028528
21,13,11.40175425099138,0.004051399830132111,-0.0005999530645905431,-0.00015982286605363853
21,14,10.44030650891055,0.004699124265451309,-0.0007088791044723825,-0.00020960678846777565
21,15,9.486832980505138,0.005469158039076876,-0.0008492900023844311,-0.0002807017336990468
21,16,8.54400374531753,0.0063977042702201715,-0.0010324888778090258,-0.00038537228331952554
21,17,7.615773105863909,0.007534135794694928,-0.0012739451170866358,-0.0005446739404992304
21,18,6.708203932499369,0.008945594504393443,-0.0015933922174890124,-0.0007958286165143449
21,19,5.830951894845301,0.010720920229672953,-0.002011080992737911,-0.0012061437282614414
21,20,5.0,0.012967756489869265,-0.0025311121629834673,-0.0018981192859173325
21,21,4.242640687119285,0.015783144555639887,-0.003087699565337631,-0.0030876995653380907
21,22,3.605551275463989,0.019143155620544527,-0.003403879332112947,-0.0051059484949714734
21,23,3.1622776601683795,0.02259090321986578,-0.0027348488078463573,-0.008204666184731021
21,24,3.0,0.024612853236237242,-7.250578481360348e-08,-0.011299983155963218
21,25,3.1622776601683795,0.022591048231435408,0.0027347047280573723,-0.008204667761129245
21,26,3.605551275463989,0.019143443780122497,0.003403738041048446,-0.005105951627503759
21,27,4.242640687119285,0.015783572149338516,0.003087562900045418,-0.0030877042136426116
21,28,5.0,0.012968317980031662,0.002530981927516252,-0.0018981253897801462
21,29,5.830951894845301,0.010721608294306012,0.00201095894523604,-0.0012061512081047755
21,30,6.708203932499369,0.008946400089559582,0.0015932800574903513,-0.0007958373738956633
21,31,7.615773105863909,0.00753504817932531,0.0012738444733067424,-0.0005446838588895535
21,32,8.54400374531753,0.006398711142946097,0.001032401296164863,-0.0003853832288712605
21,33,9.486832980505138,0.0054702455869955835,0.0008492169347239357,-0.0002807135562594219
21,34,10.44030650891055,0.004700277273498226,0.0007088218976899711,-0.0002096193226448699
21,35,11.40175425099138,0.004052601791615641,0.0005999129504494728,-0.00015983593237929822
21,36,12.36931687685298,0.0035004513725992803,0.0005144173025324757,-0.00012399238043472047
21,37,13.341664064126334,0.00302376718655069,0.00044658690427867376,-9.751952756811106e-05
21,38,14.317821063276353,0.002607277564041933,0.0003923054057172141,-7.750027318874407e-05
21,39,15.297058540778355,0.002239156375116262,0.00034859723566322913,-6.201993544776804e-05
21,40,16.278820596099706,0.0019100830927154745,0.000313289379078659,-4.9788694296020136e-05
21,41,17.26267650163207,0.0016125776169589438,0.0002847800380275013,-3.991594017600634e-05
21,42,18.24828759089466,0.001340523016660472,0.00026188008544321016,-3.17717130715212e-05
21,43,19.235384061671343,0.0010888174460725235,0.00024370379554013828,-2.4899357018643483e-05
21,44,20.223748416156685,0.0008531154255801954,0.00022959310532780789,-1.895900428229363e-05
21,45,21.213203435596427,0.0006296312354169077,0.0002190649809290118,-1.3689993815784926e-05
21,46,22.20360331117452,0.0004149854637221718,0.00021177501323158362,-8.88509019208238e-06
21,47,23.194827009486403,0.0002060812089537405,0.0002074927318610859,-4.372092534578041e-06
21,48,24.186773244895647,0.0,0.00010304060447687025,-0.0
22,0,24.08318915758459,0.0,-0.0001047783659089146,-0.0
22,1,23.08679276123039,0.0002095567318178292,-0.00021103896862387708,-2.974790602788737e-06
22,2,22.090722034374522,0.00042207793724775416,-0.00021552815769412278,-6.048189213049451e-06
22,3,21.095023109728988,0.0006406130472060747,-0.00022316527837382683,-9.325977431091383e-06
22,4,20.09975124224178,0.0008684084939954078,-0.0002342055349383442,-1.292933282217131e-05
22,5,19.1049731745428,0.001109024117082763,-0.0002490324951358669,-1.7004994935180618e-05
22,6,18.110770276274835,0.0013664734842671416,-0.00026818830424291573,-2.173894733265068e-05
22,7,17.11724276862369,0.0016454007255685946,-0.00029241905783273646,-2.737586800797458e-05
22,8,16.1245154965971,0.0019513115999326145,-0.00032274197752843404,-3.424795123167627e-05
22,9,15.132745950421556,0.0022908846806254627,-0.00036054505899920893,-4.2819072070895406e-05
22,10,14.142135623730951,0.0026724017179310324,-0.0004077365056410476,-5.375458532991327e-05
22,11,13.152946437965905,0.003106357691907558,-0.0004669725427376033,-6.803506338394494e-05
22,12,12.165525060596439,0.003606346803406239,-0.0005420118413506066,-8.714773396290378e-05
22,13,11.180339887498949,0.004190381374608771,-0.0006382796929029193,-0.00011342024377709176
22,14,10.198039027185569,0.004882906189212078,-0.000763788233950586,-0.0001506256958611926
22,15,9.219544457292887,0.005717957842509943,-0.0009306739593561903,-0.0002051280481058914
22,16,8.246211251235321,0.006744254107924458,-0.0011578191628676248,-0.0002881573900163389
22,17,7.280109889280518,0.008033596168245193,-0.0014753617930011284,-0.00042057486306838884
22,18,6.324555320336759,0.009694977693926715,-0.0019322967046259036,-0.0006434328339737653
22,19,5.385164807134504,0.011898189577497,-0.002607990309650576,-0.00104277250561257
22,20,4.47213595499958,0.014910958313227867,-0.0036224830215243345,-0.0018110117089279601
22,21,3.605551275463989,0.01914315562054567,-0.0051059484949721465,-0.0034038793321113734
22,22,2.8284271247461903,0.02512285530317216,-0.006927978328318754,-0.006927978328320195
22,23,2.23606797749979,0.032999112277183176,-0.007416977286475036,-0.014833947543958226
22,24,2.0,0.03995680987612223,-7.313688940580043e-08,-0.02925942560566267
22,25,2.23606797749979,0.03299925855096199,0.007416831952600671,-0.014833948490609532
22,26,2.8284271247461903,0.025123145970920892,0.006927835807431625,-0.006927980209458579
22,27,3.605551275463989,0.019143586936098737,0.005105810640125122,-0.003403882123489901
22,28,4.47213595499958,0.014911524690670648,0.0036223516524722405,-0.0018110153744003493
22,29,5.385164807134504,0.011898883631154256,0.0026078671998181558,-0.001042776997374737
22,30,6.324555320336759,0.009695790291034337,0.0019321835683831952,-0.0006434380929286106
22,31,7.280109889280518,0.008034516494387866,0.0014752602731847972,-0.00042058081921851837
22,32,8.246211251235321,0.006745269744664742,0.0011577308189114873,-0.0002881639630021495
22,33,9.219544457292887,0.005719054856564891,0.0009306002556959277,-0.0002051351477474657
22,34,10.198039027185569,0.004884069233272887,0.0007637305292222171,-0.00015063322283510655
22,35,11.180339887498949,0.004191593798120457,0.0006382392296226409,-0.00011342809033542192
22,36,12.165525060596439,0.003607590774027605,0.0005419897363156659,-8.715578467061755e-05
22,37,13.152946437965905,0.0031076143254891255,0.0004669697783452277,-6.80431960779276e-05
22,38,14.142135623730951,0.0026736512173371496,0.0004077539216704002,-5.376267180841332e-05
22,39,15.132745950421556,0.002292106482148325,0.0003605833457609442,-4.282697935814204e-05
22,40,16.1245154965971,0.0019524845258152611,0.00032280166934614616,-3.425554213220519e-05
22,41,17.11724276862369,0.0016465031434560328,0.000292500528020578,-2.738300268212803e-05
22,42,18.110770276274835,0.001367483469774105,0.0002682917606529828,-2.174548371268795e-05
22,43,19.1049731745428,0.0011099196221500672,0.00024915797693446704,-1.701079051406591e-05
22,44,20.09975124224178,0.000869167515905171,0.00023435291043140204,-1.2934245020197852e-05
22,45,21.095023109728988,0.0006412138012872631,0.00022333424367818917,-9.329865434769345e-06
22,46,22.090722034374522,0.0004224990285487927,0.00021571823683489593,-6.0509143991789994e-06
22,47,23.08679276123039,0.00020977732761747118,0.00021124951427439634,-2.9762182960071996e-06
22,48,24.08318915758459,0.0,0.00010488866380873559,-0.0
23,0,24.020824298928627,0.0,-0.00010590604897625706,-0.0
23,1,23.021728866442675,0.00021181209795251413,-0.00021333219219169436,-1.5083954439460887e-06
23,2,22.02271554554524,0.0004266643843833887,-0.00021793776115557758,-3.067496982020251e-06
23,3,21.02379604162864,0.0006476876202636693,-0.00022577861721257808,-4.731793864244584e-06
23,4,20.024984394500787,0.0008782216188085449,-0.00023712601908186016,-6.563880410861034e-06
23,5,19.026297590440446,0.0011219396584273896,-0.0002523890110197406,-8.639848163868522e-06
23,6,18.027756377319946,0.0013829996408480261,-0.0002721483948436857,-1.1056594034989232e-05
23,7,17.029386365926403,0.001666236448114761,-0.00029720827475924084,-1.3942303051536634e-05
23,8,16.0312195418814,0.0019774161903665078,-0.0003286734063772174,-1.7472133500653062e-05
23,9,15.033296378372908,0.0023235832608691958,-0.0003680659134195762,-2.189253600776652e-05
23,10,14.035668847618199,0.00271354801720566,-0.0004175041312329674,-2.756021875496991e-05
23,11,13.038404810405298,0.0031585915233351305,-0.00047998279349518525,-3.5006722438031025e-05
23,12,12.041594578792296,0.0036735136041960307,-0.0005598243971755821,-4.504940494528555e-05
23,13,11.045361017187261,0.004278240317686295,-0.0006634310264888319,-5.899016068798904e-05
23,14,10.04987562112089,0.005000375657173694,-0.0008005869088011821,-7.898834308772435e-05
23,15,9.055385138137417,0.005879414135288659,-0.0009868216965395775,-0.00010880007315448382
23,16,8.06225774829855,0.006974019050252849,-0.0012479356927715232,-0.0001553421938580912
23,17,7.0710678118654755,0.008375285520831706,-0.0016292205610440621,-0.0002322674685465223
23,18,6.082762530298219,0.010232460172340974,-0.0022155898600331935,-0.00036893321434078395
23,19,5.0990195135927845,0.012806465240898093,-0.003178659867692106,-0.0006355222874592052
23,20,4.123105625617661,0.016589779907725186,-0.004892218989482271,-0.0012229426254805045
23,21,3.1622776601683795,0.022590903219862634,-0.008204666184729866,-0.00273484880784846
23,22,2.23606797749979,0.03299911227718492,-0.0148339475439598,-0.00741697728647327
23,23,1.4142135623730951,0.05225879830778223,-0.025066296085188833,-0.025066296085190523
23,24,1.0,0.08313170444756258,-7.345243611955876e-08,-0.10492078061906389
23,25,1.4142135623730951,0.05225894521265447,0.025066150124261465,-0.025066296400740616
23,26,2.23606797749979,0.032999404199039656,0.014833804408168077,-0.007416977913520226
23,27,3.1622776601683795,0.02259133639631832,0.008204527735103648,-0.0027348497383076088
23,28,4.123105625617661,0.01659034872883236,0.004892087053631416,-0.0012229438473059066
23,29,5.0990195135927845,0.012807162289055487,0.0031785362267077785,-0.0006355237847149309
23,30,6.082762530298219,0.010233276275416803,0.00221547623564657,-0.00036893496732675734
23,31,7.0710678118654755,0.008376209817762346,0.0016291186032332036,-0.00023226945393561849
23,32,8.06225774829855,0.006975039068950396,0.0012478469676359158,-0.00015534438485521667
23,33,9.055385138137417,0.005880515882490515,0.0009867476748909787,-0.00010880243971034525
23,34,10.04987562112089,0.005001543719168439,0.0008005289551020148,-7.899085208660627e-05
23,35,11.045361017187261,0.004279457972286485,0.0006633903886139618,-5.899277621345279e-05
23,36,12.041594578792296,0.0036747629419405154,0.00055980219678997,-4.505208853536032e-05
23,37,13.038404810405298,0.003159853578706545,0.000479980017140878,-3.500943333211966e-05
23,38,14.035668847618199,0.0027148029076587595,0.00041752162243699964,-2.7562914286766594e-05
23,39,15.033296378372908,0.002324810333832546,0.00036810436533943726,-2.1895171753561317e-05
23,40,16.0312195418814,0.001978594176979885,0.000328733355754673,-1.7474663854091235e-05
23,41,17.029386365926403,0.0016673436223231999,0.0002972900964470185,-1.3944681252168935e-05
23,42,18.027756377319946,0.0013840139840858479,0.0002722522976112723,-1.105877288396374e-05
23,43,19.026297590440446,0.0011228390271006553,0.0002525150342326284,-8.641780000500482e-06
23,44,20.024984394500787,0.0008789839156205911,0.00023727403040710445,-6.565517856432475e-06
23,45,21.02379604162864,0.0006482909662864464,0.00022594831155003066,-4.7330898470820146e-06
23,46,22.02271554554524,0.0004270872925205298,0.00021812866037034575,-3.0684054090388913e-06
23,47,23.021728866442675,0.0002120336455457549,0.0002135436462602649,-1.5088713204219683e-06
23,48,24.020824298928627,0.0,0.00010601682277287745,-0.0
24,0,24.0,0.0,-0.00010628676135286069,-0.0
24,1,23.0,0.00021257352270572137,-0.00021410646560589733,-5.046758976191444e-09
24,2,22.0,0.00042821293121179466,-0.00021875155611442127,-1.0050338476193634e-08
24,3,21.0,0.0006500766349345639,-0.00022666166180266762,-1.498952391788648e-08
24,4,20.0,0.0008815362548171299,-0.00023811358923796813,-1.9843475866220418e-08
24,5,19.0,0.0011263038134105001,-0.00025352520875999507,-2.4591763633481992e-08
24,6,18.0,0.00138858667233712,-0.00027349075913058385,-2.9214582830043405e-08
24,7,17.0,0.0016732853316716678,-0.0002988345972984003,-3.369262150418155e-08
24,8,16.0,0.0019862558669339206,-0.00033069221048466393,-3.800743202261002e-08
24,9,15.0,0.0023346697526409957,-0.0003706331442535258,-4.214116420642004e-08
24,10,14.0,0.002727522155440972,-0.0004208506920713121,-4.607699343925874e-08
24,11,13.0,0.00317637113678362,-0.00048446172892791894,-4.979886546099127e-08
24,12,12.0,0.00369644561329681,-0.0005659952796005646,-5.3291814729357345e-08
24,13,11.0,0.004308361695984749,-0.0006722186310453581,-5.6541863873230125e-08
24,14,10.0,0.005040882875387526,-0.0008135981464170807,-5.953614306370911e-08
24,15,9.0,0.005935557988818911,-0.0010070278101265572,-6.226295658912084e-08
24,16,8.0,0.007054938495640641,-0.0012812865582596633,-6.471176076591756e-08
24,17,7.0,0.008498131105338237,-0.0016889528134838212,-6.687328858463043e-08
24,18,6.0,0.010432844122608283,-0.0023355515235385866,-6.873951187771898e-08
24,19,5.0,0.01316923415241541,-0.0034619997207902967,-7.030370959785343e-08
24,20,4.0,0.017356843564188876,-0.005721809541913589,-7.156049368003958e-08
24,21,3.0,0.02461285323624259,-0.011299983155964912,-7.250578292275489e-08
24,22,2.0,0.0399568098761187,-0.02925942560566082,-7.313689094623488e-08
24,23,1.0,0.08313170444756422,-0.10492078061906565,-7.34524347109633e-08
24,24,0.0,0.24979837111425002,-7.345243949880009e-08,-7.345244092127334e-08
24,25,1.0,0.08313185135244322,0.10492063465814433,-7.313823488508397e-08
24,26,2.0,0.039957101797961345,0.02925928246986463,-7.251252568188371e-08
24,27,3.0,0.024613286412713955,0.011299844706339442,-7.157930592693873e-08
24,28,4.0,0.01735741238528246,0.005721677606064918,-7.034389543601749e-08
24,29,5.0,0.013169931200584118,0.003461876079797305,-6.881286370580275e-08
24,30,6.0,0.010433660225687851,0.0023354378991625076,-6.699402956347744e-08
24,31,7.0,0.008499055402259103,0.0016888508556563379,-6.489640251138712e-08
24,32,8.0,0.0070559585143751755,0.0012811978331367605,-6.253014918225844e-08
24,33,9.0,0.005936659735985582,0.0010069537884645381,-5.990654092192724e-08
24,34,10.0,0.005042050937446099,0.0008135401927191095,-5.7037901619264725e-08
24,35,11.0,0.004309579350547363,0.0006721779931738868,-5.39375508562534e-08
24,36,12.0,0.0036976949510983256,0.000565973079196999,-5.061974211128216e-08
24,37,13.0,0.003177633192153365,0.0004844589525938214,-4.709959812920425e-08
24,38,14.0,0.0027287770459106827,0.00042086818324895857,-4.3393042363981324e-08
24,39,15.0,0.0023358968256554477,0.0003706715961936196,-3.951672742892945e-08
24,40,16.0,0.0019874338535234436,0.00033075215984753855,-3.5487960809788346e-08
24,41,17.0,0.0016743925059603706,0.0002989164189907055,-3.132462793504782e-08
24,42,18.0,0.0013896010155420326,0.00027359466190465126,-2.704511328191668e-08
24,43,19.0,0.0011272031821510681,0.0002536512319619983,-2.266821955013501e-08
24,44,20.0,0.000882298551618036,0.0002382616005848205,-1.8213085480804723e-08
24,45,21.0,0.0006506799809814271,0.00022683135612558276,-1.3699102550902495e-08
24,46,22.0,0.00042863583936687046,0.000218942455361556,-9.145830963901537e-09
24,47,23.0,0.00021279507025831511,0.00021431791968343523,-4.572915271412259e-09
24,48,24.0,0.0,0.00010639753512915756,-0.0
25,0,24.020824298928627,0.0,-0.00010591109573523325,-0.0
25,1,23.021728866442675,0.0002118221914704665,-0.00021334224253017055,1.4983667836591003e-06
25,2,22.02271554554524,0.0004266844850603411,-0.00021794770392051928,3.0475254747984394e-06
25,3,21.02379604162864,0.0006477175993115051,-0.0002257884103499681,4.702007431876766e-06
25,4,20.024984394500787,0.0008782613057602773,-0.00023713562132157576,6.524448501897832e-06
25,5,19.026297590440446,0.0011219888419546566,-0.00025239838212670444,8.590980629668015e-06
25,6,18.027756377319946,0.0013830580700136862,-0.0002721574957015564,1.0998540362025869e-05
25,7,17.029386365926403,0.0016663038333577693,-0.0002972170676084334,1.387535074566721e-05
25,8,16.0312195418814,0.001977492205230553,-0.0003286818549199196,1.7396607129923193e-05
25,9,15.033296378372908,0.0023236675431976086,-0.00036807398298099284,2.1808795201013224e-05
25,10,14.035668847618199,0.0027136401711925387,-0.00041751178893422196,2.746865694365887e-05
25,11,13.038404810405298,0.0031586911210660525,-0.00047999000831647535,3.490776466700597e-05
25,12,12.041594578792296,0.0036736201878254894,-0.0005598311401739944,4.494350618256828e-05
25,13,11.045361017187261,0.004278353401414041,-0.0006634372708171662,5.887780359861011e-05
25,14,10.04987562112089,0.005000494729459822,-0.000800592629893898,7.887003590113057e-05
25,15,9.055385138137417,0.005879538661201837,-0.0009868268721572797,0.00010867634740730327
25,16,8.06225774829855,0.006974148473774381,-0.0012479403031035187,0.00015521360195236986
25,17,7.0710678118654755,0.008375419267408875,-0.001629224588795174,0.00023213458137472023
25,18,6.082762530298219,0.010232597651364729,-0.0022155932904542068,0.00036879661870531377
25,19,5.0990195135927845,0.012806605848317288,-0.0031786626886739083,0.0006353825835196964
25,20,4.123105625617661,0.016589923028712546,-0.004892221191555596,0.0012228004241426633
25,21,3.1622776601683795,0.02259104823142848,-0.008204667761127132,0.002734704728056288
25,22,2.23606797749979,0.03299925855096681,-0.014833948490611587,0.007416831952601552
25,23,1.4142135623730951,0.052258945212651654,-0.02506629640073881,0.025066150124260608
25,24,1.0,0.08313185135244443,-7.313823629367944e-08,0.10492063465814522
25,25,1.4142135623730951,0.05225909148912424,0.025066151064176704,0.02506615106417577
25,26,2.23606797749979,0.03299954922409102,0.014833805967097035,0.007416833820348795
25,27,3.1622776601683795,0.022591479554930172,0.008204529903733894,0.002734707499570792
25,28,4.123105625617661,0.016590489416623232,0.004892089820073637,0.0012228040635213332
25,29,5.0990195135927845,0.012807299914782898,0.003178539576573651,0.0006353870433137001
25,30,6.082762530298219,0.01023341026347593,0.0022154801521077645,0.00036880184022166414
25,31,7.0710678118654755,0.00837633961056737,0.0016291230671135848,0.00023214049512690696
25,32,8.06225774829855,0.006975164129248761,0.0012478519574975052,0.00015522012814395266
25,33,9.055385138137417,0.005880635695572359,0.0009867531671385417,0.00010868339649922629
25,34,10.04987562112089,0.0050016577949716775,0.0008005349240920805,7.887750928847791e-05
25,35,11.045361017187261,0.004279565847388198,0.0006633968067734698,5.888559427367395e-05
25,36,12.041594578792296,0.003674864181424738,0.0005598090347426971,4.495149957522027e-05
25,37,13.038404810405298,0.0031599477779028036,0.0004799872438406253,3.491583942185619e-05
25,38,14.035668847618199,0.0027148896937434874,0.0004175292053076999,2.7476685854365508e-05
25,39,15.033296378372908,0.0023248893672874037,0.00036811227042099146,2.1816646135717002e-05
25,40,16.0312195418814,0.0019786651529015045,0.0003287415478541669,1.7404143995032205e-05
25,41,17.029386365926403,0.00166740627157907,0.0002972985392945464,1.388243455504516e-05
25,42,18.027756377319946,0.0013840680743124117,0.0002722609540196572,1.100503021927773e-05
25,43,19.026297590440446,0.0011228843635397556,0.0002525238662604295,8.596734874972652e-06
25,44,20.024984394500787,0.0008790203417915527,0.00023728299952410368,6.529325745263897e-06
25,45,21.02379604162864,0.0006483183644915482,0.00022595737880454756,4.705867691719829e-06
25,46,22.02271554554524,0.0004271055841824576,0.00021813778655762524,3.0502312818970828e-06
25,47,23.021728866442675,0.00021204279137629773,0.0002135527920912288,1.4997842572666659e-06
25,48,24.020824298928627,0.0,0.00010602139568814887,-0.0
26,0,24.08318915758459,0.0,-0.00010478839456920158,-0.0
26,1,23.08679276123039,0.00020957678913840317,-0.0002110589401310989,2.9649560889673493e-06
26,2,22.090722034374522,0.0004221178802621978,-0.0002155479154662036,6.028604221142999e-06
26,3,21.095023109728988,0.0006406726200708104,-0.00022318473877556822,9.296767578718956e-06
26,4,20.09975124224178,0.0008684873578133342,-0.00023422461604017688,1.2890664071522429e-05
26,5,19.1049731745428,0.001109121852151164,-0.00024905111689986704,1.695707332314883e-05
26,6,18.110770276274835,0.0013665895916130683,-0.00026820638901458465,2.1682017235009616e-05
26,7,17.11724276862369,0.0016455346301803334,-0.00029243653053050297,2.7310211667836586e-05
26,8,16.1245154965971,0.0019514626526740742,-0.0003227587660293179,3.417388663343938e-05
26,9,15.132745950421556,0.0022910521622389692,-0.0003605610944397901,4.2736952159445505e-05
26,10,14.142135623730951,0.0026725848415536544,-0.00040775172260531936,5.3664795691407e-05
26,11,13.152946437965905,0.003106555607449608,-0.00046698687968900953,6.793802100532316e-05
26,12,12.165525060596439,0.0036065586009316735,-0.0005420252406689605,8.704388490257784e-05
26,13,11.180339887498949,0.004190606088787529,-0.0006382921013267959,0.00011331006140224325
26,14,10.198039027185569,0.004883142803585265,-0.0007637996026083876,0.00015050967856472704
26,15,9.219544457292887,0.005718205294004304,-0.0009306842440753179,0.00020500671710926626
26,16,8.246211251235321,0.006744511291735901,-0.0011578283242922463,0.0002880312870656432
26,17,7.280109889280518,0.008033861942588797,-0.0014753697967308773,0.0004204445479751651
26,18,6.324555320336759,0.009695250885197656,-0.0019323035213936104,0.0006432988822001381
26,19,5.385164807134504,0.011898468985376017,-0.002607995915352947,0.001042635505701165
26,20,4.47213595499958,0.01491124271590355,-0.0036224873973769974,0.0018108722599449257
26,21,3.605551275463989,0.019143443780130012,-0.005105951627506024,0.0034037380410484736
26,22,2.8284271247461903,0.025123145970915597,-0.0069279802094564975,0.006927835807431561
26,23,2.23606797749979,0.03299940419904301,-0.007416977913521999,0.014833804408168262
26,24,2.0,0.039957101797959596,-7.251252433573829e-08,0.029259282469864336
26,25,2.23606797749979,0.03299954922409168,0.007416833820347921,0.014833805967097461
26,26,2.8284271247461903,0.025123434157263754,0.006927838905259654,0.0069278389052591875
26,27,3.605551275463989,0.01914387141357237,0.00510581494951198,0.0034037426378425058
26,28,4.47213595499958,0.014911804258239795,0.0036223571498078264,0.001810878296181138
26,29,5.385164807134504,0.011899157113956718,0.002607873856497636,0.0010426429026566915
26,30,6.324555320336759,0.009696056545244523,0.0019321913509757144,0.0006433075425482477
26,31,7.280109889280518,0.008034774412005289,0.0014752691435786264,0.00042045435645636986
26,32,8.246211251235321,0.00674551825808727,0.0011577407345090798,0.0002880421113262326
26,33,9.219544457292887,0.005719292942987129,0.0009306111696090634,0.00020501840866232269
26,34,10.198039027185569,0.004884295918869143,0.0007637423904935572,0.00015052207382926404
26,35,11.180339887498949,0.004191808162000015,0.0006382519834606292,0.0001133229829420896
26,36,12.165525060596439,0.003607791951947885,0.0005420033243451812,8.705714264725358e-05
26,37,13.152946437965905,0.0031078015133096525,0.00046698413887296666,6.79514137125678e-05
26,38,14.142135623730951,0.0026738236742019517,0.0004077689899628194,5.367811235926852e-05
26,39,15.132745950421556,0.0022922635333840137,0.0003605990543342863,4.2749973632664855e-05
26,40,16.1245154965971,0.0019526255655333792,0.0003228179482668667,3.418638721102156e-05
26,41,17.11724276862369,0.0016466276368502803,0.00029251730521495103,2.7321960792729845e-05
26,42,18.110770276274835,0.0013675909551034771,0.00026830896222457875,2.169278125700193e-05
26,43,19.1049731745428,0.0011100097124011228,0.00024917552748798447,1.6966617253436067e-05
26,44,20.09975124224178,0.0008692399001275082,0.0002343707334015677,1.2898753420560814e-05
26,45,21.095023109728988,0.0006412682455979874,0.00022335226166221594,9.30317017414393e-06
26,46,22.090722034374522,0.0004225353768030763,0.00021573637192710284,6.033092038874963e-06
26,47,23.08679276123039,0.00020979550174378178,0.00021126768840153815,2.9673071162549945e-06
26,48,24.08318915758459,0.0,0.00010489775087189089,-0.0
27,0,24.186773244895647,0.0,-0.0001029461396462659,-0.0
27,1,23.194827009486403,0.0002058922792925318,-0.00020731363830902755,4.36020259515561e-06
27,2,22.20360331117452,0.0004146272766180551,-0.00021161589243076767,8.861608305693505e-06
27,3,21.213203435596427,0.0006291240641540672,-0.00021892635049958867,1.3655265878782753e-05
27,4,20.223748416156685,0.0008524799776172325,-0.00022947531557714588,1.8913421543702194e-05
27,5,19.235384061671343,0.001088074695308359,-0.00024360702896321726,2.484335337665615e-05
27,6,18.24828759089466,0.001339694035543667,-0.00026180435735686863,3.1705762210330695e-05
27,7,17.26267650163207,0.0016116834100220962,-0.00028472519821000364,3.9840552521476025e-05
27,8,16.278820596099706,0.0019091444319636742,-0.0003132551144283107,4.97044138856866e-05
27,9,15.297058540778355,0.0022381936388787176,-0.0003485830739230252,6.192733664222281e-05
27,10,14.317821063276353,0.0026063105798097247,-0.0003923107200883443,7.739995731406149e-05
27,11,13.341664064126334,0.003022815079055406,-0.0004466109191053045,9.74121194850261e-05
27,12,12.36931687685298,0.0034995324180203337,-0.0005144590997770743,0.00012387852500290032
27,13,11.40175425099138,0.004051733278609555,-0.000599971477155017,0.00015971629096792712
27,14,10.44030650891055,0.004699475372330368,-0.000708895974186875,0.00020949456949967112
27,15,9.486832980505138,0.005469525226983305,-0.0008493052636563635,0.00028058437500446494
27,16,8.54400374531753,0.006398085899643095,-0.00103250247223762,0.0003852503088875316
27,17,7.615773105863909,0.007534530171458545,-0.001273956993660679,0.0005445478918418038
27,18,6.708203932499369,0.008945999886964453,-0.0015934023327282068,0.0007956990502270772
27,19,5.830951894845301,0.010721334836914958,-0.0020110893109291208,0.0012060112136370715
27,20,5.0,0.012968178508822694,-0.002531118656208287,0.0018979844024003562
27,21,4.242640687119285,0.015783572149331532,-0.003087704213640497,0.003087562900046338
27,22,3.605551275463989,0.019143586936103688,-0.003403882123491799,0.005105810640124467
27,23,3.1622776601683795,0.02259133639631513,-0.0027348497383060336,0.008204527735104054
27,24,3.0,0.024613286412715756,-7.157930709440763e-08,0.011299844706339292
27,25,3.1622776601683795,0.02259147955492932,0.0027347074995715554,0.008204529903733873
27,26,3.605551275463989,0.019143871413572645,0.003403742637842079,0.005105814949512117
27,27,4.242640687119285,0.01578399427924516,0.003087569294655844,0.0030875692946556775
27,28,5.0,0.012968732824260957,0.002530990084887823,0.0018979927994102544
27,29,5.830951894845301,0.010722014109469515,0.002010968822940761,0.0012060215035536934
27,30,6.708203932499369,0.008946795178379435,0.0015932916059074429,0.0007957110976454362
27,31,7.615773105863909,0.0075354308976546295,0.0012738576358915696,0.0005445615364302347
27,32,8.54400374531753,0.006399079906596296,0.001032416009703458,0.00038526536653482385
27,33,9.486832980505138,0.005470598878247713,0.0008492331296415731,0.0002806006391306436
27,34,10.44030650891055,0.0047006136473131494,0.0007088394983718474,0.00020951181258003007
27,35,11.40175425099138,0.0040529198815040185,0.0005999318755914593,0.00015973426612858025
27,36,12.36931687685298,0.003500749896130231,0.0005144374655131753,0.00012389696788214733
27,37,13.341664064126334,0.003024044950477668,0.00044660821355264023,9.74307500930026e-05
27,38,14.317821063276353,0.0026075334690249504,0.00039232776522779697,7.741848215651209e-05
27,39,15.297058540778355,0.002239389420022074,0.0003486205452727445,6.194545083549165e-05
27,40,16.278820596099706,0.0019102923784794614,0.0003133135350142319,4.9721803458133e-05
27,41,17.26267650163207,0.0016127623499936103,0.00028480493334052677,3.985689675488303e-05
27,42,18.24828759089466,0.0013406825117984078,0.0002619056104803634,3.1720736056872734e-05
27,43,19.235384061671343,0.0010889511290328834,0.00024372983842398837,2.4856629959187863e-05
27,44,20.223748416156685,0.0008532228349504311,0.00022961955244481155,1.8924674652365627e-05
27,45,21.213203435596427,0.0006297120241432604,0.0002190917174228617,1.3664172538952293e-05
27,46,22.20360331117452,0.0004150394001047077,0.0002118019234997363,8.867851323117465e-06
27,47,23.194827009486403,0.00020610817714378774,0.00020751970005235384,4.363473100469498e-06
27,48,24.186773244895647,0.0,0.00010305408857189387,-0.0
28,0,24.331050121192877,0.0,-0.00010042819197404598,-0.0
28,1,23.345235059857504,0.00020085638394809195,-0.00020219733182540538,5.654060238522934e-06
28,2,22.360679774997898,0.00040439466365081077,-0.00020625285218257643,1.1484466630233315e-05
28,3,21.37755832643195,0.0006133620883132448,-0.00021313292553755953,1.767924845216194e-05
28,4,20.396078054371138,0.0008306605147259298,-0.00022303652854230348,2.4451521957826448e-05
28,5,19.4164878389476,0.0010594351453978518,-0.00023625877623323853,3.205560075824037e-05
28,6,18.439088914585774,0.001303178067192407,-0.0002532091898697648,4.0808059837722376e-05
28,7,17.46424919657298,0.0015658535251373814,-0.00027443787885514707,5.111669482469369e-05
28,8,16.492422502470642,0.001852053824902701,-0.00030067198190857113,6.352180621735739e-05
28,9,15.524174696260024,0.0021671974889545236,-0.0003328655510114152,7.87567078674872e-05
28,10,14.560219778561036,0.0025177849269255315,-0.00037226693976251607,9.783846364189012e-05
28,11,13.601470508735444,0.0029117313684795558,-0.0004205083120001707,0.00012220673167693402
28,12,12.649110640673518,0.003358801550925873,-0.00047972106918605945,0.00015394019023750607
28,13,11.704699910719626,0.0038711735068516747,-0.000552676056830025,0.00019609961816003134
28,14,10.770329614269007,0.004464153664585923,-0.0006429315185718498,0.0002532795720694334
28,15,9.848857801796104,0.005157036543995374,-0.0007549285046874574,0.0003325041853241952
28,16,8.94427190999916,0.005974010673960838,-0.0008938648074549075,0.00044468380061428057
28,17,8.06225774829855,0.006944766158905189,-0.0010649210553913316,0.0006069496905682062
28,18,7.211102550927978,0.008103852784743501,-0.0012708401995983427,0.0008462255133438032
28,19,6.4031242374328485,0.009486446558101875,-0.0015057105631796682,0.0012040471207086113
28,20,5.656854249492381,0.011115273911102837,-0.0017409357109677307,0.0017407986469362728
28,21,5.0,0.012968317980037336,-0.001898125389781913,0.002530981927514789
28,22,4.47213595499958,0.014911524690666663,-0.001811015374398782,0.0036223516524733256
28,23,4.123105625617661,0.0165903487288349,-0.0012229438473071738,0.004892087053630683
28,24,4.0,0.01735741238528101,-7.034389451661405e-08,0.005721677606065354
28,25,4.123105625617661,0.016590489416623933,0.0012228040635207452,0.004892089820073414
28,26,4.47213595499958,0.01491180425823952,0.0018108782961814588,0.003622357149807907
28,27,5.0,0.012968732824261016,0.0018979927994101174,0.0025309900848878193
28,28,5.656854249492381,0.011115818659419286,0.0017408093587058422,0.0017408093587058292
28,29,6.4031242374328485,0.009487114106849331,0.0015055921547328177,0.0012040602471877406
28,30,7.211102550927978,0.00810463434995365,0.0012707313838522557,0.000846240881807838
28,31,8.06225774829855,0.00694565133914482,0.001064823412468014,0.0006069670964874594
28,32,8.94427190999916,0.0059749875250176224,0.0008937798372094887,0.00044470300911634035
28,33,9.848857801796104,0.005158091664725842,0.0007548576156542696,0.00033252493290112685
28,34,10.770329614269007,0.004465272293709083,0.0006428760174914938,0.0002533015684474619
28,35,11.704699910719626,0.0038723396297428545,0.0005526371387627464,0.00019612254844706485
28,36,12.649110640673518,0.0033599980161835904,0.0004796998083096036,0.00015396371715762128
28,37,13.601470508735444,0.0029129400131236473,0.0004205056531473314,0.00012223049809361656
28,38,14.560219778561036,0.0025189867098889276,0.00037228369070530843,9.78620951258306e-05
28,39,15.524174696260024,0.0021683726317130304,0.0003329023756359072,7.877981550718648e-05
28,40,16.492422502470642,0.0018531819586171132,0.0003007293941862581,6.354398948464537e-05
28,41,17.46424919657298,0.0015669138433405142,0.00027451623781369076,5.1137544585023596e-05
28,42,18.439088914585774,0.0013041494829897316,0.0002533086954288836,4.0827161452260206e-05
28,43,19.4164878389476,0.001060296452482747,0.00023637946608347736,3.2072537224162576e-05
28,44,20.396078054371138,0.0008313905508227769,0.00022317827598133212,2.4465877156828228e-05
28,45,21.37755832643195,0.0006139399005200829,0.00021329543833296778,1.7690610365281485e-05
28,46,22.360679774997898,0.00040479967415684137,0.00020643567248862003,1.1492430627500256e-05
28,47,23.345235059857504,0.0002010685555428428,0.00020239983707842068,5.6582323144841975e-06
28,48,24.331050121192877,0.0,0.0001005342777714214,-0.0
29,0,24.515301344262525,0.0,-9.729207940774297e-05,-0.0
29,1,23.53720459187964,0.00019458415881548594,-0.00019582917167879424,6.822568857890057e-06
29,2,22.561028345356956,0.0003916583433575885,-0.00019959070421712865,1.3848000429962306e-05
29,3,21.587033144922902,0.0005937655672497433,-0.00020595929517199554,2.1291730192684905e-05
29,4,20.615528128088304,0.0008035769337015796,-0.00021509896327106745,2.9396119736517035e-05
29,5,19.6468827043885,0.0010239634937918782,-0.00022725049108332133,3.8447403777980716e-05
29,6,18.681541692269406,0.0012580779158682222,-0.0002427432632904153,4.879739116064646e-05
29,7,17.72004514666935,0.0015094500203727088,-0.0002620114518303686,6.0892576016202834e-05
29,8,16.76305461424021,0.0017821008195289595,-0.0002856151013855172,7.531448756381901e-05
29,9,15.811388300841896,0.002080680223143743,-0.0003142664164984925,9.283694344058304e-05
29,10,14.866068747318506,0.0024106336525259444,-0.0003488606962788975,0.0001145087117172571
29,11,13.92838827718412,0.002778401615701538,-0.00039050919250968857,0.00014177441416339705
29,12,13.0,0.0031916520375453216,-0.000440566213293977,0.00017665293896648574
29,13,12.083045973594572,0.003659534042289492,-0.0005006320953230897,0.00022200173654521056
29,14,11.180339887498949,0.004192916228191501,-0.0005724914070227112,0.0002819069047637246
29,15,10.295630140987,0.004804516856334914,-0.0006579010351115164,0.00036224957460696166
29,16,9.433981132056603,0.005508718298414534,-0.0007580569669936089,0.0004714959436016436
29,17,8.602325267042627,0.006320630790322132,-0.0008724152809311565,0.0006217028958128328
29,18,7.810249675906654,0.007253548860276847,-0.0009963049025878017,0.0008295220864672445
29,19,7.0710678118654755,0.008313240595497736,-0.0011165161773366511,0.0011163844512865973
29,20,6.4031242374328485,0.009486581214950149,-0.0012041838494021096,0.0015055791839316702
29,21,5.830951894845301,0.010721608294301955,-0.0012061512081034441,0.0020109589452375993
29,22,5.385164807134504,0.011898883631157037,-0.0010427769973759046,0.0026078671998170013
29,23,5.0990195135927845,0.012807162289053764,-0.0006355237847140054,0.0031785362267085747
29,24,5.0,0.013169931200585048,-6.881286436326295e-08,0.0034618760797967925
29,25,5.0990195135927845,0.01280729991478249,0.0006353870433141087,0.0031785395765739494
29,26,5.385164807134504,0.01189915711395683,0.0010426429026564842,0.002607873856497472
29,27,5.830951894845301,0.010722014109469522,0.0012060215035537662,0.0020109688229408423
29,28,6.4031242374328485,0.009487114106849298,0.001204060247187744,0.0015055921547327718
29,29,7.0710678118654755,0.008313893615094034,0.0011164003460427696,0.0011164003460428112
29,30,7.810249675906654,0.007254313414763759,0.0009961984552071617,0.0008295406960271471
29,31,8.602325267042627,0.006321496704679711,0.000872319763200072,0.0006217239725092036
29,32,9.433981132056603,0.005509673888363615,0.0007579738461171255,0.00047151920303905833
29,33,10.295630140987,0.00480554901244546,0.0006578316889726946,0.00036227469768917563
29,34,11.180339887498949,0.004194010510418226,0.0005724371139177854,0.00028193354002346003
29,35,12.083045973594572,0.003660674784609889,0.0005005940243016187,0.00022202950265426337
29,36,13.0,0.0031928224618149883,0.000440545415159727,0.0001766814275493292
29,37,13.92838827718412,0.002779583954290435,0.00039050659152084955,0.0001418031927388902
29,38,14.866068747318506,0.002411809278773289,0.0003488770826413669,0.00011453732691287682
29,39,15.811388300841896,0.002081829789007701,0.00031430243963155927,9.286492431370913e-05
29,40,16.76305461424021,0.0017832043995101706,0.000285671264092069,7.534134912022734e-05
29,41,17.72004514666935,0.001510487260823563,0.0002620881053081416,6.091782284480267e-05
29,42,18.681541692269406,0.0012590281888938874,0.0002428406031195024,4.8820521163449185e-05
29,43,19.6468827043885,0.0010248060545845583,0.0002273685541285564,3.846791202862193e-05
29,44,20.615528128088304,0.0008042910806367747,0.00021523762558593046,2.9413502339480774e-05
29,45,21.587033144922902,0.0005943308034126974,0.00020611827089353374,2.1305488255424915e-05
29,46,22.561028345356956,0.0003920545388497072,0.00019976954544893903,1.3857643975954416e-05
29,47,23.53720459187964,0.00019479171251481935,0.0001960272694248536,6.827620792557802e-06
29,48,24.515301344262525,0.0,9.739585625740967e-05,-0.0
30,0,24.73863375370596,0.0,-9.360562311615592e-05,-0.0
30,1,23.769728648009426,0.00018721124623231184,-0.00018834933139544308,7.848842752385452e-06
30,2,22.80350850198276,0.00037669866279088616,-0.0001917836908477816,1.5917949105913792e-05
30,3,21.840329667841555,0.000570778627927875,-0.0001975848062310048,2.4440147617060207e-05
30,4,20.8806130178211,0.0007718682752528958,-0.00020588085495700767,3.367511278600644e-05
30,5,19.924858845171276,0.0009825403378418904,-0.0002168575048091091,4.392586466224501e-05
30,6,18.973665961010276,0.001205583284871114,-0.00023076401763154266,5.5559375965929777e-05
30,7,18.027756377319946,0.0014440683731049757,-0.0002479207824519745,6.903340824621139e-05
30,8,17.08800749063506,0.001701424849775063,-0.0002687276144841909,8.493245803530447e-05
30,9,16.15549442140351,0.0019815236020733575,-0.0002936713268579771,0.00010401678534256199
30,10,15.231546211727817,0.0022887675034910173,-0.00032332946903970206,0.00012728998640766697
30,11,14.317821063276353,0.0026281825401527617,-0.00035836408475094206,0.00015609246123509508
30,12,13.416407864998739,0.0030054956729929014,-0.00039949374680424594,0.0001922301733416963
30,13,12.529964086141668,0.0034271700337612536,-0.0004474220910327862,0.00023814941564110985
30,14,11.661903789690601,0.0039003398550584737,-0.0005026836805100987,0.00029716639664496055
30,15,10.816653826391969,0.004432537394781451,-0.0005653394658495384,0.00037374922243420695
30,16,10.0,0.0050310187867575505,-0.0006344114862490364,0.00047381543501082623
30,17,9.219544457292887,0.005701360367279524,-0.0007068949125257308,0.0006049219641529584
30,18,8.48528137423857,0.006444808611809012,-0.0007761586441245782,0.0007760332531381621
30,19,7.810249675906654,0.00725367765552868,-0.0008296534657152425,0.0009961798720102694
30,20,7.211102550927978,0.008104115543239497,-0.0008463612170167287,0.0012707162191696762
30,21,6.708203932499369,0.008946400089562137,-0.0007958373738965819,0.0015932800574890373
30,22,6.324555320336759,0.00969579029103266,-0.0006434380929278066,0.0019321835683841493
30,23,6.082762530298219,0.01023327627541775,-0.0003689349673273827,0.0022154762356459195
30,24,6.0,0.010433660225687426,-6.699402914193964e-08,0.002335437899162923
30,25,6.082762530298219,0.010233410263476034,0.00036880184022142475,0.00221548015210752
30,26,6.324555320336759,0.009696056545244577,0.0006433075425483518,0.0019321913509758488
30,27,6.708203932499369,0.00894679517837933,0.0007957110976454171,0.0015932916059073652
30,28,7.211102550927978,0.008104634349953743,0.0008462408818078111,0.0012707313838523065
30,29,7.810249675906654,0.007254313414763709,0.000829540696027193,0.0009961984552071157
30,30,8.48528137423857,0.006445552957899356,0.0007760550103186482,0.000776055010318695
30,31,9.219544457292887,0.005702203394126412,0.0007068019194799253,0.000604946605765596
30,32,10.0,0.005031949118939506,0.0006343305623894607,0.0004738426285481583
30,33,10.816653826391969,0.004433542269347491,0.0005652719526386713,0.0003737785948412639
30,34,11.661903789690601,0.003901405213662163,0.0005026308224565816,0.0002971975369907094
30,35,12.529964086141668,0.0034282806244343277,0.0004473850262886156,0.00023818187811838342
30,36,13.416407864998739,0.003006635161084932,0.0003994734983942304,0.00019226348048317454
30,37,14.317821063276353,0.002629333627645867,0.00035836155251087903,0.00015612610742667143
30,38,15.231546211727817,0.002289912056063174,0.00032334542228012737,0.00012732344158097354
30,39,16.15549442140351,0.001982642783085612,0.0002937063978432577,0.00010404949890552187
30,40,17.08800749063506,0.0017024992603766585,0.0002687822927173516,8.496386296310892e-05
30,41,18.027756377319946,0.001445078197650909,0.0002479954098569126,6.90629253250767e-05
30,42,18.973665961010276,0.0012065084406628333,0.00023085878461270284,5.5586418187580965e-05
30,43,19.924858845171276,0.0009833606284255032,0.00021697244725950895,4.3949841678058246e-05
30,44,20.8806130178211,0.0007725635461438154,0.0002060158522081351,3.3695435491651294e-05
30,45,21.840329667841555,0.000571328924009233,0.00019773957996944142,2.445623271822415e-05
30,46,22.80350850198276,0.00037708438620493253,0.0001919578050257529,1.5929223766106965e-05
30,47,23.769728648009426,0.00018741331395772718,0.00018854219310246627,7.854749172722092e-06
30,48,24.73863375370596,0.0,9.370665697886359e-05,-0.0
31,0,25.0,0.0,-8.944323665535752e-05,-0.0
31,1,24.041630560342615,0.00017888647331071504,-0.00017991122257288045,8.72339796217743e-06
31,2,23.08679276123039,0.0003598224451457609,-0.00018299939935245393,1.7675569856369784e-05
31,3,22.135943621178654,0.0005448852720156229,-0.0001882021314919029,2.70970929361738e-05
31,4,21.18962010041709,0.0007362267081295667,-0.00019561324622588265,3.725372215663804e-05
31,5,20.248456731316587,0.0009361117644673882,-0.000205366227903398,4.8451448091128846e-05
31,6,19.313207915827967,0.0011469591639363627,-0.00021763571970644894,6.105476355004432e-05
31,7,18.384776310850235,0.001371383203880286,-0.00023263836976099392,7.550962950901639e-05
31,8,17.46424919657298,0.0016122359034583505,-0.0002506317242891666,9.237299887663957e-05
31,9,16.55294535724685,0.0018726466524586192,-0.00027190888812613,0.00011235118981523093
31,10,15.652475842498529,0.0021560536797106105,-0.0002967850203863644,0.0001363498051929269
31,11,14.7648230602334,0.002466216693231348,-0.00032556900557565924,0.0001655380218853616
31,12,13.892443989449804,0.002807191690861929,-0.0003585092588879622,0.0002014293493537748
31,13,13.038404810405298,0.0031832352110072724,-0.00039569587201982543,0.00024597814470965983
31,14,12.206555615733702,0.00359858343490158,-0.0004368916002296141,0.00030168377294528077
31,15,11.40175425099138,0.0040570184114665005,-0.0004812519967456507,0.0003716775775502079
31,16,10.63014581273465,0.004561087428392881,-0.0005268842252748574,0.00045973353944403755
31,17,9.899494936611665,0.005110786862016215,-0.0005701974628038206,0.0005700792955664969
31,18,9.219544457292887,0.005701482354000522,-0.0006050469947304908,0.0007067771212137496
31,19,8.602325267042627,0.006320880851477197,-0.000621833211305137,0.0008722985825603165
31,20,8.06225774829855,0.0069451487766107965,-0.0006070836639233417,0.001064806128159184
31,21,7.615773105863909,0.00753504817932388,-0.000544683858888971,0.0012738444733076527
31,22,7.280109889280518,0.008034516494388739,-0.0004205808192190223,0.001475260273184167
31,23,7.0710678118654755,0.008376209817761925,-0.00023226945393523164,0.0016291186032335982
31,24,7.0,0.008499055402259202,-6.489640276292202e-08,0.001688850855656115
31,25,7.0710678118654755,0.00837633961056745,0.00023214049512703446,0.0016291230671136945
31,26,7.280109889280518,0.008034774412005133,0.0004204543564563295,0.001475269143578576
31,27,7.615773105863909,0.007535430897654792,0.0005445615364302239,0.0012738576358915913
31,28,8.06225774829855,0.006945651339144685,0.0006069670964874946,0.0010648234124679967
31,29,8.602325267042627,0.006321496704679803,0.0006217239725091581,0.0008723197632000941
31,30,9.219544457292887,0.005702203394126369,0.0006049466057656419,0.0007068019194798932
31,31,9.899494936611665,0.005111603493148519,0.0005701073814295353,0.0005701073814295696
31,32,10.63014581273465,0.004561988631267298,0.0005268058351927934,0.0004597645339286054
31,33,11.40175425099138,0.004057991822762932,0.00048118659741524573,0.00037171105544875804
31,34,12.206555615733702,0.003599615436436807,0.000436840397194905,0.0003017192658999917
31,35,13.038404810405298,0.003184311028373122,0.00039565996779408383,0.00024601514459012095
31,36,13.892443989449804,0.002808295500848639,0.000358489644468015,0.00020146731196574847
31,37,14.7648230602334,0.002467331739437092,0.00032556655261864855,0.0001655763709345762
31,38,15.652475842498529,0.002157162395611342,0.0002968004741202173,0.00013638793652654682
31,39,16.55294535724685,0.0018737307911966573,0.00027194286101369465,0.00011238847588177414
31,40,17.46424919657298,0.0016132766735839528,0.00025068469051162383,9.240879339220099e-05
31,41,18.384776310850235,0.0013723614101734097,0.00023271066053261364,7.55432723091922e-05
31,42,19.313207915827967,0.0011478553525187255,0.00021772751947248393,6.10855855657092e-05
31,43,20.248456731316587,0.0009369063712284418,0.00020547757143262672,4.847877647317115e-05
31,44,21.18962010041709,0.0007369002096534721,0.00019574401662609636,3.727688544340104e-05
31,45,22.135943621178654,0.0005454183379762491,0.0001883520591679894,2.7115426318628213e-05
31,46,23.08679276123039,0.00036019609131749325,0.00018316806190343696,1.7688420418541395e-05
31,47,24.041630560342615,0.00017908221416937516,0.00018009804565874662,8.73012994672102e-06
31,48,25.0,0.0,8.954110708468758e-05,-0.0
32,0,25.298221281347036,0.0,-8.488222515397849e-05,-0.0
32,1,24.351591323771842,0.00016976445030795698,-0.0001706737615390733,9.44387254356752e-06
32,2,23.40939982143925,0.0003413475230781466,-0.00017340999587378523,1.9116945982681523e-05
32,3,22.47220505424423,0.0005165844420555274,-0.00017800665393073655,2.925890718747496e-05
32,4,21.540659228538015,0.0006973608309396197,-0.00018452649980205262,4.013180589223153e-05
32,5,20.615528128088304,0.0008856374416596327,-0.00019305646341570283,5.203302317520253e-05
32,6,19.697715603592208,0.0010834737577710253,-0.0002037058362136551,6.531048103352406e-05
32,7,18.788294228055936,0.001293049114086943,-0.00021660254712537927,8.038098279551957e-05
32,8,17.88854381999832,0.001516678852021784,-0.0002318860541779764,9.775263801704447e-05
32,9,17.0,0.0017568212224428957,-0.0002496945205416898,0.00011805229250773201
32,10,16.1245154965971,0.0020160678931051635,-0.0002701426369695714,0.00014205859796096669
32,11,15.264337522473747,0.0022971064963820385,-0.00029328454059009417,0.0001707405159945565
32,12,14.422205101855956,0.002602636974285352,-0.0003190536239799477,0.00020529909922602208
32,13,13.601470508735444,0.002935213744341934,-0.0003471676674412802,0.00024720634173462674
32,14,12.806248474865697,0.003296972309167912,-0.0003769842476695506,0.00029822711017995574
32,15,12.041594578792296,0.003689182239681035,-0.00040728969935078163,0.00036039621602974555
32,16,11.313708498984761,0.0041115517078694755,-0.0004360097682327474,0.0004358995898276529
32,17,10.63014581273465,0.00456120177614653,-0.00045985133075601876,0.0005267744399551802
32,18,10.0,0.005031254369381513,-0.0004739393571307586,0.0006343028421310522
32,19,9.433981132056603,0.005509080490408047,-0.0004716244587698081,0.0007579501697496925
32,20,8.94427190999916,0.005974503286921129,-0.00044481532626939246,0.0008937605162820921
32,21,8.54400374531753,0.006398711142946832,-0.00038538322887159875,0.0010324012961643396
32,22,8.246211251235321,0.006745269744664327,-0.0002881639630018611,0.0011577308189118156
32,23,8.06225774829855,0.006975039068950554,-0.00015534438485543482,0.0012478469676357466
32,24,8.0,0.007055958514375196,-6.253014904564896e-08,0.0012811978331368143
32,25,8.06225774829855,0.0069751641292486455,0.00015522012814388588,0.0012478519574975165
32,26,8.246211251235321,0.0067455182580874245,0.00028804211132624864,0.00115774073450904
32,27,8.54400374531753,0.006399079906596148,0.0003852653665348377,0.0010324160097034984
32,28,8.94427190999916,0.005974987525017749,0.0004447030091163139,0.0008937798372094605
32,29,9.433981132056603,0.00550967388836352,0.00047151920303908955,0.0007579738461171376
32,30,10.0,0.00503194911893957,0.00047384262854812363,0.0006343305623894655
32,31,10.63014581273465,0.004561988631267273,0.0004597645339286375,0.0005268058351927782
32,32,11.313708498984761,0.004112420051082295,0.0004359342364086492,0.00043593423640866653
32,33,12.041594578792296,0.003690120158449975,0.00040722668461005756,0.00036043363865004437
32,34,12.806248474865697,0.00329796668186218,0.0003769349115979445,0.0002982667852891019
32,35,13.601470508735444,0.002936250335254086,0.0003471330723543724,0.00024724770133438805
32,36,14.422205101855956,0.002603700537153435,0.00031903472473868567,0.00020534153499490834
32,37,15.264337522473747,0.0022981808857767145,0.0002932821770716774,0.00017078338373624296
32,38,16.1245154965971,0.0020171361830100803,0.0002701575272273253,0.00014210122233393149
32,39,17.0,0.0017578658313220639,0.0002497272547089119,0.00011809397201422236
32,40,17.88854381999832,0.0015176816735922565,0.00023193708914476968,9.779265022511407e-05
32,41,18.788294228055936,0.0012939916530325245,0.00021667220203042082,8.041858974664514e-05
32,42,19.697715603592208,0.0010843372695314149,0.0002037942887766818,6.534493483011323e-05
32,43,20.615528128088304,0.0008864030754791609,0.0001931637471372008,5.206357167615805e-05
32,44,21.540659228538015,0.0006980097752570133,0.00018465250205359216,4.015769852691353e-05
32,45,22.47220505424423,0.0005170980713719766,0.00017815111494458178,2.9279400802994393e-05
32,46,23.40939982143925,0.00034170754536784974,0.00017357250865384573,1.913131073639845e-05
32,47,24.351591323771842,0.00016995305406428514,0.00017085377268392487,9.451397762278411e-06
32,48,25.298221281347036,0.0,8.497652703214257e-05,-0.0
33,0,25.632011235952593,0.0,-7.999936411179e-05,-0.0
33,1,24.698178070456937,0.00015999872822358,-0.00016079427659019892,1.0014261637291303e-05
33,2,23.769728648009426,0.00032158855318039785,-0.00016318436470854649,2.025128218999009e-05
33,3,22.847319317591726,0.00048636745764067294,-0.0001671872715823529,3.094264706196006e-05
33,4,21.93171219946131,0.0006559630963451036,-0.00017283913023815508,4.233880841832664e-05
33,5,21.02379604162864,0.0008320457181169831,-0.00018018755276210546,5.471965124198005e-05
33,6,20.12461179749811,0.0010163382018693145,-0.0001892877600861319,6.84064053018835e-05
33,7,19.235384061671343,0.0012106212382892469,-0.00020019621277747352,8.377529804829093e-05
33,8,18.35755975068582,0.0014167306274242616,-0.00021296041457695414,0.00010127321523860898
33,9,17.4928556845359,0.0016365420674431552,-0.00022760292818220778,0.00012143534061001234
33,10,16.64331697709324,0.0018719364837886771,-0.00024409679689953992,0.0001449041359823693
33,11,15.811388300841896,0.002124735661242235,-0.00026232850431060384,0.0001724478527076166
33,12,15.0,0.002396593492409885,-0.00028204343314789195,0.00020497464493299472
33,13,14.212670403551895,0.002688822527538019,-0.0003027678610658918,0.00024353471064041967
33,14,13.45362404707371,0.0030021292145416684,-0.00032370172593449527,0.0002892969762598287
33,15,12.727922061357855,0.0033362259794070094,-0.00034357951709795354,0.00034347795591524086
33,16,12.041594578792296,0.0036892882487375754,-0.00036050600134942276,0.0004071885497631078
33,17,11.40175425099138,0.004057237982105855,-0.0003717942105004213,0.0004811520412632772
33,18,10.816653826391969,0.004432876669738418,-0.00037387126493597855,0.0005652414414661867
33,19,10.295630140987,0.004804980511977812,-0.0003623755371540971,0.0006578056288375081
33,20,9.848857801796104,0.005157627744046612,-0.0003326325375086945,0.0007548363494691394
33,21,9.486832980505138,0.005470245586995201,-0.0002807135562592476,0.0008492169347241946
33,22,9.219544457292887,0.005719054856565107,-0.0002051351477476153,0.0009306002556957933
33,23,9.055385138137417,0.005880515882490432,-0.00010880243971023293,0.0009867476748910134
33,24,9.0,0.005936659735985573,-5.99065409930509e-08,0.0010069537884645737
33,25,9.055385138137417,0.005880635695572418,0.00010868339649926012,0.0009867531671384731
33,26,9.219544457292887,0.005719292942987053,0.0002050184086623114,0.0009306111696091436
33,27,9.486832980505138,0.005470598878247795,0.00028060063913064445,0.0008492331296415046
33,28,9.848857801796104,0.005158091664725764,0.0003325249329011338,0.0007548576156543221
33,29,10.295630140987,0.004805549012445527,0.00036227469768916306,0.0006578316889726613
33,30,10.816653826391969,0.004433542269347438,0.0003737785948412825,0.0005652719526386897
33,31,11.40175425099138,0.004057991822762962,0.00037171105544873636,0.00048118659741524226
33,32,12.041594578792296,0.0036901201584499652,0.00036043363865005955,0.00040722668461005496
33,33,12.727922061357855,0.003337124545462843,0.0003435191462956811,0.0003435191462956859
33,34,13.45362404707371,0.003003081865858603,0.00032365445987924866,0.0002893406459143011
33,35,14.212670403551895,0.002689815625704346,0.00030273471749989026,0.0002435802343817952
33,36,15.0,0.0023976124308588225,0.0002820253268698699,0.00020502135319444515
33,37,15.811388300841896,0.002125764971964606,0.0002623262399576717,0.00017249503643393155
33,38,16.64331697709324,0.0018729599509434791,0.00024411106239819672,0.00014495105183689853
33,39,17.4928556845359,0.0016375428471682126,0.00022763428890487723,0.00012148121646912669
33,40,18.35755975068582,0.0014176913731337247,0.0002130093082440466,0.00010131725593184523
33,41,19.235384061671343,0.0012115242306801194,0.0002002629451376128,8.381669132229662e-05
33,42,20.12461179749811,0.001017165482858499,0.00018937250140199684,6.844432795500703e-05
33,43,21.02379604162864,0.0008327792278761257,0.00018029033512942703,5.475327541129099e-05
33,44,21.93171219946131,0.000656584812599645,0.0001729598457529327,4.2367307959934e-05
33,45,22.847319317591726,0.0004868595363702603,0.00016732567137747433,3.0965204005076814e-05
33,46,23.769728648009426,0.00032193346984469635,0.00016334005886272098,2.026709320766156e-05
33,47,24.698178070456937,0.00016017941864481834,0.00016096673492234817,1.0022544505701033e-05
33,48,25.632011235952593,0.0,8.008970932240917e-05,-0.0
34,0,26.0,0.0,-7.486796351668718e-05,-0.0
34,1,25.079872407968907,0.00014973592703337437,-0.0001504224793490832,1.0443824596420803e-05
34,2,24.166091947189145,0.0003008449586981664,-0.0001524816104491165,2.1098535498452676e-05
34,3,23.259406699226016,0.0004546991479316073,-0.0001559191277024,3.2182041643182376e-05
34,4,22.360679774997898,0.0006126832141029664,-0.00016074949562203263,4.3927362949439845e-05
34,5,21.470910553583888,0.0007761981391756726,-0.00016698886653214597,5.659075955996871e-05
34,6,20.591260281974,0.0009466609471672584,-0.00017465018940734424,7.046046925343353e-05
34,7,19.72308292331602,0.001125498517990361,-0.0001837357371886538,8.586609034811927e-05
34,8,18.867962264113206,0.001314132421544566,-0.00019422601161625498,0.00010318842738529289
34,9,18.027756377319946,0.001513950541222871,-0.00020606359979792946,0.0001228692249886003
34,10,17.204650534085253,0.0017262596211404249,-0.00021913012487196715,0.00014541954394713802
34,11,16.401219466856727,0.0019522107909668053,-0.00023321403163946875,0.00017142442700251244
34,12,15.620499351813308,0.0021926876844193624,-0.0002479667660471446,0.0002015397541998156
34,13,14.866068747318506,0.0024481443230610946,-0.0002628453361144462,0.0002364745711521247
34,14,14.142135623730951,0.002718378356648255,-0.0002770410023947294,0.00027694853937979187
34,15,13.45362404707371,0.0030022263278505533,-0.0002893981258475025,0.0003236096940568993
34,16,12.806248474865697,0.00329717460834326,-0.00029833568288471107,0.0003768934665389161
34,17,12.206555615733702,0.0035988976936199755,-0.0003017984390529399,0.00043680284147103437
34,18,11.661903789690601,0.0039007714864491396,-0.00029728576955652766,0.0005025976628289656
34,19,11.180339887498949,0.004193469232733031,-0.00028202955076685535,0.0005724087916890853
34,20,10.770329614269007,0.00446483058798285,-0.000253404020382706,0.0006428529053422946
34,21,10.44030650891055,0.004700277273498443,-0.00020961932264494491,0.0007088218976898483
34,22,10.198039027185569,0.00488406923327274,-0.00015063322283504236,0.0007637305292222669
34,23,10.04987562112089,0.0050015437191685275,-7.899085208665441e-05,0.0008005289551020218
34,24,10.0,0.005042050937446049,-5.70379015858713e-08,0.0008135401927190644
34,25,10.04987562112089,0.005001657794971699,7.887750928845579e-05,0.0008005349240921447
34,26,10.198039027185569,0.004884295918869137,0.00015052207382928008,0.0007637423904934917
34,27,10.44030650891055,0.004700613647313139,0.0002095118125800162,0.000708839498371906
34,28,10.770329614269007,0.004465272293709105,0.00025330156844747057,0.0006428760174914459
34,29,11.180339887498949,0.004194010510418198,0.0002819335400234572,0.0005724371139178219
34,30,11.661903789690601,0.0039014052136621905,0.00029719753699070464,0.0005026308224565545
34,31,12.206555615733702,0.0035996154364367886,0.00030171926590000274,0.00043684039719492146
34,32,12.806248474865697,0.003297966681862185,0.0002982667852890928,0.0003769349115979369
34,33,13.45362404707371,0.003003081865858603,0.0002893406459143037,0.000323654459879253
34,34,14.142135623730951,0.0027192853900335776,0.0002769959996840538,0.0002769959996840516
34,35,14.866068747318506,0.0024490898664904955,0.00026281377963451643,0.0002365240464837204
34,36,15.620499351813308,0.0021936578307645447,0.00024794952679082203,0.00020159051687163878
34,37,16.401219466856727,0.0019531908129088514,0.00023321187571413075,0.0001714757064108231
34,38,17.204650534085253,0.0017272340793362832,0.00021914370726252045,0.00014547053223253883
34,39,18.027756377319946,0.0015149033983838105,0.0002060934588038586,0.00012291908300351626
34,40,18.867962264113206,0.001315047161728566,0.0001942725639979396,0.0001032362909378008
34,41,19.72308292331602,0.0011263582703879313,0.00018379927405358262,8.591107667709798e-05
34,42,20.591260281974,0.0009474486136214008,0.00017473087286567617,7.050168370270691e-05
34,43,21.470910553583888,0.0007768965246565789,0.00016708672714212775,5.662730240401227e-05
34,44,22.360679774997898,0.0006132751593371453,0.00016086443064737798,4.3958336333915716e-05
34,45,23.259406699226016,0.00045516766336182297,0.00015605090019230934,3.22065565942809e-05
34,46,24.166091947189145,0.0003011733589525266,0.00015262984915446993,2.1115718958134093e-05
34,47,25.079872407968907,0.00014990796505288308,0.0001505866794762633,1.0452826442290065e-05
34,48,26.0,0.0,7.495398252644154e-05,-0.0
35,0,26.40075756488817,0.0,-6.95555395153692e-05,-0.0
35,1,25.495097567963924,0.0001391110790307384,-0.00013969574109174625,1.0745826294501781e-05
35,2,24.596747752497688,0.0002793914821834925,-0.0001414461476617849,2.1686732913955365e-05
35,3,23.706539182259394,0.0004220033743543082,-0.00014435844413136572,3.3023036318078074e-05
35,4,22.825424421026653,0.0005681083704462239,-0.00014843041232136874,4.4966485384704614e-05
35,5,21.95449840010015,0.0007188641989970457,-0.00015365444645811178,5.774612075273459e-05
35,6,21.095023109728988,0.0008754172633624475,-0.00016001242929798134,7.161419582241802e-05
35,7,20.248456731316587,0.0010388890575930084,-0.00016746825464561416,8.685197216676813e-05
35,8,19.4164878389476,0.0012103537726536758,-0.00017595727993647311,0.00010377496406812064
35,9,18.601075237738275,0.0013908036174659546,-0.00018537181162036264,0.00012273682734197187
35,10,17.804493814764857,0.001581097395894401,-0.00019554159488562777,0.00014413050384842643
35,11,17.029386365926403,0.0017818868072372101,-0.00020620829405792627,0.00016838437073565967
35,12,16.278820596099706,0.0019935139840102536,-0.0002169932889982797,0.0001959499342184624
35,13,15.556349186104045,0.0022158733852337695,-0.0002273590758859155,0.0002272760363105635
35,14,14.866068747318506,0.0024482321357820846,-0.00023656660302972068,0.0002627627479171574
35,15,14.212670403551895,0.002689006591293211,-0.0002436345899388293,0.0003026865830259673
35,16,13.601470508735444,0.0029355013156597432,-0.0002473128539352877,0.00034708850853292905
35,17,13.038404810405298,0.0031836322991637862,-0.00024609001421037184,0.0003956195859828532
35,18,12.529964086141668,0.003427681344080487,-0.0002382653147179276,0.00044734937138180084
35,19,12.083045973594572,0.0036601629285996414,-0.00022212029464076808,0.000500563570811133
35,20,11.704699910719626,0.003871921933362023,-0.00019621943150793146,0.0005526122874123889
35,21,11.40175425099138,0.004052601791615504,-0.00015983593237927523,0.0005999129504495387
35,22,11.180339887498949,0.0041915937981205735,-0.00011342809033544187,0.0006382392296226096
35,23,11.045361017187261,0.004279457972286388,-5.899277621343544e-05,0.0006633903886139657
35,24,11.0,0.004309579350547444,-5.393755087013119e-08,0.0006721779931739009
35,25,11.045361017187261,0.004279565847388128,5.888559427368739e-05,0.0006633968067734446
35,26,11.180339887498949,0.00419180816200007,0.00011332298294207269,0.0006382519834606567
35,27,11.40175425099138,0.004052919881503983,0.00015973426612859868,0.0005999318755914305
35,28,11.704699910719626,0.0038723396297428722,0.00019612254844704967,0.0005526371387627731
35,29,12.083045973594572,0.0036606747846098836,0.0002220295026542716,0.0005005940243015944
35,30,12.529964086141668,0.003428280624434329,0.00023818187811838211,0.00044738502628863556
35,31,13.038404810405298,0.0031843110283731194,0.0002460151445901188,0.00039565996779406735
35,32,13.601470508735444,0.0029362503352540915,0.0002472477013343911,0.00034713307235438194
35,33,14.212670403551895,0.002689815625704337,0.00024358023438179584,0.0003027347174998844
35,34,14.866068747318506,0.0024490898664905,0.00023652404648371607,0.000262813779634521
35,35,15.556349186104045,0.002216767532736905,0.00022732923468747742,0.00022732923468747352
35,36,16.278820596099706,0.001994431397115545,0.0002169769867969726,0.00019600451680874841
35,37,17.029386365926403,0.0017828135591429599,0.00020620625531857174,0.00016843950894770965
35,38,17.804493814764857,0.0015820188864784015,0.00019555443899088988,0.00014418532903036027
35,39,18.601075237738275,0.00139170468116118,0.0001854000476101392,0.00012279043720054433
35,40,19.4164878389476,0.001211218791258123,0.00017600130191762833,0.000103826429379825
35,41,20.248456731316587,0.0010397020773259234,0.0001675283379025189,8.690034374267365e-05
35,42,21.095023109728988,0.0008761621154530852,0.00016008872712891113,7.165851168259321e-05
35,43,21.95449840010015,0.0007195246230681012,0.00015374698776063583,5.778541346681079e-05
35,44,22.825424421026653,0.0005686681399318136,0.00014853909994320133,4.499978953445002e-05
35,45,23.706539182259394,0.0004224464231816985,0.0001444830540016927,3.30493960332847e-05
35,46,24.596747752497688,0.00027970203192842816,0.00014158632871073015,2.1705209439281222e-05
35,47,25.495097567963924,0.0001392737657602382,0.00013985101596421408,1.0755505534084986e-05
35,48,26.40075756488817,0.0,6.96368828801191e-05,-0.0
36,0,26.832815729997478,0.0,-6.41221372221854e-05,-0.0
36,1,25.942243542145693,0.0001282442744443708,-0.00012873574643512784,1.0936255856983378e-05
36,2,25.059928172283335,0.0002574714928702557,-0.0001302044004255402,2.2049278873236317e-05
36,3,24.186773244895647,0.00038865307529545117,-0.00013263937523165075,3.351941991686539e-05
36,4,23.323807579381203,0.0005227502433335572,-0.00013602641118737611,4.553509724905763e-05
36,5,22.47220505424423,0.0006607058976702034,-0.00014034115609443256,5.829667568215682e-05
36,6,21.633307652783937,0.0008034325555224223,-0.0001455443379933107,7.20200475825237e-05
36,7,20.808652046684813,0.0009517945736568248,-0.00015157496894295118,8.693961373236155e-05
36,8,20.0,0.0011065824934083247,-0.00015834115644105124,0.00010331015054996454
36,9,19.209372712298546,0.0012684768865389273,-0.00016570806001762366,0.00012140673902789022
36,10,18.439088914585774,0.001437998613443572,-0.00017348258147827935,0.00014152149375639702
36,11,17.69180601295413,0.001615442049495486,-0.00018139460126943277,0.00016395524939698052
36,12,16.97056274847714,0.0018007878159824375,-0.0001890751004722408,0.00018900164836968048
36,13,16.278820596099706,0.0019935922504399676,-0.00019603252241575124,0.0002169203088667796
36,14,15.620499351813308,0.00219285286081394,-0.0002016304556793256,0.00024789515723537797
36,15,15.0,0.0023968531617986188,-0.00020507236523173086,0.000281974044058445
36,16,14.422205101855956,0.0026029975912774017,-0.00020540267992782513,0.0003189872461261585
36,17,13.892443989449804,0.002807658521654269,-0.00020153757620406808,0.00035844662139893177
36,18,13.416407864998739,0.003006072743685538,-0.00019234178472824783,0.0003994355114031252
36,19,13.0,0.0031923420911107647,-0.0001767666347362673,0.0004405129697943723
36,20,12.649110640673518,0.0033596060131580725,-0.00015405464074430032,0.00047967333150453813
36,21,12.36931687685298,0.0035004513725993653,-0.00012399238043472416,0.000514417302532431
36,22,12.165525060596439,0.003607590774027521,-8.715578467061538e-05,0.0005419897363157001
36,23,12.041594578792296,0.003674762941940596,-4.505208853536314e-05,0.0005598021967899466
36,24,12.0,0.003697694951098247,-5.061974210694535e-08,0.0005659730791970155
36,25,12.041594578792296,0.00367486418142481,4.49514995752116e-05,0.0005598090347426867
36,26,12.165525060596439,0.003607791951947824,8.705714264726594e-05,0.0005420033243451869
36,27,12.36931687685298,0.003500749896130278,0.0001238969678821326,0.0005144374655131759
36,28,12.649110640673518,0.0033599980161835587,0.0001539637171576345,0.0004796998083095984
36,29,13.0,0.003192822461815009,0.00017668142754931966,0.000440545415159735
36,30,13.416407864998739,0.0030066351610849194,0.00019226348048317758,0.00039947349839422196
36,31,13.892443989449804,0.002808295500848654,0.00020146731196574912,0.00035848964446802173
36,32,14.422205101855956,0.002603700537153421,0.00020534153499490986,0.0003190347247386809
36,33,15.0,0.002397612430858834,0.00020502135319444277,0.0002820253268698723
36,34,15.620499351813308,0.0021936578307645356,0.0002015905168716429,0.00024794952679081813
36,35,16.278820596099706,0.0019944313971155484,0.00019600451680874386,0.00021697698679697672
36,36,16.97056274847714,0.001801648797147048,0.00018905980105105816,0.0001890598010510549
36,37,17.69180601295413,0.001616311795013432,0.0001813926879357426,0.0001640139940419081
36,38,18.439088914585774,0.0014388634212755627,0.00017349463551535513,0.00014157990489719425
36,39,19.209372712298546,0.0012693225239827218,0.00016573455915332332,0.00012146385535466008
36,40,20.0,0.001107394302968916,0.00015838247054006892,0.00010336498206142686
36,41,20.808652046684813,0.000952557582902584,0.00015163135635635084,8.699114915579847e-05
36,42,21.633307652783937,0.0008041315902562144,0.0001456159425898133,7.206726201742017e-05
36,43,22.47220505424423,0.0006613256977229574,0.00014042800499398456,5.833853842153767e-05
36,44,23.323807579381203,0.0005232755802682453,0.0001361284132138519,4.557057972886741e-05
36,45,24.186773244895647,0.00038906887129525357,0.00013275632009714054,3.3547503746739644e-05
36,46,25.059928172283335,0.0002577629400739642,0.00013033595865527022,2.2068963895666198e-05
36,47,25.942243542145693,0.0001283969539847131,0.0001288814700369821,1.0946568188582711e-05
36,48,26.832815729997478,0.0,6.419847699235655e-05,-0.0
37,0,27.294688127912362,0.0,-5.861928365838582e-05,-0.0
37,1,26.419689627245813,0.00011723856731677164,-0.00011764646221850993,1.1032633087597251e-05
37,2,25.553864678361276,0.00023529292443701986,-0.00011886298360190289,2.2222479396946665e-05
37,3,24.698178070456937,0.0003549645345205774,-0.0001208726257555444,3.372888933150006e-05
37,4,23.853720883753127,0.00047703817594810867,-0.0001236531565560773,4.571636835231391e-05
37,5,23.021728866442675,0.000602270847632732,-0.0001271694961246457,5.835682119402773e-05
37,6,22.20360331117452,0.0007313771681974001,-0.0001313694912477766,7.183129716319527e-05
37,7,21.400934559032695,0.0008650098301282853,-0.0001361781516781733,8.633089954883464e-05
37,8,20.615528128088304,0.0010037334715537467,-0.00014149015464094445,0.000102056357247893
37,9,19.849433241279208,0.0011479901394101742,-0.00014716046841393017,0.0001192155317154064
37,10,19.1049731745428,0.001298054408381607,-0.00015299308451653746,0.00013801784469825995
37,11,18.384776310850235,0.001453976308443249,-0.0001587281394446428,0.0001586642748034263
37,12,17.69180601295413,0.0016155106872708927,-0.00016402822952848062,0.00018133122919228675
37,13,17.029386365926403,0.0017820327675002103,-0.00016846556702021802,0.00020614635516821346
37,14,16.401219466856727,0.0019524418213113287,-0.0001715128678380553,0.00023315441517313498
37,15,15.811388300841896,0.002125058503176321,-0.00017254250104804878,0.000262272041646683
37,16,15.264337522473747,0.0022975268234074263,-0.0001708402765948009,0.0002932319992337421
37,17,14.7648230602334,0.0024667390563659227,-0.0001656417489334051,0.0003255210836282966
37,18,14.317821063276353,0.0026288103212742365,-0.00015619896632248706,0.0003583214059065358
37,19,13.92838827718412,0.002779136989010897,-0.00014188247453935515,0.0003904723015916362
37,20,13.601470508735444,0.0029125752703529468,-0.00012231509876987272,0.0004204776710992155
37,21,13.341664064126334,0.0030237671865506422,-9.751952756811323e-05,0.0004465869042787052
37,22,13.152946437965905,0.0031076143254891732,-6.80431960779263e-05,0.00046696977834519734
37,23,13.038404810405298,0.003159853578706495,-3.5009433332120095e-05,0.0004799800171409077
37,24,13.0,0.0031776331921534134,-4.709959813007161e-08,0.0004844589525937941
37,25,13.038404810405298,0.003159947777902755,3.491583942185879e-05,0.00047998724384065044
37,26,13.152946437965905,0.003107801513309696,6.795141371256194e-05,0.0004669841388729476
37,27,13.341664064126334,0.003024044950477631,9.743075009301019e-05,0.0004466082135526539
37,28,13.601470508735444,0.0029129400131236755,0.00012223049809360876,0.0004205056531473245
37,29,13.92838827718412,0.0027795839542904136,0.00014180319273889518,0.0003905065915208517
37,30,14.317821063276353,0.002629333627645885,0.00015612610742666883,0.0003583615525108801
37,31,14.7648230602334,0.002467331739437076,0.00016557637093457772,0.00032556655261864876
37,32,15.264337522473747,0.0022981808857767297,0.00017078338373624166,0.0002932821770716778
37,33,15.811388300841896,0.0021257649719645926,0.00017249503643393307,0.0002623262399576716
37,34,16.401219466856727,0.0019531908129088635,0.0001714757064108205,0.0002332118757141314
37,35,17.029386365926403,0.0017828135591429516,0.0001684395089477142,0.00020620625531856925
37,36,17.69180601295413,0.0016163117950134351,0.00016401399404190398,0.0001813926879357451
37,37,18.384776310850235,0.0014547855710591437,0.00015872635916471109,0.00015872635916470848
37,38,19.1049731745428,0.001298859076684013,0.00015300430030364186,0.00013807957659546467
37,39,19.849433241279208,0.00114877697045186,0.0001471851247743718,0.00011927589518682415
37,40,20.615528128088304,0.0010044888271352693,0.00014152859571876672,0.000102114306009232
37,41,21.400934559032695,0.0008657197790143265,0.00013623061785851223,8.638536483497773e-05
37,42,22.20360331117452,0.0007320275914182449,0.00013143611639465034,7.188119580663879e-05
37,43,23.021728866442675,0.0006028475462250258,0.00012725030547208307,5.84010638903788e-05
37,44,23.853720883753127,0.00047752698047407875,0.0001237480652684033,4.575386806238035e-05
37,45,24.698178070456937,0.0003553514156882192,0.00012098143816849149,3.375856976757665e-05
37,46,25.553864678361276,0.00023556410413709577,0.00011898539315257321,2.2243283541467442e-05
37,47,26.419689627245813,0.00011738062938307279,0.00011778205206854788,1.1043531690032065e-05
37,48,27.294688127912362,0.0,5.8690314691536395e-05,-0.0
38,0,27.784887978899608,0.0,-5.308950413458815e-05,-0.0
38,1,26.92582403567252,0.0001061790082691763,-0.00010651326703818117,1.105297489612657e-05
38,2,26.076809620810597,0.00021302653407636235,-0.00010750814418163737,2.224342612829485e-05
38,3,25.238858928247925,0.00032119529663245105,-0.00010914548627628351,3.370975952048574e-05
38,4,24.413111231467404,0.00043131750662892936,-0.00011139847932484844,4.5593133694771313e-05
38,5,23.600847442411894,0.0005439922552821479,-0.0001142262272835512,5.8038419539752035e-05
38,6,22.80350850198276,0.0006597699611960318,-0.00011757025963850379,7.119458167301196e-05
38,7,22.02271554554524,0.0007791327745591555,-0.00012134990885825345,8.521416083313816e-05
38,8,21.2602916254693,0.0009024697789125387,-0.0001254565242744795,0.0001002514213085469
38,9,20.518284528683193,0.0010300458231081145,-0.0001297465725672567,0.00011645858338422499
38,10,19.79898987322333,0.001161962924047052,-0.00013403383839025943,0.00013397939715511142
38,11,19.1049731745428,0.0012981134998886334,-0.00013808121677540597,0.00015293915608612367
38,12,18.439088914585774,0.001438125357597864,-0.00014159302010745365,0.0001734301477497684
38,13,17.804493814764857,0.0015812995401035407,-0.000144209336434903,0.0001954915866346353
38,14,17.204650534085253,0.00172654403046767,-0.00014550476920085608,0.00021908341475312574
38,15,16.64331697709324,0.0018723090785052528,-0.00014499478117112373,0.00024405419289945678
38,16,16.1245154965971,0.0020165335928099175,-0.0001421536379462115,0.00027010487635268363
38,17,15.652475842498529,0.002156616354397676,-0.0001364481695312744,0.0002967527641708586
38,18,15.231546211727817,0.0022894299318724663,-0.00012739056676490824,0.0003233032970331093
38,19,14.866068747318506,0.0024113974879274923,-0.00011461036954358759,0.00034884110271823834
38,20,14.560219778561036,0.0025186506709596415,-9.794003805723133e-05,0.0003722543295500741
38,21,14.317821063276353,0.002607277564041955,-7.750027318874234e-05,0.00039230540571719456
38,22,14.142135623730951,0.002673651217337126,-5.376267180841289e-05,0.00040775392167042017
38,23,14.035668847618199,0.0027148029076587807,-2.7562914286766377e-05,0.0004175216224369788
38,24,14.0,0.002728777045910659,-4.3393042364198164e-08,0.0004208681832489796
38,25,14.035668847618199,0.002714889693743509,2.7476685854365074e-05,0.00041752920530767953
38,26,14.142135623730951,0.0026738236742019287,5.367811235926939e-05,0.00040776898996283694
38,27,14.317821063276353,0.0026075334690249703,7.741848215650948e-05,0.00039232776522778266
38,28,14.560219778561036,0.0025189867098889098,9.786209512583233e-05,0.00037228369070531884
38,29,14.866068747318506,0.0024118092787733057,0.0001145373269128753,0.00034887708264136016
38,30,15.231546211727817,0.002289912056063159,0.00012732344158097463,0.00032334542228013214
38,31,15.652475842498529,0.0021571623956113564,0.00013638793652654682,0.00029680047412021385
38,32,16.1245154965971,0.0020171361830100655,0.00014210122233393268,0.00027015752722732824
38,33,16.64331697709324,0.001872959950943491,0.00014495105183689636,0.00024411106239819434
38,34,17.204650534085253,0.0017272340793362728,0.00014547053223254057,0.00021914370726252295
38,35,17.804493814764857,0.00158201888647841,0.00014418532903035756,0.00019555443899088815
38,36,18.439088914585774,0.0014388634212755577,0.0001415799048971974,0.0001734946355153547
38,37,19.1049731745428,0.0012988590766840151,0.00013807957659546218,0.00015300430030364327
38,38,19.79898987322333,0.0011627042680846333,0.0001340441715374708,0.00013404417153746928
38,39,20.518284528683193,0.0010307707336090735,0.00012976928856709064,0.00011652192189752681
38,40,21.2602916254693,0.0009031656909504521,0.0001254919401882225,0.00010031222610188214
38,41,22.02271554554524,0.0007797868532326285,0.00012139824615375763,8.527131046674177e-05
38,42,22.80350850198276,0.0006603691986429368,0.00011763164164521438,7.124693959492277e-05
38,43,23.600847442411894,0.0005445235699421998,0.00011430067724972612,5.8084842758637095e-05
38,44,24.413111231467404,0.00043176784414348455,0.00011148591909104975,4.5632481596124375e-05
38,45,25.238858928247925,0.00032155173176010027,0.00010924573557622763,3.374090277123316e-05
38,46,26.076809620810597,0.0002132763729910293,0.00010762092057772565,2.226525561514814e-05
38,47,26.92582403567252,0.00010630989060464898,0.00010663818649551465,1.106441064150319e-05
38,48,27.784887978899608,0.0,5.315494530232449e-05,-0.0
39,0,28.30194339616981,0.0,-4.756630876225925e-05,-0.0
39,1,27.459060435491963,9.51326175245185e-05,-9.540303609021508e-05,1.1014958295436195e-05
39,2,26.627053911388696,0.00019080607218043016,-9.620619897754372e-05,2.2148306893211655e-05
39,3,25.80697580112788,0.00028754501547960593,-9.752291818906794e-05,3.351839971200876e-05
39,4,25.0,0.00038585190855856604,-9.932449653681102e-05,4.524444742251717e-05
39,5,24.20743687382041,0.00048619400855322796,-0.00010156804814640506,5.744651414291255e-05
39,6,23.430749027719962,0.0005889880048513762,-0.00010419374995439048,7.024494089492118e-05
39,7,22.67156809750927,0.0006945815084620089,-0.00010712131204263837,8.375891821717294e-05
39,8,21.93171219946131,0.0008032306289366529,-0.00011024573208985762,9.810385974367582e-05
39,9,21.213203435596427,0.0009150729726417242,-0.00011343249256736565,0.00011338714944678877
39,10,20.518284528683193,0.0010300956140713842,-0.00011651251181463878,0.00012970176179338155
39,11,19.849433241279208,0.0011480979962710017,-0.00011927738884998584,0.00014711721245071305
39,12,19.209372712298546,0.0012686503917713559,-0.000121475798979969,0.00016566733117579717
39,13,18.601075237738275,0.0013910495942309397,-0.00012281230001686067,0.0001853345245339525
39,14,18.027756377319946,0.0015142749918050772,-0.0001229502615732338,0.00020603060434766724
39,15,17.4928556845359,0.0016369501173774074,-0.00012152103944849089,0.00022757500291001168
39,16,17.0,0.001757317070702059,-0.00011814170532339907,0.0002496723665958711
39,17,16.55294535724685,0.0018732335280242055,-0.00011244332825297943,0.00027189312377570534
39,18,16.15549442140351,0.001982203727208018,-0.00010411062777510732,0.0002936624826125545
39,19,15.811388300841896,0.00208145478357442,-9.293144202239035e-05,0.00031426493085166124
39,20,15.524174696260024,0.0021680666112527986,-7.88507957709165e-05,0.00033287176686821226
39,21,15.297058540778355,0.002239156375116253,-6.201993544776717e-05,0.00034859723566323857
39,22,15.132745950421556,0.002292106482148333,-4.282697935814204e-05,0.0003605833457609336
39,23,15.033296378372908,0.002324810333832537,-2.1895171753560667e-05,0.000368104365339447
39,24,15.0,0.0023358968256554542,-3.951672742936313e-08,0.0003706715961936083
39,25,15.033296378372908,0.002324889367287396,2.1816646135716135e-05,0.0003681122704210023
39,26,15.132745950421556,0.002292263533384022,4.274997363266507e-05,0.00036059905433427554
39,27,15.297058540778355,0.002239389420022066,6.194545083549208e-05,0.0003486205452727537
39,28,15.524174696260024,0.002168372631713038,7.877981550718626e-05,0.0003329023756358996
39,29,15.811388300841896,0.0020818297890076933,9.286492431370848e-05,0.00031430243963156566
39,30,16.15549442140351,0.001982642783085621,0.00010404949890552252,0.0002937063978432522
39,31,16.55294535724685,0.0018737307911966482,0.00011238847588177382,0.00027194286101369974
39,32,17.0,0.0017578658313220732,0.00011809397201422215,0.00024972725470890657
39,33,17.4928556845359,0.001637542847168204,0.00012148121646912778,0.00022763428890488135
39,34,18.027756377319946,0.0015149033983838176,0.0001229190830035143,0.00020609345880385523
39,35,18.601075237738275,0.0013917046811611753,0.00012279043720054596,0.00018540004761014202
39,36,19.209372712298546,0.0012693225239827257,0.0001214638553546591,0.00016573455915332212
39,37,19.849433241279208,0.0011487769704518571,0.00011927589518682567,0.00014718512477437235
39,38,20.518284528683193,0.0010307707336090744,0.0001165219218975254,0.00012976928856709086
39,39,21.213203435596427,0.0009157331266568063,0.00011345317933878467,0.00011345317933878418
39,40,21.93171219946131,0.0008038643749315051,0.00011027798428798167,9.816724825312126e-05
39,41,22.67156809750927,0.000695177158080843,0.00010716533135155285,8.381849625212353e-05
39,42,23.430749027719962,0.0005895337122283994,0.00010424964868654567,7.029952360895341e-05
39,43,24.20743687382041,0.00048667786070775163,0.00010163584747328468,5.7494909976750096e-05
39,44,25.0,0.00038626201728183,9.940412528099937e-05,4.5285467294543824e-05
39,45,25.80697580112788,0.0002878696101457529,9.761421218751526e-05,3.355086630156862e-05
39,46,26.627053911388696,0.0001910335929067995,9.630890102284324e-05,2.217106395848051e-05
39,47,27.459060435491963,9.525180810006641e-05,9.551679645339974e-05,1.1026879968453836e-05
39,48,28.30194339616981,0.0,4.7625904050033205e-05,-0.0
40,0,28.844410203711913,0.0,-4.207454583915196e-05,-0.0
40,1,28.0178514522438,8.414909167830392e-05,-8.436496014496952e-05,1.0935287174057615e-05
40,2,27.202941017470888,0.00016872992028993904,-8.500470276506481e-05,2.197114856397297e-05
40,3,26.40075756488817,0.00025415849720843354,-8.604934574697799e-05,3.320738045938586e-05
40,4,25.612496949731394,0.000340828611783895,-8.747036489394465e-05,4.474320173261759e-05
40,5,24.839484696748443,0.00042909922699632284,-8.92257338111472e-05,5.667656328461315e-05
40,6,24.08318915758459,0.0005192800794061894,-9.125785556424339e-05,6.910294006424165e-05
40,7,23.345235059857504,0.0006116149381248096,-9.34909900094988e-05,8.21133823720936e-05
40,8,22.627416997969522,0.000706262059425187,-9.582829304486366e-05,9.579156707746199e-05
40,9,21.93171219946131,0.000803271524214537,-9.814867051755098e-05,0.00011020955697805434
40,10,21.2602916254693,0.000902559400460289,-0.00010030377538633515,0.0001254219616479187
40,11,20.615528128088304,0.0010038790749872073,-0.00010211564739299035,0.000141458217630196
40,12,20.0,0.0011067906952462697,-0.00010337570802421419,0.00015831280164515973
40,13,19.4164878389476,0.0012106304910356356,-0.00010384606326303294,0.00017593339982595682
40,14,18.867962264113206,0.0013144828217723356,-0.00010326429082479691,0.00019420742741891087
40,15,18.35755975068582,0.0014171590726852294,-0.00010135301892291986,0.0002129478696904092
40,16,17.88854381999832,0.0015171888596181753,-9.783551708051784e-05,0.00023188020815167933
40,17,17.46424919657298,0.0016128301068462651,-9.2458053514591e-05,0.00025063314741190733
40,18,17.08800749063506,0.0017021049666473573,-8.501875968895233e-05,0.0002687367830107631
40,19,16.76305461424021,0.0017828676262241698,-7.540108528792983e-05,0.0002856323934420148
40,20,16.492422502470642,0.001852907137223217,-6.3607733245654e-05,0.00030069767407438816
40,21,16.278820596099706,0.0019100830927154778,-4.9788694296021e-05,0.0003132893790786551
40,22,16.1245154965971,0.001952484525815259,-3.4255542132204434e-05,0.0003228016693461503
40,23,16.0312195418814,0.0019785941769798867,-1.747466385409167e-05,0.0003287333557546691
40,24,16.0,0.0019874338535234423,-3.5487960808920985e-08,0.00033075215984754245
40,25,16.0312195418814,0.0019786651529015045,1.7404143995032313e-05,0.00032874154785416255
40,26,16.1245154965971,0.0019526255655333777,3.41863872110208e-05,0.00032281794826687115
40,27,16.278820596099706,0.001910292378479463,4.972180345813354e-05,0.0003133135350142272
40,28,16.492422502470642,0.0018531819586171106,6.354398948464428e-05,0.00030072939418626166
40,29,16.76305461424021,0.0017832043995101743,7.534134912022788e-05,0.00028567126409206585
40,30,17.08800749063506,0.0017024992603766548,8.49638629631087e-05,0.0002687822927173552
40,31,17.46424919657298,0.001613276673583957,9.240879339220121e-05,0.00025068469051161993
40,32,17.88854381999832,0.0015176816735922524,9.779265022511429e-05,0.00023193708914477358
40,33,18.35755975068582,0.0014176913731337283,0.00010131725593184502,0.00021300930824404293
40,34,18.867962264113206,0.0013150471617285624,0.00010323629093780123,0.00019427256399794264
40,35,19.4164878389476,0.0012112187912581259,0.00010382642937982445,0.00017600130191762627
40,36,20.0,0.0011073943029689135,0.00010336498206142773,0.00015838247054007065
40,37,20.615528128088304,0.0010044888271352704,0.00010211430600923091,0.00014152859571876585
40,38,21.2602916254693,0.0009031656909504516,0.00010031222610188263,0.00012549194018822267
40,39,21.93171219946131,0.0008038643749315052,9.816724825312105e-05,0.00011027798428798173
40,40,22.627416997969522,0.0007068311944442095,9.585725710156186e-05,9.585725710156175e-05
40,41,23.345235059857504,0.0006121498607283815,9.353052150958978e-05,8.217512357086934e-05
40,42,24.08318915758459,0.00051977015142503,9.130805536984094e-05,6.915950457178036e-05
40,43,24.839484696748443,0.00042953374998869957,8.928662093531654e-05,5.672671627830335e-05
40,44,25.612496949731394,0.0003411969095543969,8.754187541586828e-05,4.4785710957587384e-05
40,45,26.40075756488817,0.000254449999156963,8.613133224016431e-05,3.324102584861192e-05
40,46,27.202941017470888,0.00016893424507406828,8.509693424461086e-05,2.1994731894728654e-05
40,47,28.0178514522438,8.42561306677413e-05,8.446712253703414e-05,1.0947641700192964e-05
40,48,28.844410203711913,0.0,4.212806533387065e-05,-0.0
41,0,29.410882339705484,0.0,-3.663102158820163e-05,-0.0
41,1,28.600699292150182,7.326204317640327e-05,-7.343188752624211e-05,1.0829248927425318e-05
41,2,27.80287754891569,0.00014686377505248422,-7.393410569221548e-05,2.1742955608786515e-05
41,3,27.018512172212592,0.0002211302545608342,-7.475086502042332e-05,3.282425319062486e-05
41,4,26.248809496813376,0.00029636550509333086,-7.585531371158373e-05,4.415465830629755e-05
41,5,25.495097567963924,0.00037284088198400166,-7.7208309814781e-05,5.581291545216435e-05
41,6,24.758836806279895,0.00045078212472289287,-7.875693086691003e-05,6.787340524805807e-05
41,7,24.041630560342615,0.0005303547437178217,-8.043268502941803e-05,8.040394781368612e-05
41,8,23.345235059857504,0.0006116474947817289,-8.214955748389688e-05,9.346282080850991e-05
41,9,22.67156809750927,0.0006946538586856155,-8.380209799690894e-05,0.00010709480958048101
41,10,22.02271554554524,0.0007792516907755468,-8.526385116249712e-05,0.00012132612567162257
41,11,21.400934559032695,0.0008651815610106097,-8.638654885274481e-05,0.0001361580855987574
41,12,20.808652046684813,0.0009520247884810364,-8.700061678420818e-05,0.00015155955499789232
41,13,20.248456731316587,0.001039182794579026,-8.691767424310953e-05,0.0001674583574268203
41,14,19.72308292331602,0.0011258601369672555,-8.593579170878142e-05,0.00018373214373905542
41,15,19.235384061671343,0.001211054377996589,-8.384825871572243e-05,0.000200199626039851
41,16,18.788294228055936,0.0012935566543987003,-8.045642760190095e-05,0.00021661357999362338
41,17,18.384776310850235,0.0013719672332003908,-7.558675339389565e-05,0.00023265753977444307
41,18,18.027756377319946,0.0014447301611864916,-6.911138174499982e-05,0.0002479485071652638
41,19,17.72004514666935,0.0015101899966903905,-6.09705509587653e-05,0.0002620480448848687
41,20,17.46424919657298,0.0015666712631040222,-5.119381013427623e-05,0.00027448354679607734
41,21,17.26267650163207,0.001612577616958943,-3.991594017600504e-05,0.0002847800380275031
41,22,17.11724276862369,0.0016465031434560323,-2.738300268212803e-05,0.0002925005280205766
41,23,17.029386365926403,0.001667343622323199,-1.3944681252168502e-05,0.00029729009644701993
41,24,17.0,0.0016743925059603693,-3.132462793591518e-08,0.0002989164189907044
41,25,17.029386365926403,0.0016674062715790708,1.3882434555044835e-05,0.00029729853929454705
41,26,17.11724276862369,0.0016466276368502797,2.7321960792729737e-05,0.00029251730521494994
41,27,17.26267650163207,0.0016127623499936114,3.98568967548826e-05,0.0002848049333405282
41,28,17.46424919657298,0.0015669138433405145,5.11375445850249e-05,0.00027451623781368925
41,29,17.72004514666935,0.0015104872608235616,6.091782284480202e-05,0.0002620881053081439
41,30,18.027756377319946,0.0014450781976509104,6.90629253250766e-05,0.000247995409856911
41,31,18.384776310850235,0.0013723614101734084,7.55432723091922e-05,0.0002327106605326157
41,32,18.788294228055936,0.001293991653032526,8.041858974664514e-05,0.00021667220203041865
41,33,19.235384061671343,0.001211524230680118,8.381669132229684e-05,0.00020026294513761464
41,34,19.72308292331602,0.0011263582703879324,8.591107667709765e-05,0.00018379927405358073
41,35,20.248456731316587,0.0010397020773259228,8.690034374267397e-05,0.00016752833790252043
41,36,20.808652046684813,0.0009525575829025844,8.699114915579868e-05,0.00015163135635634932
41,37,21.400934559032695,0.0008657197790143254,8.638536483497768e-05,0.00013623061785851266
41,38,22.02271554554524,0.0007797868532326291,8.527131046674128e-05,0.00012139824615375758
41,39,22.67156809750927,0.0006951771580808429,8.381849625212375e-05,0.0001071653313515528
41,40,23.345235059857504,0.0006121498607283816,8.217512357086928e-05,9.353052150958983e-05
41,41,24.041630560342615,0.0005308269109391043,8.046757882177147e-05,8.046757882177138e-05
41,42,24.758836806279895,0.00045121470308483863,7.880124139397968e-05,6.793170111396902e-05
41,43,25.495097567963924,0.0003732244281511449,7.72620538590917e-05,5.586460355711385e-05
41,44,26.248809496813376,0.00029669059536665523,7.591843485130794e-05,4.4198468677785505e-05
41,45,27.018512172212592,0.00022138755844852904,7.482323312465653e-05,3.285892841710581e-05
41,46,27.80287754891569,0.00014704412911734218,7.401551687442429e-05,2.1767260791586606e-05
41,47,28.600699292150182,7.335652469968048e-05,7.352206455867109e-05,1.0841981607959128e-05
41,48,29.410882339705484,0.0,3.667826234984024e-05,-0.0
42,0,30.0,0.0,-3.124529691172664e-05,-0.0
42,1,29.206163733020468,6.249059382345328e-05,-6.2622004536183e-05,1.0710433958611813e-05
42,2,28.42534080710379,0.000125244009072366,-6.300969850186527e-05,2.1491182748354672e-05
42,3,27.65863337187866,0.00018850999082718382,-6.363764304946696e-05,3.2410850131558204e-05
42,4,26.90724809414742,0.00025251929517129993,-6.448170263240516e-05,4.353570401746974e-05
42,5,26.1725046566048,0.00031747339609199414,-6.550698686938667e-05,5.4928225370267356e-05
42,6,25.45584412271571,0.0003835332689100733,-6.666682320272162e-05,6.664530964946131e-05
42,7,24.758836806279895,0.0004508070424974374,-6.790157444904696e-05,7.873600084419484e-05
42,8,24.08318915758459,0.0005193364178081672,-6.913743127806877e-05,9.123864218466408e-05
42,9,23.430749027719962,0.0005890819050535749,-7.028536565443832e-05,0.00010417734307283349
42,10,22.80350850198276,0.0006599071491170438,-7.124049936805876e-05,0.00011755769688140177
42,11,22.20360331117452,0.0007315629037896924,-7.18822180667206e-05,0.0001313617494375748
42,12,21.633307652783937,0.0008036715852504851,-7.20754361961513e-05,0.00014554232502236479
42,13,21.095023109728988,0.0008757137761819951,-7.167347452186984e-05,0.00016001697650352569
42,14,20.591260281974,0.0009470185342942247,-7.052302221176619e-05,0.0001746620444962548
42,15,20.12461179749811,0.0010167598206055274,-6.84715826683519e-05,0.00018930758065390419
42,16,19.697715603592208,0.0010839616996309285,-6.537760334592577e-05,0.0002037341839014337
42,17,19.313207915827967,0.001147515027297379,-6.112312634295059e-05,0.0002176730550302895
42,18,18.973665961010276,0.0012062079523168297,-5.562825457852672e-05,0.00023081069552250073
42,19,18.681541692269406,0.0012587715364544324,-4.8866045657116274e-05,0.00024279952937220485
42,20,18.439088914585774,0.0013039400436310623,-4.0875740103019564e-05,0.00025327517749562114
42,21,18.24828759089466,0.0013405230166604715,-3.177171307152174e-05,0.00026188008544320983
42,22,18.110770276274835,0.0013674834697741058,-2.1745483712687624e-05,0.0002682917606529829
42,23,18.027756377319946,0.0013840139840858468,-1.1058772883963848e-05,0.0002722522976112716
42,24,18.0,0.0013896010155420334,-2.704511328180826e-08,0.00027359466190465093
42,25,18.027756377319946,0.0013840680743124104,1.1005030219277839e-05,0.0002722609540196575
42,26,18.110770276274835,0.0013675909551034778,2.169278125700193e-05,0.00026830896222457853
42,27,18.24828759089466,0.0013406825117984065,3.172073605687284e-05,0.0002619056104803634
42,28,18.439088914585774,0.001304149482989732,4.082716145225999e-05,0.000253308695428884
42,29,18.681541692269406,0.0012590281888938866,4.882052116344962e-05,0.0002428406031195013
42,30,18.973665961010276,0.0012065084406628328,5.558641818758053e-05,0.0002308587846127037
42,31,19.313207915827967,0.0011478553525187255,6.108558556570888e-05,0.00021772751947248328
42,32,19.697715603592208,0.001084337269531415,6.534493483011323e-05,0.00020379428877668245
42,33,20.12461179749811,0.001017165482858499,6.844432795500709e-05,0.00018937250140199597
42,34,20.591260281974,0.0009474486136214009,7.050168370270702e-05,0.00017473087286567666
42,35,21.095023109728988,0.000876162115453085,7.165851168259305e-05,0.00016008872712891076
42,36,21.633307652783937,0.0008041315902562148,7.206726201741995e-05,0.0001456159425898138
42,37,22.20360331117452,0.0007320275914182451,7.188119580663917e-05,0.00013143611639464974
42,38,22.80350850198276,0.0006603691986429365,7.124693959492277e-05,0.0001176316416452146
42,39,23.430749027719962,0.0005895337122283996,7.02995236089533e-05,0.00010424964868654569
42,40,24.08318915758459,0.0005197701514250299,6.915950457178044e-05,9.1308055369841e-05
42,41,24.758836806279895,0.0004512147030848387,6.793170111396896e-05,7.880124139397982e-05
42,42,25.45584412271571,0.00038390674919709195,6.670508010518341e-05,6.670508010518341e-05
42,43,26.1725046566048,0.00031780454287447187,6.555338849913302e-05,5.4981220922290127e-05
42,44,26.90724809414742,0.0002527999721988259,6.453620027586023e-05,4.35806225693816e-05
42,45,27.65863337187866,0.0001887321423227514,6.370012435396542e-05,3.2446402465623945e-05
42,46,28.42534080710379,0.00012539972349089507,6.307998743546418e-05,2.1516102729186582e-05
42,47,29.206163733020468,6.257216745182305e-05,6.269986174544753e-05,1.0723488711484156e-05
42,48,30.0,0.0,3.1286083725911524e-05,-0.0
43,0,30.610455730027933,0.0,-2.592058762958982e-05,-0.0
43,1,29.832867780352597,5.184117525917964e-05,-5.194070477788744e-05,1.0590584822460531e-05
43,2,29.068883707497267,0.00010388140955577488,-5.223368951926908e-05,2.1239469407393927e-05
43,3,28.319604517012593,0.0001563085542977178,-5.2706343751308254e-05,3.2002981310270574e-05
43,4,27.586228448267445,0.00020929409705839139,-5.3337938472874575e-05,4.293463859750083e-05
43,5,26.870057685088806,0.00026298443124346695,-5.409870418278943e-05,5.408352560615169e-05
43,6,26.1725046566048,0.00031749150542397024,-5.4949155392982544e-05,6.54924054302774e-05
43,7,25.495097567963924,0.00037288274202943204,-5.583935249421526e-05,7.719548971996609e-05
43,8,24.839484696748443,0.00042917021041240076,-5.670821525525824e-05,8.921579950725366e-05
43,9,24.20743687382041,0.0004862991725399485,-5.748304330017125e-05,0.00010156207493580217
43,10,23.600847442411894,0.0005441362970127433,-5.807944479775581e-05,0.0001142252323075736
43,11,23.021728866442675,0.0006024580621354601,-5.84019207117818e-05,0.0001271744297715268
43,12,22.47220505424423,0.0006609401384363068,-5.83453897182573e-05,0.00014035289388677585
43,13,21.95449840010015,0.0007191488415719747,-5.7797954769219526e-05,0.00015367378147190634
43,14,21.470910553583888,0.0007765360479747459,-5.6645187558402915e-05,0.00016701650239576868
43,15,21.02379604162864,0.0008324392166887806,-5.477611931054352e-05,0.00018022409728168318
43,16,20.615528128088304,0.0008860882865958329,-5.2090953225515635e-05,0.00019310242286598014
43,17,20.248456731316587,0.0009366211231398118,-4.8510241772828627e-05,0.00020542200202661496
43,18,19.924858845171276,0.0009831087701414902,-4.398490740308448e-05,0.0002169233825474855
43,19,19.6468827043885,0.0010245909379459808,-3.850606898564489e-05,0.00022732664708539956
43,20,19.4164878389476,0.00106012090811278,-3.2113254063271244e-05,0.00023634526814523925
43,21,19.235384061671343,0.0010888174460725233,-2.4899357018643266e-05,0.0002437037955401381
43,22,19.1049731745428,0.0011099196221500665,-1.7010790514066236e-05,0.0002491579769344676
43,23,19.026297590440446,0.0011228390271006557,-8.641780000500482e-06,0.0002525150342326276
43,24,19.0,0.0011272031821510675,-2.266821955002659e-08,0.0002536512319619986
43,25,19.026297590440446,0.0011228843635397558,8.596734874972436e-06,0.00025252386626042883
43,26,19.1049731745428,0.0011100097124011226,1.6966617253435633e-05,0.000249175527487985
43,27,19.235384061671343,0.0010889511290328845,2.485662995918808e-05,0.0002437298384239876
43,28,19.4164878389476,0.0010602964524827464,3.207253722416279e-05,0.00023637946608347758
43,29,19.6468827043885,0.001024806054584559,3.8467912028621715e-05,0.00022736855412855585
43,30,19.924858845171276,0.000983360628425503,4.394984167805857e-05,0.00021697244725950873
43,31,20.248456731316587,0.0009369063712284418,4.8478776473170936e-05,0.00020547757143262672
43,32,20.615528128088304,0.0008864030754791611,5.2063571676157834e-05,0.0001931637471372011
43,33,21.02379604162864,0.0008327792278761261,5.4753275411291045e-05,0.00018029033512942692
43,34,21.470910553583888,0.000776896524656579,5.662730240401243e-05,0.00016708672714212775
43,35,21.95449840010015,0.0007195246230681013,5.778541346681111e-05,0.00015374698776063567
43,36,22.47220505424423,0.0006613256977229568,5.833853842153767e-05,0.00014042800499398467
43,37,23.021728866442675,0.0006028475462250259,5.8401063890378474e-05,0.00012725030547208315
43,38,23.600847442411894,0.0005445235699421999,5.808484275863723e-05,0.00011430067724972599
43,39,24.20743687382041,0.00048667786070775147,5.749490997675015e-05,0.00010163584747328481
43,40,24.839484696748443,0.00042953374998869957,5.6726716278303406e-05,8.928662093531648e-05
43,41,25.495097567963924,0.00037322442815114465,5.586460355711388e-05,7.726205385909173e-05
43,42,26.1725046566048,0.0003178045428744718,5.498122092228999e-05,6.555338849913305e-05
43,43,26.870057685088806,0.00026326198630656467,5.413759632328989e-05,5.4137596323289915e-05
43,44,27.586228448267445,0.00020952935022789204,5.338361639464176e-05,4.29804684497443e-05
43,45,28.319604517012593,0.00015649475351728115,5.275871328446151e-05,3.2039254924398075e-05
43,46,29.068883707497267,0.00010401192365896902,5.229260312028449e-05,2.1264894960830513e-05
43,47,29.832867780352597,5.190954727671217e-05,5.200596182948451e-05,1.0603904428085836e-05
43,48,30.610455730027933,0.0,2.5954773638356085e-05,-0.0
44,0,31.240998703626616,0.0,-2.065471208926611e-05,-0.0
44,1,30.479501308256342,4.130942417853222e-05,-4.138253512878908e-05,1.0479540675103182e-05
44,2,29.732137494637012,8.276507025757815e-05,-4.1597302014055225e-05,2.100756323197265e-05
44,3,29.0,0.00012450402820664267,-4.194247385936006e-05,3.163040960036483e-05
44,4,28.284271247461902,0.00016665001797629828,-4.2401158336524044e-05,4.23913176596698e-05
44,5,27.586228448267445,0.00020930634487969076,-4.294922003661009e-05,5.332870639889721e-05
44,6,26.90724809414742,0.00025254845804951846,-4.355485908890723e-05,6.447427063590164e-05
44,7,26.248809496813376,0.0002964160630575052,-4.417818037207071e-05,7.585083751260259e-05
44,8,25.612496949731394,0.0003409048187936599,-4.477084606223269e-05,8.746995470734721e-05
44,9,25.0,0.0003859577551819706,-4.527593285411839e-05,9.932920765655116e-05
44,10,24.413111231467404,0.00043145668450189666,-4.562814453233413e-05,0.00011140930310332925
44,11,23.853720883753127,0.00047721404424663885,-4.575455648751835e-05,0.00012367101183634332
44,12,23.323807579381203,0.0005229657974769334,-4.557608449577176e-05,0.00013605213624328586
44,13,22.825424421026653,0.0005683662132381824,-4.500986601287701e-05,0.0001484647573576535
44,14,22.360679774997898,0.0006129855295026874,-4.3972706401989344e-05,0.0001607931158834661
44,15,21.93171219946131,0.0006563116260421611,-4.238566219814043e-05,0.00017289257977185516
44,16,21.540659228538015,0.0006977568538989682,-4.0179698600994e-05,0.00018459022591696633
44,17,21.18962010041709,0.0007366710232441491,-3.730216666144524e-05,0.0001956875846809135
44,18,20.8806130178211,0.0007723611872218587,-3.372360951974212e-05,0.00020596602592184846
44,19,20.615528128088304,0.0008041182422836333,-2.9444160059362518e-05,0.00021519506806873967
44,20,20.396078054371138,0.0008312495073405838,-2.4498591648281008e-05,0.00022314354722854327
44,21,20.223748416156685,0.0008531154255801953,-1.895900428229341e-05,0.00022959310532780778
44,22,20.09975124224178,0.0008691675159051706,-1.2934245020198123e-05,0.00023435291043140172
44,23,20.024984394500787,0.0008789839156205916,-6.565517856432855e-06,0.00023727403040710467
44,24,20.0,0.0008822985516180363,-1.8213085480587882e-08,0.00023826160058482019
44,25,20.024984394500787,0.0008790203417915527,6.529325745264277e-06,0.000237282999524104
44,26,20.09975124224178,0.0008692399001275077,1.2898753420560705e-05,0.00023437073340156742
44,27,20.223748416156685,0.0008532228349504313,1.892467465236541e-05,0.00022961955244481214
44,28,20.396078054371138,0.0008313905508227769,2.4465877156828228e-05,0.0002231782759813318
44,29,20.615528128088304,0.0008042910806367749,2.9413502339480774e-05,0.00021523762558593084
44,30,20.8806130178211,0.0007725635461438154,3.36954354916514e-05,0.000206015852208135
44,31,21.18962010041709,0.0007369002096534721,3.727688544340126e-05,0.00019574401662609636
44,32,21.540659228538015,0.0006980097752570129,4.0157698526913424e-05,0.00018465250205359216
44,33,21.93171219946131,0.0006565848125996452,4.236730795993373e-05,0.000172959845752933
44,34,22.360679774997898,0.0006132751593371454,4.395833633391577e-05,0.000160864430647378
44,35,22.825424421026653,0.0005686681399318137,4.4999789534449965e-05,0.00014853909994320142
44,36,23.323807579381203,0.0005232755802682455,4.5570579728867436e-05,0.00013612841321385154
44,37,23.853720883753127,0.0004775269804740788,4.575386806238049e-05,0.00012374806526840336
44,38,24.413111231467404,0.0004317678441434845,4.563248159612443e-05,0.00011148591909104983
44,39,25.0,0.00038626201728182995,4.5285467294543797e-05,9.940412528099924e-05
44,40,25.612496949731394,0.0003411969095543969,4.478571095758736e-05,8.754187541586825e-05
44,41,26.248809496813376,0.00029669059536665523,4.419846867778553e-05,7.591843485130782e-05
44,42,26.90724809414742,0.00025279997219882584,4.35806225693816e-05,6.453620027586013e-05
44,43,27.586228448267445,0.00020952935022789204,4.298046844974427e-05,5.338361639464176e-05
44,44,28.284271247461902,0.0001668390352993373,4.2437858876968393e-05,4.2437858876968393e-05
44,45,29.0,0.00012465363247395525,4.198455086505163e-05,3.1667246248899595e-05
44,46,29.732137494637012,8.286993356923404e-05,4.164463693915194e-05,2.103338343762549e-05
44,47,30.479501308256342,4.1364358595651375e-05,4.143496678461702e-05,1.0493067025965096e-05
44,48,31.240998703626616,0.0,2.0682179297825687e-05,-0.0
45,0,31.89043743820395,0.0,-1.5441046954486638e-05,-0.0
45,1,31.144823004794873,3.0882093908973276e-05,-3.093314154591479e-05,1.0385244998084047e-05
45,2,30.4138126514911,6.186628309182958e-05,-3.108282059400743e-05,2.0811366130564483e-05
45,3,29.698484809834994,9.304773509698814e-05,-3.13225893236111e-05,3.131699813882104e-05
45,4,29.0,0.00012451146173905178,-3.1639641674342194e-05,4.193750040498925e-05
45,5,28.319604517012593,0.00015632701844567253,-3.2015751206557595e-05,5.270320247689115e-05
45,6,27.65863337187866,0.00018854296415216697,-3.242702427927716e-05,6.363751709506448e-05
45,7,27.018512172212592,0.00022118106700422686,-3.2843668422769686e-05,7.475489615259347e-05
45,8,26.40075756488817,0.00025423030099770634,-3.322984511130967e-05,8.605862459322674e-05
45,9,25.80697580112788,0.0002876407572268462,-3.3543694904189205e-05,9.753847483335341e-05
45,10,25.238858928247925,0.00032131769080608475,-3.3737640617963644e-05,0.00010916828127595638
45,11,24.698178070456937,0.0003551160384627735,-3.3759087571825185e-05,0.00012090354163771222
45,12,24.186773244895647,0.0003888358659497351,-3.3551644196947106e-05,0.00013267920852393246
45,13,23.706539182259394,0.0004222193268566677,-3.3056975129039287e-05,0.00014440789797926916
45,14,23.259406699226016,0.0004549498162078137,-3.221736514420127e-05,0.0001559788051213623
45,15,22.847319317591726,0.00048665405714507024,-3.097900927704329e-05,0.00016725766939025728
45,16,22.47220505424423,0.0005169078347619003,-2.92959483164573e-05,0.00017808815739951724
45,17,22.135943621178654,0.0005452459537779848,-2.71344417679465e-05,0.00018829500976005775
45,18,21.840329667841555,0.0005711767182977933,-2.4477424015258305e-05,0.0001976892084978174
45,19,21.587033144922902,0.0005942008018085015,-2.132854767895008e-05,0.00020607524772393913
45,20,21.37755832643195,0.0006138338136556934,-1.7715216804203133e-05,0.00021326032958797787
45,21,21.213203435596427,0.0006296312354169077,-1.3689993815784818e-05,0.00021906498092901183
45,22,21.095023109728988,0.0006412138012872631,-9.329865434769345e-06,0.00022333424367818896
45,23,21.02379604162864,0.0006482909662864464,-4.7330898470820146e-06,0.00022594831155003093
45,24,21.0,0.0006506799809814271,-1.3699102550685655e-08,0.00022683135612558286
45,25,21.02379604162864,0.0006483183644915478,4.705867691719666e-06,0.00022595737880454778
45,26,21.095023109728988,0.0006412682455979878,9.303170174143767e-06,0.00022335226166221572
45,27,21.213203435596427,0.0006297120241432602,1.3664172538952455e-05,0.00021909171742286174
45,28,21.37755832643195,0.0006139399005200829,1.7690610365281485e-05,0.0002132954383329678
45,29,21.587033144922902,0.0005943308034126973,2.1305488255424915e-05,0.00020611827089353377
45,30,21.840329667841555,0.000571328924009233,2.4456232718224097e-05,0.00019773957996944142
45,31,22.135943621178654,0.0005454183379762491,2.7115426318628105e-05,0.00018835205916798944
45,32,22.47220505424423,0.0005170980713719768,2.9279400802994474e-05,0.00017815111494458156
45,33,22.847319317591726,0.00048685953637026013,3.0965204005076896e-05,0.00016732567137747438
45,34,23.259406699226016,0.000455167663361823,3.220655659428085e-05,0.00015605090019230945
45,35,23.706539182259394,0.00042244642318169844,3.3049396033284646e-05,0.00014448305400169273
45,36,24.186773244895647,0.00038906887129525373,3.3547503746739617e-05,0.00013275632009714073
45,37,24.698178070456937,0.0003553514156882192,3.375856976757676e-05,0.00012098143816849152
45,38,25.238858928247925,0.0003215517317601002,3.374090277123311e-05,0.00010924573557622762
45,39,25.80697580112788,0.000287869610145753,3.355086630156857e-05,9.761421218751523e-05
45,40,26.40075756488817,0.0002544499991569631,3.324102584861199e-05,8.613133224016433e-05
45,41,27.018512172212592,0.000221387558448529,3.285892841710576e-05,7.482323312465654e-05
45,42,27.65863337187866,0.00018873214232275156,3.244640246562393e-05,6.370012435396536e-05
45,43,28.319604517012593,0.00015649475351728115,3.2039254924398156e-05,5.27587132844615e-05
45,44,29.0,0.00012465363247395525,3.1667246248899595e-05,4.198455086505163e-05
45,45,29.698484809834994,9.316026101948196e-05,3.1354237845118605e-05,3.13542378451186e-05
45,46,30.4138126514911,6.194515678371804e-05,3.111842389734999e-05,2.0837468854731143e-05
45,47,31.144823004794873,3.0923413224781977e-05,3.097257839185902e-05,1.0398919351047909e-05
45,48,31.89043743820395,0.0,1.5461706612390988e-05,-0.0
46,0,32.55764119219941,0.0,-1.0269467091182062e-05,-0.0
46,1,31.827660925679098,2.0538934182364124e-05,-2.0571168998224594e-05,1.0313788850631563e-05
46,2,31.11269837220809,4.114233799644919e-05,-2.0665548873318228e-05,2.0663046064658654e-05
46,3,30.4138126514911,6.187003192900058e-05,-2.0816339584935294e-05,3.1080942149332624e-05
46,4,29.732137494637012,8.277501716631978e-05,-2.1014953998453937e-05,4.159728067184467e-05
46,5,29.068883707497267,0.00010389993992590846,-2.124920334653486e-05,5.223673151703284e-05
46,6,28.42534080710379,0.0001252734238593895,-2.150316541320491e-05,6.30169732572134e-05
46,7,27.80287754891569,0.00014690627075231828,-2.1757072873908448e-05,7.394673574257873e-05
46,8,27.202941017470888,0.0001687875696072064,-2.1987267381472748e-05,8.502375403064076e-05
46,9,26.627053911388696,0.00019088080551526377,-2.2166276171388754e-05,9.623267141012088e-05
46,10,26.076809620810597,0.0002131201219499839,-2.2263077727975315e-05,0.00010754296285974432
46,11,25.553864678361276,0.0002354069609712144,-2.2243629239542264e-05,0.00011890699033002052
46,12,25.059928172283335,0.00025760738042906843,-2.207172815421482e-05,0.00013025834589238931
46,13,24.596747752497688,0.00027955041727964404,-2.171026941544718e-05,0.00014151068420904225
46,14,24.166091947189145,0.0003010279192599628,-2.1122934991001227e-05,0.0001525572854992396
46,15,23.769728648009426,0.0003217962872616465,-2.027630991998549e-05,0.0001632716148945503
46,16,23.40939982143925,0.00034158053909993377,-1.914235823119353e-05,0.0001735091419145048
46,17,23.08679276123039,0.00036008100372403356,-1.7701115563145085e-05,0.00018311064170147218
46,18,22.80350850198276,0.00037698277022622394,-1.5943371555860738e-05,0.0001919071061636239
46,19,22.561028345356956,0.00039196774683575503,-1.3873038969202046e-05,0.00019972624264937973
46,20,22.360679774997898,0.00040472884816462803,-1.1508858443208308e-05,0.00020640033555368917
46,21,22.20360331117452,0.00041498546372217165,-8.885090192082326e-06,0.00021177501323158356
46,22,22.090722034374522,0.0004224990285487927,-6.0509143991790265e-06,0.00021571823683489598
46,23,22.02271554554524,0.0004270872925205297,-3.0684054090389455e-06,0.00021812866037034572
46,24,22.0,0.00042863583936687057,-9.145830963738907e-09,0.000218942455361556
46,25,22.02271554554524,0.0004271055841824572,3.050231281897137e-06,0.00021813778655762502
46,26,22.090722034374522,0.0004225353768030763,6.033092038874665e-06,0.000215736371927103
46,27,22.20360331117452,0.00041503940010470785,8.867851323117492e-06,0.0002118019234997362
46,28,22.360679774997898,0.0004047996741568413,1.1492430627500256e-05,0.00020643567248862
46,29,22.561028345356956,0.00039205453884970734,1.385764397595439e-05,0.00019976954544893898
46,30,22.80350850198276,0.00037708438620493253,1.5929223766107073e-05,0.0001919578050257529
46,31,23.08679276123039,0.0003601960913174932,1.7688420418541395e-05,0.00018316806190343696
46,32,23.40939982143925,0.00034170754536784974,1.9131310736398367e-05,0.00017357250865384586
46,33,23.769728648009426,0.00032193346984469646,2.0267093207661615e-05,0.0001633400588627209
46,34,24.166091947189145,0.0003011733589525265,2.111571895813412e-05,0.00015262984915446998
46,35,24.596747752497688,0.0002797020319284282,2.170520943928125e-05,0.0001415863287107301
46,36,25.059928172283335,0.000257762940073964,2.2068963895666225e-05,0.00013033595865527032
46,37,25.553864678361276,0.00023556410413709577,2.2243283541467375e-05,0.00011898539315257319
46,38,26.076809620810597,0.00021327637299102927,2.226525561514814e-05,0.00010762092057772562
46,39,26.627053911388696,0.0001910335929067995,2.217106395848051e-05,9.630890102284328e-05
46,40,27.202941017470888,0.00016893424507406825,2.1994731894728667e-05,8.509693424461089e-05
46,41,27.80287754891569,0.00014704412911734215,2.1767260791586565e-05,7.401551687442424e-05
46,42,28.42534080710379,0.00012539972349089512,2.1516102729186562e-05,6.307998743546426e-05
46,43,29.068883707497267,0.00010401192365896903,2.126489496083054e-05,5.2292603120284475e-05
46,44,29.732137494637012,8.286993356923404e-05,2.103338343762549e-05,4.164463693915193e-05
46,45,30.4138126514911,6.194515678371805e-05,2.0837468854731143e-05,3.111842389735e-05
46,46,31.11269837220809,4.1194995859771754e-05,2.068931844508125e-05,2.0689318445081236e-05
46,47,31.827660925679098,2.0566519893555557e-05,2.0597497929885877e-05,1.0327552080897946e-05
46,48,32.55764119219941,0.0,1.0283259946777778e-05,-0.0
47,0,33.24154027718932,0.0,-5.127258103855076e-06,-0.0
47,1,32.526911934581186,1.0254516207710151e-05,-1.0270095481256138e-05,1.0269467091182062e-05
47,2,31.827660925679098,2.0540190962512276e-05,-1.0315667295306375e-05,2.0571168998224594e-05
47,3,31.144823004794873,3.08858507983229e-05,-1.0388354716425084e-05,3.093501596450029e-05
47,4,30.479501308256342,4.1316900395362444e-05,-1.0483852306641975e-05,4.138750858315989e-05
47,5,29.832867780352597,5.185355541160685e-05,-1.0596058621188868e-05,5.194996996295423e-05
47,6,29.206163733020468,6.250901763774018e-05,-1.0717020053731271e-05,6.263671192969475e-05
47,7,28.600699292150182,7.328759551906939e-05,-1.0836887649342324e-05,7.345313537615914e-05
47,8,28.0178514522438,8.418279293642483e-05,-1.0943909443767527e-05,8.43937848036032e-05
47,9,27.459060435491963,9.517541440660445e-05,-1.1024486075085647e-05,9.544040275763189e-05
47,10,26.92582403567252,0.00010623176508659612,-1.1063321698064006e-05,0.00010656006097499195
47,11,26.419689627245813,0.00011730205780273246,-1.1043704539180186e-05,0.0001177034804856072
47,12,25.942243542145693,0.0001283191741649565,-1.0947950317925381e-05,0.00012880369021453422
47,13,25.495097567963924,0.00013919795843858322,-1.0758035522189012e-05,0.00013977520863982202
47,14,25.079872407968907,0.00014983524520933452,-1.0456434458693193e-05,0.0001505139596299814
47,15,24.698178070456937,0.0001601108273559696,-1.0027152861778076e-05,0.00016089814363082325
47,16,24.351591323771842,0.00016988955093289067,-9.45692150953544e-06,0.00017079026954996688
47,17,24.041630560342615,0.00017902467037504049,-8.736477518827383e-06,0.00018004050186201678
47,18,23.769728648009426,0.00018736250597054544,-7.86182306735075e-06,0.00018849138511311197
47,19,23.53720459187964,0.00019474831650974199,-6.83531828888483e-06,0.00019598387341787752
47,20,23.345235059857504,0.0002010331425483151,-5.666446221999302e-06,0.00020236442408231401
47,21,23.194827009486403,0.0002060812089537406,-4.372092534578e-06,0.00020749273186108582
47,22,23.08679276123039,0.0002097773276174711,-2.976218296007186e-06,0.00021124951427439634
47,23,23.021728866442675,0.00021203364554575496,-1.5088713204220225e-06,0.00021354364626026485
47,24,23.0,0.00021279507025831514,-4.572915271385154e-09,0.00021431791968343528
47,25,23.021728866442675,0.00021204279137629773,1.499784257266693e-06,0.0002135527920912286
47,26,23.08679276123039,0.00020979550174378176,2.9673071162549403e-06,0.00021126768840153815
47,27,23.194827009486403,0.00020610817714378785,4.363473100469471e-06,0.00020751970005235393
47,28,23.345235059857504,0.00020106855554284281,5.658232314484265e-06,0.00020239983707842066
47,29,23.53720459187964,0.00019479171251481932,6.827620792557816e-06,0.00019602726942485367
47,30,23.769728648009426,0.00018741331395772718,7.854749172722092e-06,0.00018854219310246627
47,31,24.041630560342615,0.00017908221416937514,8.730129946721047e-06,0.0001800980456587466
47,32,24.351591323771842,0.0001699530540642851,9.451397762278398e-06,0.00017085377268392487
47,33,24.698178070456937,0.00016017941864481834,1.0022544505701019e-05,0.00016096673492234823
47,34,25.079872407968907,0.00014990796505288305,1.0452826442290065e-05,0.00015058667947626326
47,35,25.495097567963924,0.0001392737657602382,1.0755505534085e-05,0.0001398510159642141
47,36,25.942243542145693,0.00012839695398471305,1.0946568188582697e-05,0.000128881470036982
47,37,26.419689627245813,0.00011738062938307282,1.1043531690032045e-05,0.00011778205206854788
47,38,26.92582403567252,0.00010630989060464896,1.106441064150319e-05,0.00010663818649551463
47,39,27.459060435491963,9.525180810006644e-05,1.102687996845383e-05,9.551679645339974e-05
47,40,28.0178514522438,8.42561306677413e-05,1.0947641700192958e-05,8.446712253703412e-05
47,41,28.600699292150182,7.335652469968052e-05,1.0841981607959128e-05,7.352206455867108e-05
47,42,29.206163733020468,6.257216745182305e-05,1.0723488711484159e-05,6.269986174544756e-05
47,43,29.832867780352597,5.19095472767122e-05,1.0603904428085833e-05,5.2005961829484515e-05
47,44,30.479501308256342,4.136435859565138e-05,1.0493067025965117e-05,4.143496678461702e-05
47,45,31.144823004794873,3.092341322478197e-05,1.0398919351047907e-05,3.0972578391859026e-05
47,46,31.827660925679098,2.0566519893555567e-05,1.0327552080897943e-05,2.0597497929885877e-05
47,47,32.526911934581186,1.0268309062986086e-05,1.0283259946777783e-05,1.0283259946777778e-05
47,48,33.24154027718932,0.0,5.134154531493043e-06,-0.0
48,0,33.94112549695428,0.0,-0.0,-0.0
48,1,33.24154027718932,0.0,-0.0,5.127258103855076e-06
48,2,32.55764119219941,0.0,-0.0,1.0270095481256138e-05
48,3,31.89043743820395,0.0,-0.0,1.544292539916145e-05
48,4,31.240998703626616,0.0,-0.0,2.0658450197681222e-05
48,5,30.610455730027933,0.0,-0.0,2.5926777705803425e-05
48,6,30.0,0.0,-0.0,3.125450881887009e-05
48,7,29.410882339705484,0.0,-0.0,3.6643797759534696e-05
48,8,28.844410203711913,0.0,-0.0,4.2091396468212414e-05
48,9,28.30194339616981,0.0,-0.0,4.758770720330222e-05
48,10,27.784887978899608,0.0,-0.0,5.311588254329806e-05
48,11,27.294688127912362,0.0,-0.0,5.865102890136623e-05
48,12,26.832815729997478,0.0,-0.0,6.415958708247825e-05
48,13,26.40075756488817,0.0,-0.0,6.959897921929161e-05
48,14,26.0,0.0,-0.0,7.491762260466726e-05
48,15,25.632011235952593,0.0,-0.0,8.00554136779848e-05
48,16,25.298221281347036,0.0,-0.0,8.494477546644534e-05
48,17,25.0,0.0,-0.0,8.951233518752024e-05
48,18,24.73863375370596,0.0,-0.0,9.368125298527272e-05
48,19,24.515301344262525,0.0,-0.0,9.737415825487099e-05
48,20,24.331050121192877,0.0,-0.0,0.00010051657127415755
48,21,24.186773244895647,0.0,-0.0,0.0001030406044768703
48,22,24.08318915758459,0.0,-0.0,0.00010488866380873555
48,23,24.020824298928627,0.0,-0.0,0.00010601682277287748
48,24,24.0,0.0,-0.0,0.00010639753512915757
48,25,24.020824298928627,0.0,-0.0,0.00010602139568814887
48,26,24.08318915758459,0.0,-0.0,0.00010489775087189088
48,27,24.186773244895647,0.0,-0.0,0.00010305408857189393
48,28,24.331050121192877,0.0,-0.0,0.00010053427777142141
48,29,24.515301344262525,0.0,-0.0,9.739585625740966e-05
48,30,24.73863375370596,0.0,-0.0,9.370665697886359e-05
48,31,25.0,0.0,-0.0,8.954110708468757e-05
48,32,25.298221281347036,0.0,-0.0,8.497652703214254e-05
48,33,25.632011235952593,0.0,-0.0,8.008970932240917e-05
48,34,26.0,0.0,-0.0,7.495398252644153e-05
48,35,26.40075756488817,0.0,-0.0,6.96368828801191e-05
48,36,26.832815729997478,0.0,-0.0,6.419847699235653e-05
48,37,27.294688127912362,0.0,-0.0,5.869031469153641e-05
48,38,27.784887978899608,0.0,-0.0,5.315494530232448e-05
48,39,28.30194339616981,0.0,-0.0,4.762590405003322e-05
48,40,28.844410203711913,0.0,-0.0,4.212806533387065e-05
48,41,29.410882339705484,0.0,-0.0,3.667826234984026e-05
48,42,30.0,0.0,-0.0,3.1286083725911524e-05
48,43,30.610455730027933,0.0,-0.0,2.59547736383561e-05
48,44,31.240998703626616,0.0,-0.0,2.068217929782569e-05
48,45,31.89043743820395,0.0,-0.0,1.5461706612390985e-05
48,46,32.55764119219941,0.0,-0.0,1.0283259946777783e-05
48,47,33.24154027718932,0.0,-0.0,5.134154531493043e-06
48,48,33.94112549695428,0.0,-0.0,-0.0
