i,j,r,pot,Fieldx,Fieldy
0,0,33.94112549695428,0.0,0.0,-0.0
0,1,33.24154027718932,0.0,0.0002364080969499215,-0.0
0,2,32.55764119219941,0.0,0.0004728218692482236,-0.0
0,3,31.89043743820395,0.0,0.0007092196042208206,-0.0
0,4,31.240998703626616,0.0,0.0009455293861411991,-0.0
0,5,30.610455730027933,0.0,0.001181604059176795,-0.0
0,6,30.0,0.0,0.0014171964081925068,-0.0
0,7,29.410882339705484,0.0,0.001651934883137667,-0.0
0,8,28.844410203711913,0.0,0.001885300406347843,-0.0
0,9,28.30194339616981,0.0,0.0021166050602514754,-0.0
0,10,27.784887978899608,0.0,0.0023449737427408144,-0.0
0,11,27.294688127912362,0.0,0.002569330176752738,-0.0
0,12,26.832815729997478,0.0,0.0027883889356147273,-0.0
0,13,26.40075756488817,0.0,0.00300065534941828,-0.0
0,14,26.0,0.0,0.0032044352304483412,-0.0
0,15,25.632011235952593,0.0,0.003397856229441195,-0.0
0,16,25.298221281347036,0.0,0.003578902241695349,-0.0
0,17,25.0,0.0,0.0037454615706422386,-0.0
0,18,24.73863375370596,0.0,0.003895388509128245,-0.0
0,19,24.515301344262525,0.0,0.004026576654578011,-0.0
0,20,24.331050121192877,0.0,0.004137040746758312,-0.0
0,21,24.186773244895647,0.0,0.004225002299007723,-0.0
0,22,24.08318915758459,0.0,0.004288973042667132,-0.0
0,23,24.020824298928627,0.0,0.004327829499706607,-0.0
0,24,24.0,0.0,0.004340872077563113,-0.0
0,25,24.020824298928627,0.0,0.004327863064457677,-0.0
0,26,24.08318915758459,0.0,0.00428903974074064,-0.0
0,27,24.186773244895647,0.0,0.004225101270623476,-0.0
0,28,24.331050121192877,0.0,0.004137170709920278,-0.0
0,29,24.515301344262525,0.0,0.004026735914231961,-0.0
0,30,24.73863375370596,0.0,0.003895574969286428,-0.0
0,31,25.0,0.0,0.003745672749402438,-0.0
0,32,25.298221281347036,0.0,0.0035791352890642,-0.0
0,33,25.632011235952593,0.0,0.0033981079478547665,-0.0
0,34,26.0,0.0,0.003204702097866616,-0.0
0,35,26.40075756488817,0.0,0.003000933544854535,-0.0
0,36,26.832815729997478,0.0,0.002788674366945916,-0.0
0,37,27.294688127912362,0.0,0.0025696185106429503,-0.0
0,38,27.784887978899608,0.0,0.002345260436496761,-0.0
0,39,28.30194339616981,0.0,0.002116885395416852,-0.0
0,40,28.844410203711913,0.0,0.0018855695238323646,-0.0
0,41,29.410882339705484,0.0,0.0016521878196666753,-0.0
0,42,30.0,0.0,0.0014174281338543134,-0.0
0,43,30.610455730027933,0.0,0.0011818095158374385,-0.0
0,44,31.240998703626616,0.0,0.0009457035264901073,-0.0
0,45,31.89043743820395,0.0,0.0007093574312059688,-0.0
0,46,32.55764119219941,0.0,0.0004729184756558583,-0.0
0,47,33.24154027718932,0.0,0.00023645870488175295,-0.0
0,48,33.94112549695428,0.0,0.0,-0.0
1,0,33.24154027718932,0.0,0.0,-0.0002364080969499215
1,1,32.526911934581186,0.000472816193899843,0.0004728218692482236,-0.0004728218692482236
1,2,31.827660925679098,0.0009456437384964472,0.0009456801261178083,-0.00047281150727089907
1,3,31.144823004794873,0.0014184392084416412,0.0014185563986604157,-0.00047270751689297547
1,4,30.479501308256342,0.0018910587722823981,0.001891331854779418,-0.0004723844549559743
1,5,29.832867780352597,0.00236320811835359,0.0023637369650599967,-0.00047166702205130777
1,6,29.206163733020468,0.0028343928163850137,0.002835301538805766,-0.0004703308239608721
1,7,28.600699292150182,0.003303869766275334,0.003305305633632929,-0.00046810399815533626
1,8,28.0178514522438,0.003770600812695686,0.003772732372730518,-0.00046467017711380836
1,9,27.459060435491963,0.004233210120502951,0.004236224233155245,-0.0004596733363929713
1,10,26.92582403567252,0.004689947485481629,0.0046940449701627085,-0.0004527251165012628
1,11,26.419689627245813,0.005138660353505476,0.005144049974941916,-0.000443415192873913
1,12,25.942243542145693,0.005576777871229455,0.005583668460165873,-0.0004313251726655418
1,13,25.495097567963924,0.00600131069883656,0.0060099013348230215,-0.0004160462948336139
1,14,25.079872407968907,0.0064088704608966825,0.006419338843408618,-0.0003972008800229151
1,15,24.698178070456937,0.00679571245888239,0.006808201859512312,-0.00037446701124700795
1,16,24.351591323771842,0.007157804483390698,0.007172409990520411,-0.0003476053412010435
1,17,24.041630560342615,0.007490923141284477,0.0075076782445837285,-0.00031648626743289564
1,18,23.769728648009426,0.00779077701825649,0.007809641877079891,-0.0002811150839357726
1,19,23.53720459187964,0.008053153309156022,0.008074006232279066,-0.00024165223763006729
1,20,23.345235059857504,0.008274081493516624,0.00829671514805458,-0.0001984256444297122
1,21,23.194827009486403,0.008450004598015447,0.008474128198645068,-0.0001519322959088196
1,22,23.08679276123039,0.008577946085334263,0.008603194268547294,-0.00010282720069888351
1,23,23.021728866442675,0.008655658999413214,0.00868160730377224,-5.1899034895981286e-05
1,24,23.0,0.008681744155126226,0.008707930123258064,-3.356475107053891e-08
1,25,23.021728866442675,0.008655726128915355,0.008681674193951454,5.183233682247261e-05
1,26,23.08679276123039,0.00857807948148128,0.008603327189124628,0.00010276179383420132
1,27,23.194827009486403,0.008450202541246952,0.008474325436190524,0.00015186903082036254
1,28,23.345235059857504,0.008274341419840556,0.008296974147716971,0.00019836535639151508
1,29,23.53720459187964,0.008053471828463922,0.008074323616035979,0.00024159574063384965
1,30,23.769728648009426,0.007791149938572856,0.007810013467900614,0.0002810631648295231
1,31,24.041630560342615,0.007491345498804876,0.007508099096360247,0.0003164396802222283
1,32,24.351591323771842,0.0071582705781284,0.007172874423586981,0.0003475648015476714
1,33,24.698178070456937,0.006796215895709533,0.006808703501540299,0.0003744331911975838
1,34,25.079872407968907,0.006409404195733232,0.006419870675430788,0.0003971744030002314
1,35,25.495097567963924,0.00600186708970907,0.006010455742110274,0.00041602773092070007
1,36,25.942243542145693,0.005577348733891832,0.005584237287649715,0.0004313150342115848
1,37,26.419689627245813,0.005139237021285901,0.005144624586848018,0.00044341393044915493
1,38,26.92582403567252,0.004690520872993522,0.004694616313494744,0.0004527331152260985
1,39,27.459060435491963,0.004233770790833704,0.004236782904644073,0.00045969091266439654
1,40,28.0178514522438,0.003771139047664729,0.003773268688841789,0.0004646975757501765
1,41,28.600699292150182,0.0033043756393333506,0.0033058097032063996,0.0004681413899780512
1,42,29.206163733020468,0.0028348562677086267,0.002835763337882266,0.00047037830382923675
1,43,29.832867780352597,0.002363619031674877,0.00236414641343704,0.0004717246073642061
1,44,30.479501308256342,0.0018914070529802145,0.0018916788938241238,0.00047245208463146974
1,45,31.144823004794873,0.0014187148624119376,0.0014188310698986463,0.00047278505083424895
1,46,31.827660925679098,0.0009458369513117166,0.0009458726501114043,0.00047289872632421586
1,47,32.526911934581186,0.0004729174097635059,0.00047292272426790994,0.0004729184756558583
1,48,33.24154027718932,0.0,0.0,0.00023645870488175295
2,0,32.55764119219941,0.0,0.0,-0.0004728218692482236
2,1,31.827660925679098,0.0009456437384964472,0.00047281150727089896,-0.0009456801261178083
2,2,31.11269837220809,0.0018913602522356166,0.0009457345294121918,-0.0009457345294121922
2,3,30.4138126514911,0.0028371127973208315,0.0014188259188302448,-0.0009456517286616097
2,4,29.732137494637012,0.003782663709558836,0.0018920420142879337,-0.000945180566399581
2,5,29.068883707497267,0.0047274739301199934,0.0023651879682363144,-0.0009439696840263482
2,6,28.42534080710379,0.005670603077611532,0.002837866857201373,-0.0009415686685729321
2,7,27.80287754891569,0.006610611267265858,0.0033094290183537777,-0.0009374308339247517
2,8,27.202941017470888,0.007545464745461036,0.0037789225063125037,-0.0009309185995223165
2,9,26.627053911388696,0.00847244846631049,0.0042450461295649965,-0.0009213125974321906
2,10,26.076809620810597,0.009388089940325417,0.004706107191255493,-0.0009078257417866704
2,11,25.553864678361276,0.010288099949883832,0.005159986791302665,-0.0008896234900031648
2,12,25.059928172283335,0.011167336920331747,0.005604116285554359,-0.0008658513598811058
2,13,24.596747752497688,0.012019802669646043,0.006035469147821328,-0.000835670383242745
2,14,24.166091947189145,0.012838677686817236,0.0064505729075473375,-0.0007983005246892903
2,15,23.769728648009426,0.013616403719024624,0.0068455458679173645,-0.0007530711471117925
2,16,23.40939982143925,0.014344819981040821,0.007216162752041112,-0.0006994763850714167
2,17,23.08679276123039,0.015015356489167457,0.007557952092653678,-0.0006372318865594806
2,18,22.80350850198276,0.015619283754159783,0.007866325946885543,-0.0005663279876953371
2,19,22.561028345356956,0.01614801246455813,0.008136739381526915,-0.00048707327097468906
2,20,22.360679774997898,0.01659343029610916,0.008364873331997986,-0.00040012196636600265
2,21,22.20360331117452,0.016948256397290137,0.008546830332399922,-0.00030647912049271316
2,22,22.090722034374522,0.017206388537094587,0.008679328928253982,-0.00020747910512717085
2,23,22.02271554554524,0.01736321460754448,0.008759880150994888,-0.0001047358547107708
2,24,22.0,0.01741586024651613,0.008786929047620004,-6.689017921501783e-08
2,25,22.02271554554524,0.01736334838790291,0.008759946420642012,0.00010460293413343605
2,26,22.090722034374522,0.017206654378249257,0.008679460615743215,0.00020734875776092995
2,27,22.20360331117452,0.01694865087238105,0.008547025740196553,0.00030635304140765734
2,28,22.360679774997898,0.016593948295433942,0.008365129928951873,0.0004000018201545455
2,29,22.561028345356956,0.016148647232071957,0.008137053820953147,0.0004869606798163567
2,30,22.80350850198276,0.015620026935801229,0.007866694090503216,0.0005662245196757319
2,31,23.08679276123039,0.015016198192720494,0.007558369040239229,0.0006371390443136336
2,32,23.40939982143925,0.014345748847173961,0.007216622876618362,0.0006993955948199479
2,33,23.769728648009426,0.013617407003080598,0.006846042856273004,0.0007530037481561927
2,34,24.166091947189145,0.012839741350861576,0.006451099805828239,0.0007982477594300251
2,35,24.596747752497688,0.012020911484220548,0.006036018411939311,0.0008356333877810726
2,36,25.059928172283335,0.01116847457529943,0.005604679836094516,0.0008658311552622562
2,37,25.553864678361276,0.010289249173696035,0.0051605560726036975,0.0008896209741549718
2,38,26.076809620810597,0.009389232626989487,0.004706673234304622,0.0009078416822039448
2,39,26.627053911388696,0.008473565809288146,0.004245599618326073,0.0009213476246529547
2,40,27.202941017470888,0.007546537377683578,0.003779453847084154,0.0009309732014376733
2,41,27.80287754891569,0.006611619406412799,0.0033099284117348556,0.0009375053509595231
2,42,28.42534080710379,0.005671526675764532,0.00283832437222376,0.0009416632897693597
2,43,29.068883707497267,0.00472829282687408,0.0023655936182103454,0.000944084444058142
2,44,29.732137494637012,0.0037833577876482476,0.001892385833893446,0.0009453153435383937
2,45,30.4138126514911,0.0028376621397972926,0.0014190980419766597,0.0009458062437127195
2,46,31.11269837220809,0.0018917453002228087,0.000945925267384013,0.0009459083456307363
2,47,31.827660925679098,0.0009458454485358199,0.00047291142667078097,0.0009458726501114043
2,48,32.55764119219941,0.0,0.0,0.00047292272426790994
3,0,31.89043743820395,0.0,0.0,-0.0007092196042208205
3,1,31.144823004794873,0.001418439208441641,0.00047270751689297547,-0.0014185563986604153
3,2,30.4138126514911,0.0028371127973208306,0.0009456517286616097,-0.0014188259188302448
3,3,29.698484809834994,0.004256091046102131,0.001419015001768717,-0.0014190150017687174
3,4,29.0,0.005675142800858265,0.0018928794629265438,-0.0014187465043620441
3,5,28.319604517012593,0.007093584054826219,0.0023671757816154586,-0.0014174918649647469
3,6,27.65863337187866,0.008510126530787759,0.0028416309119225825,-0.0014145718740783352
3,7,27.018512172212592,0.00992272780298289,0.003315714962259575,-0.001409159647266467
3,8,26.40075756488817,0.011328445825320693,0.0037885878325427725,-0.001400287288325027
3,9,25.80697580112788,0.012723302379632944,0.004259046874194634,-0.0013868580213359611
3,10,25.238858928247925,0.014102161867992615,0.004725477590626382,-0.0013676657782389313
3,11,24.698178070456937,0.015458633936110806,0.00518581028821936,-0.0013414242871727785
3,12,24.186773244895647,0.016785010442338173,0.005637486563419661,-0.0013068075291842052
3,13,23.706539182259394,0.018072248994479217,0.006077440479382905,-0.0012625029168265925
3,14,23.259406699226016,0.019310016275991358,0.006502100097475227,-0.0012072776001189507
3,15,22.847319317591726,0.020486804194717118,0.006907415472406102,-0.0011400568557407825
3,16,22.47220505424423,0.021590129987472922,0.007288919024578973,-0.0010600115659373573
3,17,22.135943621178654,0.022606827326591833,0.00764182307108654,-0.0009666494622773258
3,18,21.840329667841555,0.023523428912027574,0.007961156963462869,-0.0008599023728090103
3,19,21.587033144922902,0.024326632072209853,0.008241942613419793,-0.0007401996227425107
3,20,21.37755832643195,0.025003828157512595,0.00847940230877168,-0.0006085165953027185
3,21,21.213203435596427,0.02554366526281529,0.0086691871192225,-0.0004663878921648164
3,22,21.095023109728988,0.025936603941842228,0.00880760876892419,-0.00031587701929385037
3,23,21.02379604162864,0.02617541930140299,0.008891853840829208,-0.00015949915426200292
3,24,21.0,0.026255602250366234,0.008920157869436033,-9.983439819456763e-08
3,25,21.02379604162864,0.02617561897019938,0.008891919208207278,0.0001593007686992616
3,26,21.095023109728988,0.02593700071296771,0.008807738663472725,0.00031568247427966184
3,27,21.213203435596427,0.025544254021640057,0.00866937986651893,0.0004661997176117049
3,28,21.37755832643195,0.0250046012777443,0.00847965541212777,0.0006083372756349199
3,29,21.587033144922902,0.024327579470370217,0.008242252771716153,0.0007400315790825063
3,30,21.840329667841555,0.02352453811957929,0.007961520094761768,0.0008597479455434414
3,31,22.135943621178654,0.022608083579283334,0.00764223434188154,0.0009665108941070821
3,32,22.47220505424423,0.021591516331365124,0.007289372884505837,0.001059890985513897
3,33,22.847319317591726,0.02048830160825554,0.006907905694206657,0.0011399562619877068
3,34,23.259406699226016,0.01931160380738971,0.006502619821973885,0.0012071988473339231
3,35,23.706539182259394,0.018073903913587694,0.006077982265205138,0.0012624477006544232
3,36,24.186773244895647,0.016786708406080864,0.005638042441152747,0.0013067773735471995
3,37,24.698178070456937,0.015460349166493295,0.005186371818688334,0.0013414205322390483
3,38,25.238858928247925,0.014103867341602768,0.004726035926932632,0.0013676895695037229
3,39,25.80697580112788,0.012724970027485849,0.0042595928271409456,0.001386910299884865
3,40,26.40075756488817,0.011330046741833038,0.003789111939047147,0.0014003687823413939
3,41,27.018512172212592,0.009924232462803061,0.0033162075563408677,0.0014092708648384454
3,42,27.65863337187866,0.008511505012156147,0.0028420821978239774,0.0014147130973537468
3,43,28.319604517012593,0.007094806268095568,0.0023675759086172485,0.0014176631456945202
3,44,29.0,0.005676178720767106,0.0018932186013875753,0.0014189476608651554
3,45,29.698484809834994,0.004256910946365257,0.0014192834199263976,0.0014192456173436818
3,46,30.4138126514911,0.0028376874860797426,0.0009458398697134475,0.0014190853416300945
3,47,31.144823004794873,0.0014187402631050678,0.00047280607587844284,0.0014188437430398713
3,48,31.89043743820395,0.0,0.0,0.0007093701315525339
4,0,31.240998703626616,0.0,0.0,-0.0009455293861411991
4,1,30.479501308256342,0.0018910587722823981,0.00047238445495597443,-0.001891331854779418
4,2,29.732137494637012,0.003782663709558836,0.0009451805663995814,-0.0018920420142879337
4,3,29.0,0.005675142800858265,0.0014187465043620441,-0.0018928794629265438
4,4,28.284271247461902,0.007568422635411924,0.0018933413462463226,-0.0018933413462463226
4,5,27.586228448267445,0.00946182549335091,0.0023690734830952268,-0.001892721133022387
4,6,26.90724809414742,0.011353864901456697,0.002845846824548957,-0.0018901078492170485
4,7,26.248809496813376,0.013242041191785008,0.0033233045623476476,-0.0018843877545449417
4,8,25.612496949731394,0.01512264041054658,0.0038007707327416037,-0.0018742505114573756
4,9,25.0,0.01699054221469976,0.004277190482618606,-0.0018582023555157997
4,10,24.413111231467404,0.01883904512157818,0.004751070819858721,-0.001834589155811396
4,11,23.853720883753127,0.02065972052632255,0.0052204247277503005,-0.0018016324627964445
4,12,23.323807579381203,0.02244231004717107,0.005682722826762673,-0.0017574815510446509
4,13,22.825424421026653,0.024174683628411853,0.006134858200659357,-0.0017002839172983106
4,14,22.360679774997898,0.02584287788176769,0.006573131413206075,-0.0016282755177124877
4,15,21.93171219946131,0.027431234663836828,0.006993263866881134,-0.0015398900742155386
4,16,21.540659228538015,0.028922658030198767,0.007390448120092211,-0.0014338839837518547
4,17,21.18962010041709,0.030299002631340537,0.0077594431114662125,-0.0013094698254433757
4,18,20.8806130178211,0.03154159768108552,0.008094719939454138,-0.0011664475300285897
4,19,20.615528128088304,0.03263189769139772,0.008390659526419113,-0.0010053186162835015
4,20,20.396078054371138,0.03355223491365252,0.008641797091910331,-0.0008273664721687099
4,21,20.223748416156685,0.03428663063573514,0.008843100357331064,-0.0006346855806452223
4,22,20.09975124224178,0.034821606074942967,0.008990260013331862,-0.0004301458267338791
4,23,20.024984394500787,0.035146922289202895,0.009079964097446519,-0.00021728495522261443
4,24,20.0,0.035256175985388195,0.009110124763662021,-1.3225755728443755e-07
4,25,20.024984394500787,0.035147186804317464,0.009080028285482074,0.00021702214009674398
4,26,20.09975124224178,0.03482213170519471,0.00899038756435421,0.00042988809944927847
4,27,20.223748416156685,0.03428741060541891,0.008843289627127148,0.0006344362927526125
4,28,20.396078054371138,0.03355325911968948,0.008642045628836564,0.0008271289149573216
4,29,20.615528128088304,0.032633152775504264,0.00839096408891411,0.0010050959971823585
4,30,20.8806130178211,0.031543067125324765,0.00809507651922551,0.001166242949510345
4,31,21.18962010041709,0.030300666876483574,0.007759846962212472,0.0013092862545695649
4,32,21.540659228538015,0.028924494616185636,0.0073908937915874665,0.0014337242424948306
4,33,21.93171219946131,0.027433218391493912,0.006993745244217904,0.0015397568106881449
4,34,22.360679774997898,0.025844980994809346,0.006573641760960364,0.0016281711884315441
4,35,22.825424421026653,0.024176876014630824,0.0061353902117121314,0.0017002107686022103
4,36,23.323807579381203,0.022444559457604926,0.005683268675483431,0.0017574416017790608
4,37,23.853720883753127,0.020661992811072703,0.005220976127221644,0.001801627488375087
4,38,24.413111231467404,0.01884130448085475,0.004751619082795659,0.0018346206737513329
4,39,25.0,0.016992751463570037,0.004277726585613208,0.00185827161253844
4,40,25.612496949731394,0.015124761255777872,0.003801285383442518,0.001874358472237751
4,41,26.248809496813376,0.013244034519094535,0.003323788269165035,0.0018845350921826926
4,42,26.90724809414742,0.011355691071412486,0.0028462899684586927,0.001890294937492979
4,43,27.586228448267445,0.009463444644108577,0.002369466391101915,0.0018929480404945441
4,44,28.284271247461902,0.007569794990423398,0.0018936743660528318,0.0018936078322292446
4,45,29.0,0.005676228979650088,0.0014190100797838996,0.0018931849753868473
4,46,29.732137494637012,0.0037834250396497036,0.0009453653130558248,0.0018923856896786912
4,47,30.479501308256342,0.0018914576002927056,0.0004724812357639372,0.0018917125198248518
4,48,31.240998703626616,0.0,0.0,0.0009457288001463528
5,0,30.610455730027933,0.0,0.0,-0.001181604059176795
5,1,29.832867780352597,0.00236320811835359,0.00047166702205130777,-0.0023637369650599967
5,2,29.068883707497267,0.0047274739301199934,0.0009439696840263477,-0.0023651879682363144
5,3,28.319604517012593,0.007093584054826219,0.001417491864964746,-0.0023671757816154586
5,4,27.586228448267445,0.00946182549335091,0.0018927211330223852,-0.0023690734830952268
5,5,26.870057685088806,0.011831731021016673,0.0023699973432673802,-0.002369997343267381
5,6,26.1725046566048,0.014201820179885673,0.0028494575461228367,-0.002368802953330756
5,7,25.495097567963924,0.016569336927678185,0.003330976404507035,-0.002364083555459114
5,8,24.839484696748443,0.0189299872908039,0.003814101776872793,-0.0023541732085959853
5,9,24.20743687382041,0.021277683344870155,0.004297985809150667,-0.0023371581084530788
5,10,23.600847442411894,0.023604303507710058,0.004781312855333748,-0.002310900023370626
5,11,23.021728866442675,0.025899483391611407,0.005262226872214736,-0.0022730762940767306
5,12,22.47220505424423,0.02815045609586352,0.005738262639024395,-0.002221241002093262
5,13,21.95449840010015,0.03034196539579793,0.006206287206919233,-0.002152911503269994
5,14,21.470910553583888,0.03245627910240351,0.006662460249637786,-0.0020656832663407277
5,15,21.02379604162864,0.03447333192847939,0.007102224169420654,-0.001957373562626919
5,16,20.615528128088304,0.036371026227657345,0.0075203364106501604,-0.0018261908105224357
5,17,20.248456731316587,0.03812571354952426,0.007910956729302929,-0.0016709212816392524
5,18,19.924858845171276,0.03971286879093585,0.00826780028533539,-0.0014911187877619109
5,19,19.6468827043885,0.04110795112504808,0.008584362520502611,-0.0012872767751987042
5,20,19.4164878389476,0.04228742234133326,0.008854213366840814,-0.001060957426214669
5,21,19.235384061671343,0.04322986597747742,0.00907134671893773,-0.0008148508135863465
5,22,19.1049731745428,0.04391712396850595,0.009230557848680838,-0.0005527407594093058
5,23,19.026297590440446,0.04433534749629603,0.009327809474508137,-0.0002793639045921628
5,24,19.0,0.04447585177769028,0.009360540366250558,-1.6402243374971648e-07
5,25,19.026297590440446,0.04433567554116353,0.009327872211963288,0.00027903796800707314
5,26,19.1049731745428,0.04391777584167613,0.00923068251718761,0.0005524211326345882
5,27,19.235384061671343,0.04323083327589435,0.009071531711440508,0.0008145416531293512
5,28,19.4164878389476,0.04228869253541743,0.008854456287100503,0.0010606628138479582
5,29,19.6468827043885,0.041109507648198436,0.00858466020021361,0.0012870006886935605
5,30,19.924858845171276,0.03971469115803031,0.00826814880678841,0.001490865072245079
5,31,20.248456731316587,0.03812777750370828,0.007911351453457777,0.001670693621745125
5,32,20.615528128088304,0.03637330391454006,0.007520772010450172,0.0018259927035084653
5,33,21.02379604162864,0.03447579209669135,0.007102694668148666,0.0019572082926148093
5,34,21.470910553583888,0.03245888732931044,0.006662959064083122,0.0020655538798396954
5,35,21.95449840010015,0.030344684337011957,0.006206807195095861,0.002152820786131356
5,36,22.47220505424423,0.028153245757047727,0.0057387961521526264,0.0022211914580376867
5,37,23.021728866442675,0.025902301420936583,0.005262765810652582,0.002273070124926821
5,38,23.600847442411894,0.023607105507194085,0.004781848728119483,0.002310939111112159
5,39,24.20743687382041,0.021280423198712265,0.004298509796795653,0.002337243999238006
5,40,24.839484696748443,0.018932617508718073,0.003814604797022794,0.0023543070987895667
5,41,25.495097567963924,0.01657180900113313,0.00333144918007191,0.0023642662798222707
5,42,26.1725046566048,0.014204084949073532,0.0028498906754580366,0.002369034975416867
5,43,26.870057685088806,0.011833739050299398,0.0023703813719767727,0.002370278748100381
5,44,27.586228448267445,0.00946352745287277,0.001893046626940348,0.0023694039721831707
5,45,28.319604517012593,0.007094931105933056,0.0014177494838662707,0.002367554670340689
5,46,29.068883707497267,0.004728418112191392,0.0009441502556073659,0.0023656141856500572
5,47,29.832867780352597,0.0023637027346329422,0.00047176161571736545,0.002364209056095696
5,48,30.610455730027933,0.0,0.0,0.0011818513673164711
6,0,30.0,0.0,0.0,-0.0014171964081925068
6,1,29.206163733020468,0.0028343928163850137,0.0004703308239608719,-0.0028353015388057658
6,2,28.42534080710379,0.0056706030776115315,0.0009415686685729321,-0.002837866857201372
6,3,27.65863337187866,0.008510126530787757,0.0014145718740783335,-0.0028416309119225812
6,4,26.90724809414742,0.011353864901456694,0.0018901078492170476,-0.002845846824548957
6,5,26.1725046566048,0.014201820179885671,0.002368802953330756,-0.0028494575461228385
6,6,25.45584412271571,0.01705277999370237,0.0028510869104567006,-0.002851086910456703
6,7,24.758836806279895,0.019903994000799077,0.0033371302231140904,-0.002849031985294898
6,8,24.08318915758459,0.022750843964292167,0.003826773433171362,-0.002841259916101008
6,9,23.430749027719962,0.025586513833001093,0.004319447720063069,-0.0028254134339767544
6,10,22.80350850198276,0.028401670832245676,0.004814087346280844,-0.002798830218875465
6,11,22.20360331117452,0.031184174270752024,0.0053090359818601645,-0.002758582246487092
6,12,21.633307652783937,0.03391883532521986,0.00580195107710378,-0.0027015418857491477
6,13,21.095023109728988,0.03658725804225032,0.006289713264281327,-0.002624481527911702
6,14,20.591260281974,0.03916779838104326,0.006768351188283488,-0.002524212480213908
6,15,20.12461179749811,0.041635683002678135,0.007232995907428975,-0.0023977662352279126
6,16,19.697715603592208,0.04396333085149909,0.007677882455554171,-0.00224261654363413
6,17,19.313207915827967,0.046120916089946395,0.008096418289615596,-0.0020569337001286048
6,18,18.973665961010276,0.0480771982517563,0.008481337732449554,-0.001839853321228272
6,19,18.681541692269406,0.04980062273240294,0.008824956519171347,-0.0015917316977889263
6,20,18.439088914585774,0.05126066164733415,0.00911952980780803,-0.0013143506706038283
6,21,18.24828759089466,0.052429324073610596,0.009357700240532334,-0.0010110300624852457
6,22,18.110770276274835,0.05328272177230464,0.009533001593778161,-0.0006866085823042864
6,23,18.027756377319946,0.05380254123821917,0.009640362658039206,-0.00034726747279233486
6,24,18.0,0.05397725671788931,0.009676541951593908,-1.949950124355282e-07
6,25,18.027756377319946,0.05380293122824404,0.009640423680655392,0.000346879989159693
6,26,18.110770276274835,0.053283496739569926,0.009533122854648867,0.0006862285999720587
6,27,18.24828759089466,0.05243047402829992,0.009357880176528527,0.0010106625228397184
6,28,18.439088914585774,0.05126217169389049,0.009119766088188423,0.001314000426184219
6,29,18.681541692269406,0.049802473175931485,0.008825246062231448,0.0015914034774944519
6,30,18.973665961010276,0.048079364738901585,0.00848167672756506,0.0018395516962661784
6,31,19.313207915827967,0.04612336978339913,0.008096802224547887,0.0020566630509078025
6,32,19.697715603592208,0.04396603863708598,0.007678306148854085,0.0022423810278039413
6,33,20.12461179749811,0.041638607727791245,0.007233453545744398,0.002397569757055195
6,34,20.591260281974,0.03917089912297559,0.00676883636834643,0.002524058661484349
6,35,21.095023109728988,0.03659049040482255,0.006290219039321782,0.002624373680532706
6,36,21.633307652783937,0.03392215176191018,0.005802470007410554,0.0027014829862223397
6,37,22.20360331117452,0.031187524432377867,0.005309560189183443,0.0027585749124082303
6,38,22.80350850198276,0.028405001937093718,0.0048146085717472465,0.0027988766876082625
6,39,23.430749027719962,0.025589771057161342,0.0043199573852521055,0.002825515543635129
6,40,24.08318915758459,0.02275397084982346,0.003827262703982027,0.002841419088961494
6,41,24.758836806279895,0.019906932879238354,0.003337590076032286,0.00284924921374745
6,42,25.45584412271571,0.01705547242232856,0.0028515082008184383,0.002851362745588116
6,43,26.1725046566048,0.014204207388062122,0.002369176485162358,0.0028497920890122328
6,44,26.90724809414742,0.011355888244304094,0.0018904244462223715,0.0028462397203397466
6,45,27.65863337187866,0.008511727947382629,0.0014148224513341199,0.0028420813467198293
6,46,28.42534080710379,0.0056717255508644355,0.0009417443044869756,0.0028383735578275966
6,47,29.206163733020468,0.0028349808317274365,0.00047042283204380003,0.0028358627754322178
6,48,30.0,0.0,0.0,0.0014174904158637182
7,0,29.410882339705484,0.0,0.0,-0.0016519348831376668
7,1,28.600699292150182,0.0033038697662753336,0.00046810399815533626,-0.003305305633632929
7,2,27.80287754891569,0.006610611267265858,0.0009374308339247521,-0.003309429018353776
7,3,27.018512172212592,0.009922727802982886,0.001409159647266468,-0.003315714962259574
7,4,26.248809496813376,0.013242041191785006,0.0018843877545449417,-0.0033233045623476494
7,5,25.495097567963924,0.016569336927678185,0.002364083555459115,-0.003330976404507034
7,6,24.758836806279895,0.019903994000799074,0.002849031985294898,-0.0033371302231140904
7,7,24.041630560342615,0.023243597373906365,0.0033397700781737736,-0.0033397700781737753
7,8,23.345235059857504,0.026583534157146625,0.003836510415676753,-0.0033364907055449637
7,9,22.67156809750927,0.029916578784996293,0.0043390507216003165,-0.003324472021562561
7,10,22.02271554554524,0.033232478200271746,0.004846668800813398,-0.0033004882851677218
7,11,21.400934559032695,0.036517555355331736,0.005358003624425312,-0.003260940024899666
7,12,20.808652046684813,0.03975435825007108,0.005870925875017086,-0.003201918284514424
7,13,20.248456731316587,0.042921391924360584,0.006382404900726838,-0.0031193116144497025
7,14,19.72308292331602,0.045992981478970484,0.006888383884844012,-0.003008965909488376
7,15,19.235384061671343,0.048939323743337336,0.007383680950503006,-0.002866904829897602
7,16,18.788294228055936,0.05172679113876569,0.007861940247109279,-0.0026896131927090575
7,17,18.384776310850235,0.05431855012875545,0.008315662466551514,-0.0024743765585346356
7,18,18.027756377319946,0.05667554425583496,0.008736346527944257,-0.002219657017317661
7,19,17.72004514666935,0.05875786416339077,0.0091147704320912,-0.0019254688505571799
7,20,17.46424919657298,0.06052648195694932,0.009441426487964092,-0.001593701147575656
7,21,17.26267650163207,0.061945266458542085,0.009707102424670124,-0.0012283225995564778
7,22,17.11724276862369,0.06298312715606227,0.009903566636168669,-0.0008354031769161781
7,23,17.029386365926403,0.06361607281237444,0.010024279267395918,-0.0004229042624079096
7,24,17.0,0.0638289356808781,0.010065022624380884,-2.2504504993553498e-07
7,25,17.029386365926403,0.06361652290247431,0.010024338319004459,0.0004224570649521142
7,26,17.11724276862369,0.06298402155097386,0.009903683980358655,0.0008349646367614531
7,27,17.26267650163207,0.061946593628951406,0.009707276548801012,0.001227898419589795
7,28,17.46424919657298,0.060528224711794275,0.00944165513657667,0.0015932969281450375
7,29,17.72004514666935,0.05875999977266133,0.009115050623018883,0.001925090049316923
7,30,18.027756377319946,0.05667804461316043,0.008736674573644462,0.002219308909928639
7,31,18.384776310850235,0.05432138195280405,0.008316034000529247,0.002474064200456101
7,32,18.788294228055936,0.05172991621224823,0.007862350255274247,0.0026893413823119543
7,33,19.235384061671343,0.048942699188180144,0.007384123807272196,0.002866678073122464
7,34,19.72308292331602,0.0459965600660033,0.006888853393772598,0.003008788386262312
7,35,20.248456731316587,0.04292512241565552,0.006382894339422865,0.0031191871470672324
7,36,20.808652046684813,0.039758185771868834,0.00587142804406926,0.0032018503081760255
7,37,21.400934559032695,0.03652142179930347,0.005358510900048326,0.003260931560590128
7,38,22.02271554554524,0.03323632265068858,0.004847173190892397,0.0033005419150434964
7,39,22.67156809750927,0.029920337969216476,0.0043395439247945825,0.0033245898670032255
7,40,23.345235059857504,0.026587142916682127,0.003836983883223434,0.0033366744080093862
7,41,24.041630560342615,0.023246989153197704,0.003340215078014899,0.0033400207829858593
7,42,24.758836806279895,0.01990710135071041,0.0028494396681356966,0.003337448566286795
7,43,25.495097567963924,0.016572092020624114,0.002364445022352419,0.003331362502696448
7,44,26.248809496813376,0.013244376345317513,0.0018846941255855404,0.003323758006011409
7,45,27.018512172212592,0.009924576008601296,0.0014094021309707157,0.0033162348120760847
7,46,27.80287754891569,0.0066119067211653434,0.0009376007968645364,0.003310013804940377
7,47,28.600699292150182,0.0033045483987205423,0.0004681930344116376,0.0033059533605826717
7,48,29.410882339705484,0.0,0.0,0.0016522741993602711
8,0,28.844410203711913,0.0,0.0,-0.001885300406347843
8,1,28.0178514522438,0.003770600812695686,0.00046467017711380857,-0.003772732372730518
8,2,27.202941017470888,0.007545464745461036,0.0009309185995223157,-0.0037789225063125037
8,3,26.40075756488817,0.011328445825320693,0.001400287288325028,-0.0037885878325427708
8,4,25.612496949731394,0.015122640410546577,0.0018742505114573748,-0.0038007707327416037
8,5,24.839484696748443,0.0189299872908039,0.0023541732085959836,-0.0038141017768727947
8,6,24.08318915758459,0.022750843964292167,0.0028412599161010098,-0.003826773433171362
8,7,23.345235059857504,0.026583534157146625,0.0033364907055449637,-0.003836510415676753
8,8,22.627416997969522,0.030423864795645673,0.003840540559527551,-0.003840540559527551
8,9,21.93171219946131,0.034264615276201726,0.004353678765185014,-0.0038355718191134
8,10,21.2602916254693,0.03809500843387247,0.004875645544378658,-0.0038177831217004604
8,11,20.615528128088304,0.04190018151960265,0.0054055045859578155,-0.003782839320690779
8,12,20.0,0.04566068707525403,0.005941472814865602,-0.003725943162050674
8,13,19.4164878389476,0.049352067843703995,0.006480733092101804,-0.0036419395377386282
8,14,18.867962264113206,0.05294456615073129,0.007019242003803057,-0.0035254885299900764
8,15,18.35755975068582,0.05640304490368415,0.007551553623314392,-0.0033713225974931794
8,16,17.88854381999832,0.059687211345717646,0.008070690674011352,-0.003174598059682638
8,17,17.46424919657298,0.06275224102304942,0.008568105375478103,-0.0029313399809635828
8,18,17.08800749063506,0.06554989130764481,0.009033780369130641,-0.0026389612867679588
8,19,16.76305461424021,0.06803016359658534,0.009456520678524472,-0.0022968116578087616
8,20,16.492422502470642,0.07014351462326233,0.009824474638268237,-0.0019066826631827516
8,21,16.278820596099706,0.07184352892295084,0.010125889809512002,-0.0014731702106898226
8,22,16.1245154965971,0.07308985504464198,0.01035005811064122,-0.0010037854250300807
8,23,16.0312195418814,0.073851099773011,0.010488340627164541,-0.0005087234610045496
8,24,16.0,0.07410730196665108,0.010535106307576078,-2.540466209760561e-07
8,25,16.0312195418814,0.07385160786625296,0.010488397460759483,0.0005082186331819213
8,26,16.1245154965971,0.07309086470028724,0.01035017104731354,0.0010032903701755053
8,27,16.278820596099706,0.07184502712590195,0.01012605739343685,0.0014726913666217034
8,28,16.492422502470642,0.07014548196704383,0.009824694698702747,0.0019062263519663489
8,29,16.76305461424021,0.06803257442196925,0.009456790345314034,0.0022963840404266606
8,30,17.08800749063506,0.06555271388619051,0.009034096093238995,0.0026385683187558143
8,31,17.46424919657298,0.06275543778445762,0.008568462954418373,0.0029309873692780174
8,32,17.88854381999832,0.059690739147634474,0.008071085282025482,0.0031742912210609917
8,33,18.35755975068582,0.05640685534233564,0.007551979846119612,0.0033710666185568436
8,34,18.867962264113206,0.052948605910520787,0.0070196938776966936,0.0035252881293336806
8,35,19.4164878389476,0.04935627908366828,0.0064812041471889355,0.003641799030236044
8,36,20.0,0.0456650078500487,0.005941956122149126,0.0037258664255968785
8,37,20.615528128088304,0.04190454623247452,0.005405992808006344,0.0037828297655850933
8,38,21.2602916254693,0.03809934831887851,0.004876130989265922,0.003817843662862006
8,39,21.93171219946131,0.03426885890675051,0.004354153443373598,0.003835704851304092
8,40,22.627416997969522,0.030427938616270328,0.003840996243351224,0.0038407479357411775
8,41,23.345235059857504,0.026587363035268152,0.003336918990927057,0.0038367934288351876
8,42,24.08318915758459,0.022754351758599953,0.0028416522861315335,0.003827132801250596
8,43,24.839484696748443,0.01893309743276696,0.002354521098577523,0.003814537631562389
8,44,25.612496949731394,0.015125276495475175,0.0018745453750192414,0.00380128261172145
8,45,26.40075756488817,0.01133053220932406,0.0014005206641969437,0.0037891746754408332
8,46,27.202941017470888,0.007546927144593508,0.0009310821785528675,0.0037795826543866743
8,47,28.0178514522438,0.0037713669005507116,0.0004647558691153015,0.003773463572296754
8,48,28.844410203711913,0.0,0.0,0.0018856834502753558
9,0,28.30194339616981,0.0,0.0,-0.0021166050602514754
9,1,27.459060435491963,0.004233210120502951,0.00045967333639297084,-0.0042362242331552445
9,2,26.627053911388696,0.008472448466310489,0.0009213125974321897,-0.004245046129564996
9,3,25.80697580112788,0.012723302379632942,0.0013868580213359594,-0.004259046874194633
9,4,25.0,0.016990542214699755,0.0018582023555158015,-0.004277190482618605
9,5,24.20743687382041,0.021277683344870152,0.0023371581084530753,-0.004297985809150669
9,6,23.430749027719962,0.025586513833001093,0.002825413433976751,-0.0043194477200630705
9,7,22.67156809750927,0.029916578784996293,0.0033244720215625575,-0.0043390507216003165
9,8,21.93171219946131,0.034264615276201726,0.0038355718191134,-0.004353678765185014
9,9,21.213203435596427,0.03862393631536632,0.004359577006413668,-0.004359577006413668
9,10,20.518284528683193,0.04298376928902906,0.004896837651422528,-0.004352314105940523
9,11,19.849433241279208,0.04732856452724737,0.005447012355023276,-0.00432676729538661
9,12,19.209372712298546,0.05163730387980228,0.006008851550140307,-0.004277146790658413
9,13,18.601075237738275,0.05588285810856419,0.006579943789460058,-0.004197080803387158
9,14,18.027756377319946,0.0600314654865766,0.007156435270253968,-0.004079786440700964
9,15,17.4928556845359,0.06404243098996612,0.007732744826188315,-0.003918353500105897
9,16,17.0,0.06786817248678839,0.008301312884045575,-0.003706164944872768
9,17,16.55294535724685,0.07145476087971166,0.008852442243875963,-0.0034374662536539244
9,18,16.15549442140351,0.07474310499409624,0.009374307290346419,-0.0031080723203640304
9,19,15.811388300841896,0.07767090552043972,0.009853219125042958,-0.0027161631196947755
9,20,15.524174696260024,0.08017543123348579,0.010274226179910008,-0.0022630702785631854
9,21,15.297058540778355,0.08219704607756609,0.010622090707674461,-0.001753906071929462
9,22,15.132745950421556,0.08368324337734472,0.010882603334561841,-0.0011978539945687178
9,23,15.033296378372908,0.08459275406670352,0.011044087387186985,-0.0006079524593427671
9,24,15.0,0.08489914829603025,0.011098832958601326,-2.818786448768873e-07
9,25,15.033296378372908,0.08459331782399328,0.011044141765955737,0.0006073923252146521
9,26,15.132745950421556,0.08368436364560095,0.010882711393135208,0.001197304704084086
9,27,15.297058540778355,0.0821987084158251,0.01062225105310935,0.0017533747682005885
9,28,15.524174696260024,0.08017761410919977,0.01027443673522492,0.0022625639762678534
9,29,15.811388300841896,0.0776735804632894,0.009853477144054539,0.002715688654780675
9,30,16.15549442140351,0.07474623679963842,0.009374609377312715,0.0031076363008243
9,31,16.55294535724685,0.0714583078616408,0.008852784377829048,0.0034370750116696144
9,32,17.0,0.06787208677629919,0.008301690447667435,0.003705824490610715
9,33,17.4928556845359,0.06404665888041937,0.007733152639056523,0.003918069477451252
9,34,18.027756377319946,0.060035947821396686,0.007156867626257373,0.004079564085192989
9,35,18.601075237738275,0.05588753071003339,0.0065803944981593955,0.0041969249026148
9,36,19.209372712298546,0.051642098016167086,0.006009313981824173,0.004277061647358617
9,37,19.849433241279208,0.04733340741531616,0.005447479489187598,0.004326756693473332
9,38,20.518284528683193,0.04298858462922042,0.004897302128380136,0.004352381279676243
9,39,21.213203435596427,0.03862864485596367,0.004360031181721031,0.004359724612917924
9,40,21.93171219946131,0.034269135403384575,0.0038360078204837007,0.004353908860455927
9,41,22.67156809750927,0.029920827135051817,0.0033248818079182965,0.00433936474020555
9,42,23.430749027719962,0.025590405922973476,0.0028257888562807382,0.004319846458636329
9,43,24.20743687382041,0.02128113421777916,0.0023374909719447896,0.00429846941380874
9,44,25.0,0.016993467095355996,0.0018584844829698521,0.004277758440391988
9,45,25.80697580112788,0.012725617336995183,0.0013870813169516135,0.0042596980085424585
9,46,26.627053911388696,0.008474071078271079,0.0009214691109570672,0.004245778600022019
9,47,27.459060435491963,0.004234060136951145,0.0004597553270806658,0.004237035539135539
9,48,28.30194339616981,0.0,0.0,0.0021170300684755726
10,0,27.784887978899608,0.0,0.0,-0.002344973742740814
10,1,26.92582403567252,0.004689947485481628,0.00045272511650126237,-0.004694044970162708
10,2,26.076809620810597,0.009388089940325415,0.0009078257417866713,-0.004706107191255492
10,3,25.238858928247925,0.014102161867992612,0.0013676657782389313,-0.0047254775906263825
10,4,24.413111231467404,0.01883904512157818,0.0018345891558113978,-0.00475107081985872
10,5,23.600847442411894,0.02360430350771005,0.0023109000233706243,-0.004781312855333744
10,6,22.80350850198276,0.02840167083224567,0.002798830218875465,-0.004814087346280844
10,7,22.02271554554524,0.03323247820027174,0.0033004882851677218,-0.004846668800813402
10,8,21.2602916254693,0.03809500843387247,0.0038177831217004604,-0.004875645544378662
10,9,20.518284528683193,0.04298376928902906,0.004352314105940523,-0.004896837651422528
10,10,19.79898987322333,0.04788868373671753,0.004905218470310068,-0.004905218470310068
10,11,19.1049731745428,0.0527942062296492,0.005476966393663813,-0.004894853219408558
10,12,18.439088914585774,0.057678390175534645,0.0060670954963245385,-0.004858874596487456
10,13,17.804493814764857,0.06251195542262411,0.0066738804671988075,-0.0047895232578522885
10,14,17.204650534085253,0.06725743669123922,0.007293942094582593,-0.004678289566718334
10,15,16.64331697709324,0.07186853455606078,0.007921814989899224,-0.004516200211284786
10,16,16.1245154965971,0.0762898371138088,0.008549516479904679,-0.004294295477370286
10,17,15.652475842498529,0.08045712551080135,0.009166190713137776,-0.004004334387264427
10,18,15.231546211727817,0.08429850588833765,0.009757938667319804,-0.003639738167934954
10,19,14.866068747318506,0.08773660184667126,0.010307976893536186,-0.0031967305473723506
10,20,14.560219778561036,0.09069196698308235,0.010797277418410897,-0.0026755542458142545
10,21,14.317821063276353,0.09308771033829977,0.011205802624203044,-0.002081547365341656
10,22,14.142135623730951,0.09485506171376566,0.011514337511693812,-0.0014257821045426042
10,23,14.035668847618199,0.09593927454738498,0.0117067335791178,-0.0007249530850440347
10,24,14.0,0.09630496788385373,0.011772157205942033,-3.0842538972786215e-07
10,25,14.035668847618199,0.09593989139816443,0.011706785277425122,0.0007243401986480394
10,26,14.142135623730951,0.09485628748655765,0.011514440243797962,0.0014251810830218925
10,27,14.317821063276353,0.09308952923212065,0.011205955065822448,0.002080966024531991
10,28,14.560219778561036,0.09069435543749367,0.010797477594943566,0.00267500026102116
10,29,14.866068747318506,0.08773952871007833,0.01030822219416476,0.0031962113983388662
10,30,15.231546211727817,0.08430193264081594,0.009758225863686666,0.0036392610849813045
10,31,15.652475842498529,0.08046100654011572,0.009166515982478321,0.004003906298923297
10,32,16.1245154965971,0.07629412004296934,0.008549875432499666,0.004293922959833517
10,33,16.64331697709324,0.07187316062044868,0.007922202700681807,0.004515889439966905
10,34,17.204650534085253,0.06726234116303553,0.00729435313870971,0.004678046270230808
10,35,17.804493814764857,0.06251706807998707,0.006674308959372963,0.004789352674669244
10,36,18.439088914585774,0.057683635813697044,0.006067535133628867,0.004858781434568676
10,37,19.1049731745428,0.052799505210849716,0.005477410501651923,0.0048948416190291305
10,38,19.79898987322333,0.04789395257563878,0.0049056600520716274,0.0049052919703285736
10,39,20.518284528683193,0.04298892127019257,0.004352745893845173,0.004896999159200527
10,40,21.2602916254693,0.03809995425723773,0.003818197631505496,0.004875897309543912
10,41,22.02271554554524,0.033237126651104745,0.0033008778721598606,0.00484701239303815
10,42,22.80350850198276,0.02840592947116143,0.0027991871357033234,0.004814523637224103
10,43,23.600847442411894,0.02360807937665654,0.0023112164792133145,0.004781842004873275
10,44,24.413111231467404,0.01884224546141488,0.0018348573765188062,0.004751692266714626
10,45,25.238858928247925,0.014104694843227288,0.0013678780670719802,0.004726190047453618
10,46,26.076809620810597,0.009389865366507643,0.0009079745403802108,0.004706908644257622
10,47,26.92582403567252,0.004690877554712043,0.0004528030656690547,0.004694932683253821
10,48,27.784887978899608,0.0,0.0,0.0023454387773560216
11,0,27.294688127912362,0.0,0.0,-0.0025693301767527378
11,1,26.419689627245813,0.0051386603535054755,0.0004434151928739134,-0.005144049974941916
11,2,25.553864678361276,0.010288099949883832,0.0008896234900031656,-0.005159986791302664
11,3,24.698178070456937,0.015458633936110805,0.0013414242871727785,-0.00518581028821936
11,4,23.853720883753127,0.02065972052632255,0.0018016324627964445,-0.005220424727750298
11,5,23.021728866442675,0.0258994833916114,0.002273076294076734,-0.005262226872214736
11,6,22.20360331117452,0.031184174270752024,0.002758582246487092,-0.005309035981860168
11,7,21.400934559032695,0.036517555355331736,0.0032609400248996695,-0.005358003624425312
11,8,20.615528128088304,0.04190018151960265,0.0037828393206907826,-0.0054055045859578155
11,9,19.849433241279208,0.04732856452724737,0.00432676729538661,-0.005447012355023276
11,10,19.1049731745428,0.0527942062296492,0.004894853219408558,-0.005476966393663813
11,11,18.384776310850235,0.058282497314574994,0.00548864432140108,-0.00548864432140108
11,12,17.69180601295413,0.06377149487245136,0.006108795750799801,-0.005474060864193407
11,13,17.029386365926403,0.06923061904296181,0.006754659272860487,-0.005423927401645212
11,14,16.401219466856727,0.07461934967574178,0.0074237625163229015,-0.005327720963401381
11,15,15.811388300841896,0.07988606096976457,0.008111186953650734,-0.005173927885427983
11,16,15.264337522473747,0.08496720544659775,0.008808882683041128,-0.0049505406681113195
11,17,14.7648230602334,0.08978714230598721,0.00950500517455661,-0.00464588844106905
11,18,14.317821063276353,0.09425898232873585,0.010183423237819365,-0.004249858500762441
11,19,13.92838827718412,0.09828685930751209,0.010823618956926871,-0.0037555018707858684
11,20,13.601470508735444,0.10176998607030759,0.011401253061485171,-0.0031608960092300437
11,21,13.341664064126334,0.10460865132597218,0.011889655791551962,-0.0024709661652123766
11,22,13.152946437965905,0.10671191840073234,0.012262362637470603,-0.0016987849494834728
11,23,13.038404810405298,0.10800622122493912,0.012496504882056031,-0.0008657721535909879
11,24,13.0,0.10844346270791431,0.012576429566179693,-3.33576952199488e-07
11,25,13.038404810405298,0.10800688837884352,0.012496553686377448,0.0008651092873587229
11,26,13.152946437965905,0.10671324413319687,0.012262459618801104,0.0016981349156867595
11,27,13.341664064126334,0.10461061854747,0.011889799699741084,0.002470337417054984
11,28,13.601470508735444,0.1017725692990869,0.011401442032465903,0.0031602968479255422
11,29,13.92838827718412,0.09829002485161892,0.01082385052603109,0.003754940386037575
11,30,14.317821063276353,0.09426268852701175,0.010183694357407597,0.004249342512510738
11,31,14.7648230602334,0.08979133982659744,0.009505312235856302,0.004645425442856614
11,32,15.264337522473747,0.08497183764129852,0.008809221542062276,0.004950137772407229
11,33,15.811388300841896,0.07989106428178298,0.008111552961023588,0.005173591771241208
11,34,16.401219466856727,0.0746246540988161,0.007424150550878202,0.005327457826501833
11,35,17.029386365926403,0.06923614862877932,0.006755063778749931,0.005423742907695643
11,36,17.69180601295413,0.06377716828342482,0.006109210777933426,0.005473960105079657
11,37,18.384776310850235,0.058288228418620004,0.0054890635689569985,0.005488631775030572
11,38,19.1049731745428,0.05279990473336368,0.004895270082151914,0.005477045887482993
11,39,19.849433241279208,0.04733413664365402,0.004327174912516989,0.005447187033484055
11,40,20.615528128088304,0.04190553066639557,0.003783230626921052,0.0054057768821412396
11,41,21.400934559032695,0.03652258287937154,0.0032613078034549707,0.005358375236007722
11,42,22.20360331117452,0.031188780194380122,0.0027589191837,0.005309507851582875
11,43,23.021728866442675,0.02590356717620579,0.002273375035243639,0.005262799172993257
11,44,23.853720883753127,0.020663181848393608,0.0018018856689513366,0.005221096852533322
11,45,24.698178070456937,0.015461373471139144,0.0013416246924273251,0.005186580844681054
11,46,25.553864678361276,0.0102900201590315,0.0008897639590970214,0.0051608536014249445
11,47,26.419689627245813,0.005139666268289255,0.00044348877857594256,0.00514501007951575
11,48,27.294688127912362,0.0,0.0,0.0025698331341446274
12,0,26.832815729997478,0.0,0.0,-0.0027883889356147273
12,1,25.942243542145693,0.005576777871229455,0.0004313251726655422,-0.005583668460165873
12,2,25.059928172283335,0.011167336920331747,0.0008658513598811058,-0.005604116285554357
12,3,24.186773244895647,0.01678501044233817,0.0013068075291842061,-0.005637486563419661
12,4,23.323807579381203,0.02244231004717107,0.0017574815510446509,-0.005682722826762675
12,5,22.47220505424423,0.02815045609586352,0.002221241002093262,-0.005738262639024392
12,6,21.633307652783937,0.03391883532521985,0.002701541885749144,-0.00580195107710378
12,7,20.808652046684813,0.03975435825007108,0.003201918284514424,-0.0058709258750170926
12,8,20.0,0.04566068707525404,0.003725943162050674,-0.005941472814865602
12,9,19.209372712298546,0.05163730387980228,0.004277146790658413,-0.006008851550140304
12,10,18.439088914585774,0.057678390175534645,0.004858874596487456,-0.0060670954963245385
12,11,17.69180601295413,0.06377149487245136,0.005474060864193407,-0.006108795750799801
12,12,16.97056274847714,0.06989598167713425,0.006124889547946863,-0.006124889547946863
12,13,16.278820596099706,0.07602127396834508,0.006812310214321646,-0.006104490023375389
12,14,15.620499351813308,0.08210496172388503,0.007535379326987057,-0.006034817247508581
12,15,15.0,0.08809090846336225,0.008290410414358441,-0.005901320378003012
12,16,14.422205101855956,0.09390760247989105,0.009069949579150999,-0.005688113698276161
12,17,13.892443989449804,0.09946713585991457,0.009861655626835233,-0.005378874942042665
12,18,13.416407864998739,0.10466535236397638,0.010647265248039425,-0.004958351950305216
12,19,13.0,0.109383839760525,0.011401960675364468,-0.0044145603710381565
12,20,12.649110640673518,0.11349447310605269,0.01209460046553356,-0.003741591080439345
12,21,12.36931687685298,0.11686702192140369,0.012689346968241082,-0.0029426569413270875
12,22,12.165525060596439,0.11937978698870687,0.013149095615500324,-0.0020326311950466733
12,23,12.041594578792296,0.12093228431149704,0.013440637506053975,-0.0010390200137531252
12,24,12.0,0.12145782701621312,0.01354064614414651,-3.5722971114537927e-07
12,25,12.041594578792296,0.12093299877091933,0.013440683215854683,0.001038310146026629
12,26,12.165525060596439,0.11938120672415986,0.013149186447565207,0.002031935069658257
12,27,12.36931687685298,0.11686912863160281,0.01268948175168759,0.0029419836108671923
12,28,12.649110640673518,0.11349723950242548,0.012094777454488989,0.003740949434731154
12,29,13.0,0.1093872297621405,0.011402177561437181,0.004413959073397172
12,30,13.416407864998739,0.10466932135563113,0.010647519176830732,0.0049577993751560925
12,31,13.892443989449804,0.09947163101182832,0.00986194321839283,0.005378379114268618
12,32,14.422205101855956,0.0939125631270939,0.009070266952241633,0.00568768223466623
12,33,15.0,0.08809626654249586,0.008290753214413554,0.00590096043115098
12,34,15.620499351813308,0.08211064226479194,0.007535742757553747,0.006034535452504465
12,35,16.278820596099706,0.07602719563748693,0.006812689071829629,0.0061042924476140195
12,36,16.97056274847714,0.0699020573695639,0.006125278259581715,0.0061247816443616085
12,37,17.69180601295413,0.06377763234876371,0.005474453528647522,0.006108782314810643
12,38,18.439088914585774,0.05768449273994261,0.004859265027342092,0.006067180626768583
12,39,19.209372712298546,0.051643271095226546,0.004277528562133828,0.006009038614431389
12,40,20.0,0.04566641551107983,0.003726309656846248,0.00594176441860593
12,41,20.808652046684813,0.03975974225801469,0.0032022627434471346,0.005871323836259202
12,42,21.633307652783937,0.03392376783856143,0.0027018574588870484,0.0058024564054354345
12,43,22.47220505424423,0.028154829447143818,0.0022215208010701887,0.005738875519621938
12,44,23.323807579381203,0.022446016799317552,0.0017577187022341737,0.00568344260953094
12,45,24.186773244895647,0.016787944228081938,0.0013069952274039525,0.005638311757307933
12,46,25.059928172283335,0.011169393284701686,0.0008659829222940072,0.005605044558109005
12,47,25.942243542145693,0.005577855111863928,0.0004313940925414249,0.005584696642350843
12,48,26.832815729997478,0.0,0.0,0.002788927555931964
13,0,26.40075756488817,0.0,0.0,-0.00300065534941828
13,1,25.495097567963924,0.00600131069883656,0.0004160462948336152,-0.0060099013348230215
13,2,24.596747752497688,0.012019802669646043,0.0008356703832427467,-0.006035469147821328
13,3,23.706539182259394,0.018072248994479217,0.001262502916826596,-0.006077440479382905
13,4,22.825424421026653,0.024174683628411853,0.0017002839172983106,-0.006134858200659354
13,5,21.95449840010015,0.030341965395797924,0.0021529115032699903,-0.00620628720691923
13,6,21.095023109728988,0.03658725804225031,0.0026244815279117054,-0.00628971326428133
13,7,20.248456731316587,0.042921391924360584,0.0031193116144496956,-0.006382404900726842
13,8,19.4164878389476,0.049352067843703995,0.0036419395377386213,-0.006480733092101804
13,9,18.601075237738275,0.05588285810856419,0.004197080803387154,-0.006579943789460058
13,10,17.804493814764857,0.06251195542262411,0.0047895232578522885,-0.0066738804671988075
13,11,17.029386365926403,0.06923061904296181,0.005423927401645198,-0.006754659272860487
13,12,16.278820596099706,0.07602127396834508,0.006104490023375389,-0.006812310214321646
13,13,15.556349186104045,0.0828552394716051,0.0068344171806854065,-0.0068344171806854065
13,14,14.866068747318506,0.0896901083297159,0.007615143980921321,-0.006805821163438176
13,15,14.212670403551895,0.09646688179848145,0.008445240477344323,-0.006708498137591924
13,16,13.601470508735444,0.10310710460489975,0.009318968629316783,-0.0065217858805881115
13,17,13.038404810405298,0.10951045355965768,0.010224525378112963,-0.006223204109957477
13,18,12.529964086141668,0.1155535128248147,0.011142147623631436,-0.005790163549291676
13,19,12.083045973594572,0.12109078065824103,0.012042486952243685,-0.005202837088280003
13,20,11.704699910719626,0.1259591870013747,0.012885972268744002,-0.004448282302106657
13,21,11.40175425099138,0.12998734526245434,0.013624168735340322,-0.0035254613151791403
13,22,11.180339887498949,0.133010109631733,0.01420416913597835,-0.002450075487296366
13,23,11.045361017187261,0.13488749623704707,0.014576437643693686,-0.0012573226822371747
13,24,11.0,0.13552475499620734,0.014704968449380525,-3.792867529078814e-07
13,25,11.045361017187261,0.1348882548105529,0.014576480072249438,0.0012565689839400263
13,26,11.180339887498949,0.13301161702832728,0.014204253447729229,0.002449336379853853
13,27,11.40175425099138,0.12998958205084518,0.013624293843454718,0.003524746410131202
13,28,11.704699910719626,0.12596212420806488,0.012886136552675419,0.004447601038175951
13,29,12.083045973594572,0.12109437997449328,0.01204268826930669,0.0052021986636958326
13,30,12.529964086141668,0.11555772688067321,0.011142383324328299,0.00578957685555509
13,31,13.038404810405298,0.1095152262633831,0.010224792325118803,0.006222677667445713
13,32,13.601470508735444,0.10311237154578179,0.009319263220009893,0.006521327776386504
13,33,14.212670403551895,0.09647257071061009,0.008445558669745688,0.006708115965929094
13,34,14.866068747318506,0.0896961396139236,0.007615481322887904,0.006805521969085758
13,35,15.556349186104045,0.08286152677243858,0.006834768842181468,0.006834207405667675
13,36,16.278820596099706,0.07602772480258825,0.006104850831626964,0.006812195648261764
13,37,17.029386365926403,0.06923713547591505,0.005424291878965766,0.006754645007270195
13,38,17.804493814764857,0.06251843478804786,0.0047898856619107005,0.006673970853996687
13,39,18.601075237738275,0.055889193767921674,0.004197435169673622,0.006580142403979899
13,40,19.4164878389476,0.04935814998008806,0.0036422797239706456,0.006481042700827933
13,41,20.248456731316587,0.04292710836626581,0.0031196313466473197,0.006382827433966922
13,42,21.095023109728988,0.03659249511215422,0.002624774447860377,0.006290249793959821
13,43,21.95449840010015,0.030346608778346166,0.0021531712170799345,0.006206937929646132
13,44,22.825424421026653,0.024178619252861955,0.0017005040447613876,0.006135622426199559
13,45,23.706539182259394,0.01807536392594705,0.001262677141265529,0.0060783166246212205
13,46,24.596747752497688,0.012021986003619515,0.0008357925015430893,0.006036454736287472
13,47,25.495097567963924,0.0060024544533721046,0.00041611026734610524,0.006010993001809757
13,48,26.40075756488817,0.0,0.0,0.0030012272266860523
14,0,26.0,0.0,0.0,-0.0032044352304483425
14,1,25.079872407968907,0.006408870460896685,0.000397200880022916,-0.00641933884340862
14,2,24.166091947189145,0.01283867768681724,0.0007983005246892912,-0.0064505729075473375
14,3,23.259406699226016,0.01931001627599136,0.0012072776001189542,-0.006502100097475225
14,4,22.360679774997898,0.02584287788176769,0.0016282755177124877,-0.0065731314132060695
14,5,21.470910553583888,0.0324562791024035,0.0020656832663407346,-0.006662460249637786
14,6,20.591260281974,0.03916779838104326,0.0025242124802139117,-0.006768351188283485
14,7,19.72308292331602,0.04599298147897047,0.003008965909488369,-0.0068883838848440085
14,8,18.867962264113206,0.05294456615073128,0.003525488529990073,-0.0070192420038030605
14,9,18.027756377319946,0.06003146548657659,0.004079786440700964,-0.007156435270253971
14,10,17.204650534085253,0.06725743669123922,0.004678289566718334,-0.0072939420945825825
14,11,16.401219466856727,0.07461934967574176,0.005327720963401367,-0.0074237625163229015
14,12,15.620499351813308,0.08210496172388503,0.006034817247508567,-0.007535379326987071
14,13,14.866068747318506,0.0896901083297159,0.006805821163438176,-0.007615143980921321
14,14,14.142135623730951,0.09733524968572767,0.007645640544167498,-0.007645640544167498
14,15,13.45362404707371,0.1049813894180509,0.008556544987680485,-0.007605145026398474
14,16,12.806248474865697,0.11254553973852462,0.009536269216215539,-0.0074673985990448
14,17,12.206555615733702,0.1199161866161405,0.01057544331422617,-0.007202053936357318
14,18,11.661903789690601,0.12694964761123925,0.011654429649230615,-0.006776313524435938
14,19,11.180339887498949,0.13346881366501237,0.012739986517781993,-0.006158385016150722
14,20,10.770329614269007,0.1392664176435407,0.013782754224323332,-0.005323272863535983
14,21,10.44030650891055,0.14411535939208434,0.01471730937206063,-0.004260853808561435
14,22,10.198039027185569,0.14778812526066357,0.015467098324594544,-0.002984900103400037
14,23,10.04987562112089,0.1500851595988844,0.015956099697838802,-0.0015398193271553007
14,24,10.0,0.15086776391497417,0.01612643405851863,-3.996582668974735e-07
14,25,10.04987562112089,0.1500859589154182,0.01595613867299535,0.0015390251476779249
14,26,10.198039027185569,0.14778971361961832,0.015467175773935693,0.002984121298452977
14,27,10.44030650891055,0.14411771631851225,0.014717424297215564,0.004260100505921002
14,28,10.770329614269007,0.1392695126077763,0.01378290513664715,0.005322555008879182
14,29,11.180339887498949,0.1334726063007539,0.012740171448989444,0.006157712301744292
14,30,11.661903789690601,0.12695408800428773,0.011654646165475256,0.00677569531934398
14,31,12.206555615733702,0.11992121566206593,0.010575688533540316,0.007201499218587024
14,32,12.806248474865697,0.11255108956711368,0.009536539829206658,0.007466915890039345
14,33,13.45362404707371,0.10498738388198724,0.008556837281359454,0.007604742328272969
14,34,14.142135623730951,0.09734160491056774,0.007645950428765841,0.007645325280068685
14,35,14.866068747318506,0.08969673332184987,0.006806144202052555,0.00761492293887496
14,36,15.620499351813308,0.08211175903281782,0.006035148688394047,0.007535258607577311
14,37,16.401219466856727,0.07462621610669525,0.005328055774718288,0.007423747484526906
14,38,17.204650534085253,0.06726426406376401,0.0046786224735227075,0.007294037336060728
14,39,18.027756377319946,0.06003814143457379,0.004080111963953997,0.007156644552371444
14,40,18.867962264113206,0.052950974959021124,0.003525801027349767,0.007019568241632232
14,41,19.72308292331602,0.045999004951309326,0.0030092596176345583,0.0068888291123694705
14,42,20.591260281974,0.03917331673428218,0.0025244815584479566,0.00676891653500282
14,43,21.470910553583888,0.03246117188130369,0.0020659218411925116,0.006663145922720928
14,44,22.360679774997898,0.025847024888840327,0.0016284777282799118,0.006573936685345345
14,45,23.259406699226016,0.019313298510612996,0.0012074376438598097,0.006503023300526232
14,46,24.166091947189145,0.012840978287787864,0.0007984127033809473,0.006451611432028428
14,47,25.079872407968907,0.006410075646556139,0.00039725964560295484,0.006420489143893932
14,48,26.0,0.0,0.0,0.0032050378232780694
15,0,25.632011235952593,0.0,0.0,-0.003397856229441196
15,1,24.698178070456937,0.006795712458882392,0.00037446701124700665,-0.006808201859512313
15,2,23.769728648009426,0.013616403719024625,0.0007530711471117908,-0.006845545867917366
15,3,22.847319317591726,0.020486804194717125,0.0011400568557407807,-0.006907415472406101
15,4,21.93171219946131,0.027431234663836828,0.0015398900742155438,-0.006993263866881134
15,5,21.02379604162864,0.034473331928479393,0.0019573735626269226,-0.007102224169420654
15,6,20.12461179749811,0.041635683002678135,0.0023977662352279126,-0.007232995907428964
15,7,19.235384061671343,0.04893932374333732,0.0028669048298976055,-0.007383680950503003
15,8,18.35755975068582,0.05640304490368414,0.0033713225974931794,-0.007551553623314399
15,9,17.4928556845359,0.06404243098996612,0.0039183535001059006,-0.007732744826188319
15,10,16.64331697709324,0.07186853455606078,0.004516200211284786,-0.00792181498989921
15,11,15.811388300841896,0.07988606096976454,0.005173927885427997,-0.00811118695365072
15,12,15.0,0.08809090846336222,0.005901320378003012,-0.008290410414358455
15,13,14.212670403551895,0.09646688179848145,0.006708498137591924,-0.008445240477344337
15,14,13.45362404707371,0.1049813894180509,0.007605145026398474,-0.008556544987680485
15,15,12.727922061357855,0.11357997177384242,0.008599126809639965,-0.008599126809639965
15,16,12.041594578792296,0.12217964303733082,0.009694220718037862,-0.008540684207133796
15,17,11.40175425099138,0.13066134018811001,0.010886653043816912,-0.008341364542972553
15,18,10.816653826391969,0.13886237212327593,0.012160247963517737,-0.007954706752847499
15,19,10.295630140987,0.146570753693805,0.013480384394372422,-0.007331161663372721
15,20,9.848857801796104,0.15352469545002137,0.014787859740971313,-0.0064256051563852945
15,21,9.486832980505138,0.1594219640065756,0.015995328579309465,-0.005209805415450353
15,22,9.219544457292887,0.16394430628092208,0.016990928356219445,-0.0036888658130745378
15,23,9.055385138137417,0.16679969563272468,0.017654542429576398,-0.0019166584161612599
15,24,9.0,0.1677776231132446,0.017888642992784143,-4.1826190945448705e-07
15,25,9.055385138137417,0.16680053215654359,0.01765457779444439,0.0019158272685229627
15,26,9.219544457292887,0.16394596857619867,0.016990998631388768,0.0036880507556336373
15,27,9.486832980505138,0.1594244306452763,0.015995432858888964,0.005209017047419745
15,28,9.848857801796104,0.15352793448135918,0.01478799667420995,0.006424853886402071
15,29,10.295630140987,0.14657472287247217,0.01348055219530822,0.007330457634867726
15,30,10.816653826391969,0.13886701921162373,0.012160444423752678,0.007954059771004218
15,31,11.40175425099138,0.13066660333046373,0.010886875548341488,0.00834078400371431
15,32,12.041594578792296,0.1221854512041951,0.009694466264010174,0.008540179028567366
15,33,12.727922061357855,0.113586245273329,0.008599392028007004,0.008598705366369912
15,34,13.45362404707371,0.10498804047145528,0.007605426206229088,0.008556215048392657
15,35,14.212670403551895,0.09647381517654369,0.006708791252975403,0.008445009146039469
15,36,15.0,0.08809802217937635,0.005901621117350944,0.008290284075596031
15,37,15.811388300841896,0.07989324702535162,0.005174231683002593,0.008111171222141535
15,38,16.64331697709324,0.07187567973509328,0.0045165022807628075,0.007921914664760978
15,39,17.4928556845359,0.06404941769582967,0.003918648869974676,0.0077329638501528394
15,40,18.35755975068582,0.0564097520347876,0.0033716061480637376,0.007551895047147372
15,41,19.235384061671343,0.048945627601534925,0.0028671713317090473,0.007384146902868732
15,42,20.12461179749811,0.04164145822905013,0.0023980103886084847,0.007233587570401868
15,43,21.02379604162864,0.03447845246073119,0.0019575900381690187,0.007102941759814177
15,44,21.93171219946131,0.02743557470942178,0.0015400735539154112,0.0069941066235322605
15,45,22.847319317591726,0.020490239213666668,0.0011402020745486432,0.006908381649520185
15,46,23.769728648009426,0.01361881141038141,0.0007531729346342674,0.0068466327345443265
15,47,24.698178070456937,0.006796973744578014,0.00037452033334152294,0.006809405705190705
15,48,25.632011235952593,0.0,0.0,0.003398486872289007
16,0,25.298221281347036,0.0,0.0,-0.003578902241695349
16,1,24.351591323771842,0.007157804483390698,0.00034760534120104264,-0.007172409990520411
16,2,23.40939982143925,0.014344819981040821,0.0006994763850714158,-0.007216162752041112
16,3,22.47220505424423,0.021590129987472922,0.0010600115659373556,-0.007288919024578978
16,4,21.540659228538015,0.028922658030198778,0.0014338839837518581,-0.007390448120092211
16,5,20.615528128088304,0.036371026227657345,0.0018261908105224357,-0.007520336410650155
16,6,19.697715603592208,0.04396333085149909,0.0022426165436341336,-0.007677882455554168
16,7,18.788294228055936,0.05172679113876568,0.0026896131927090644,-0.007861940247109275
16,8,17.88854381999832,0.05968721134571764,0.0031745980596826415,-0.008070690674011356
16,9,17.0,0.06786817248678839,0.003706164944872768,-0.008301312884045578
16,10,16.1245154965971,0.0762898371138088,0.004294295477370286,-0.008549516479904679
16,11,15.264337522473747,0.08496720544659775,0.004950540668111333,-0.008808882683041128
16,12,14.422205101855956,0.09390760247989105,0.005688113698276175,-0.009069949579150999
16,13,13.601470508735444,0.10310710460489975,0.0065217858805881115,-0.009318968629316783
16,14,12.806248474865697,0.11254553973852462,0.0074673985990448,-0.009536269216215539
16,15,12.041594578792296,0.12217964303733082,0.008540684207133796,-0.009694220718037862
16,16,11.313708498984761,0.13193398117460034,0.009754924833221747,-0.009754924833221747
16,17,10.63014581273465,0.14168949270377432,0.011116794141346281,-0.009668081181837193
16,18,10.0,0.15127014353827473,0.012619621249292723,-0.009370044874991448
16,19,9.433981132056603,0.1604295824537572,0.014233541938692015,-0.008785996793604298
16,20,8.94427190999916,0.16884213712548332,0.015893072022445248,-0.007838217048473026
16,21,8.54400374531753,0.17610601655070326,0.017485318343966286,-0.006463922423809568
16,22,8.246211251235321,0.18176998197310246,0.018846846389048752,-0.00464411395366697
16,23,8.06225774829855,0.1853942444580372,0.019782601330862445,-0.0024375339637199983
16,24,8.0,0.18664504990054245,0.02011912026952753,-4.350231348898559e-07
16,25,8.06225774829855,0.18539511450430698,0.019782632944445128,0.0024366695090733
16,26,8.246211251235321,0.18177171088239585,0.018846909209865065,0.004643266234008403
16,27,8.54400374531753,0.17610858203629018,0.01748541156221635,0.006463102463099821
16,28,8.94427190999916,0.1688455059561962,0.015893194430657315,0.007837435672459925
16,29,9.433981132056603,0.16043371069137033,0.014233691940347848,0.008785264552201563
16,30,10.0,0.15127497685179309,0.012619796870247446,0.009369371966310713
16,31,10.63014581273465,0.1416949667587489,0.011116993043974302,0.009667477378329528
16,32,11.313708498984761,0.13194002209513403,0.009755144333204,0.009754399410373829
16,33,12.041594578792296,0.12218616793800124,0.008540921292785442,0.009693782386054055
16,34,12.806248474865697,0.11255245732302592,0.007467649953067215,0.009535926055100286
16,35,13.601470508735444,0.10311431582780067,0.006522047904114148,0.009318728027753104
16,36,14.422205101855956,0.09391500126751971,0.005688382537063906,0.00906981817755012
16,37,15.264337522473747,0.08497467947270043,0.004950812240728068,0.008808866321115043
16,38,16.1245154965971,0.07629726862528963,0.00429456550519617,0.008549620149088645
16,39,17.0,0.06787543917452314,0.0037064289837423076,0.008301540685070514
16,40,17.88854381999832,0.0596941872551486,0.0031748515329716315,0.00807104577989786
16,41,18.788294228055936,0.05173334761472742,0.0026898514256653017,0.007862424871824723
16,42,19.697715603592208,0.04396933751149915,0.0022428347987421098,0.007678497828542848
16,43,20.615528128088304,0.036376351957641724,0.0018263843236849577,0.007521082757414001
16,44,21.540659228538015,0.02892717199667115,0.0014340480010659375,0.007391324648965721
16,45,22.47220505424423,0.021593702659710282,0.0010601413808369684,0.0072899239198073755
16,46,23.40939982143925,0.014347324157056399,0.0006995673756063636,0.007217293173235549
16,47,24.351591323771842,0.007159116313239185,0.00034765300721930053,0.0071736620785281995
16,48,25.298221281347036,0.0,0.0,0.0035795581566195923
17,0,25.0,0.0,0.0,-0.0037454615706422386
17,1,24.041630560342615,0.007490923141284477,0.00031648626743289564,-0.0075076782445837285
17,2,23.08679276123039,0.015015356489167457,0.0006372318865594806,-0.00755795209265368
17,3,22.135943621178654,0.022606827326591836,0.0009666494622773258,-0.007641823071086544
17,4,21.18962010041709,0.030299002631340544,0.0013094698254433705,-0.007759443111466214
17,5,20.248456731316587,0.038125713549524265,0.0016709212816392524,-0.007910956729302929
17,6,19.313207915827967,0.0461209160899464,0.0020569337001286048,-0.008096418289615593
17,7,18.384776310850235,0.05431855012875545,0.0024743765585346356,-0.00831566246655151
17,8,17.46424919657298,0.06275224102304942,0.0029313399809635862,-0.008568105375478103
17,9,16.55294535724685,0.07145476087971166,0.0034374662536539244,-0.008852442243875963
17,10,15.652475842498529,0.08045712551080135,0.004004334387264427,-0.009166190713137776
17,11,14.7648230602334,0.08978714230598721,0.00464588844106905,-0.00950500517455661
17,12,13.892443989449804,0.09946713585991457,0.005378874942042665,-0.009861655626835233
17,13,13.038404810405298,0.10951045355965768,0.0062232041099574975,-0.010224525378112963
17,14,12.206555615733702,0.1199161866161405,0.007202053936357332,-0.01057544331422617
17,15,11.40175425099138,0.13066134018811001,0.008341364542972567,-0.010886653043816912
17,16,10.63014581273465,0.14168949270377432,0.009668081181837193,-0.011116794141346281
17,17,9.899494936611665,0.15289492847080258,0.011206060959043543,-0.011206060959043529
17,18,9.219544457292887,0.16410161462186137,0.012967986713392846,-0.011071454550193233
17,19,8.602325267042627,0.17503783757118904,0.014941177714948503,-0.010604612436525246
17,20,8.06225774829855,0.18531083949491187,0.017065657178759533,-0.009677381561659565
17,21,7.615773105863909,0.19439260069450817,0.019206116598517176,-0.008163579782053856
17,22,7.280109889280518,0.20163799905901958,0.021128628450369627,-0.0059861487999706975
17,23,7.0710678118654755,0.20636489829444957,0.02250998748127181,-0.0031889322966400374
17,24,7.0,0.20801586365229965,0.02302269498547277,-4.4987549213670874e-07
17,25,7.0710678118654755,0.20636579804543384,0.02251001521902285,0.0031880383281854274
17,26,7.280109889280518,0.2016397869959288,0.021128683569341125,0.005985272137862416
17,27,7.615773105863909,0.194395253769709,0.01920619838819082,0.008162731826627495
17,28,8.06225774829855,0.1853143233426738,0.017065764579699924,0.009676573508270572
17,29,8.602325267042627,0.17504210675316786,0.014941309326370888,0.010603855195277595
17,30,9.219544457292887,0.16410661295211862,0.012968140803182857,0.011070758667377764
17,31,9.899494936611665,0.15290058941841234,0.011206235476168933,0.011205436540757757
17,32,10.63014581273465,0.1416957398706031,0.009668273771077027,0.011116250779756226
17,33,11.40175425099138,0.13066808785889988,0.008341572561875149,0.010886199746506696
17,34,12.206555615733702,0.11992334037758971,0.007202274474325539,0.01057508843706395
17,35,13.038404810405298,0.10951791098477198,0.006223434009346003,0.010224276562042778
17,36,13.892443989449804,0.09947478725350416,0.005379110821140405,0.00986151973898211
17,37,14.7648230602334,0.08979487150680776,0.004646126718827796,0.009504988254009271
17,38,15.652475842498529,0.08046481074548562,0.004004571309624005,0.009166297921746738
17,39,16.55294535724685,0.07146227566331428,0.003437697921304418,0.008852677822377378
17,40,17.46424919657298,0.06275945510073086,0.0029315623783758467,0.008568472605224378
17,41,18.384776310850235,0.05432533045286553,0.0024745855840820445,0.008316163637098254
17,42,19.313207915827967,0.04612712782653435,0.002057125197116004,0.008097054672382212
17,43,20.248456731316587,0.038131221108101104,0.0016710910700487372,0.007911728557490349
17,44,21.18962010041709,0.030303670711553654,0.0013096137342014265,0.00776034956638025
17,45,22.135943621178654,0.022610521975340605,0.0009667633618438733,0.007642862274979759
17,46,23.08679276123039,0.015017946161594136,0.0006373117216363616,0.007559121108161995
17,47,24.041630560342615,0.007492279759016615,0.00031652808958763197,0.007508973080797068
17,48,25.0,0.0,0.0,0.0037461398795083077
18,0,24.73863375370596,0.0,0.0,-0.003895388509128245
18,1,23.769728648009426,0.00779077701825649,0.0002811150839357726,-0.007809641877079891
18,2,22.80350850198276,0.015619283754159783,0.0005663279876953371,-0.007866325946885543
18,3,21.840329667841555,0.023523428912027574,0.0008599023728090068,-0.007961156963462869
18,4,20.8806130178211,0.03154159768108552,0.0011664475300285863,-0.008094719939454138
18,5,19.924858845171276,0.03971286879093585,0.0014911187877619074,-0.00826780028533539
18,6,18.973665961010276,0.0480771982517563,0.0018398533212282651,-0.008481337732449551
18,7,18.027756377319946,0.05667554425583495,0.002219657017317661,-0.008736346527944257
18,8,17.08800749063506,0.06554989130764481,0.0026389612867679588,-0.009033780369130644
18,9,16.15549442140351,0.07474310499409624,0.0031080723203640304,-0.009374307290346419
18,10,15.231546211727817,0.08429850588833765,0.003639738167934961,-0.009757938667319804
18,11,14.317821063276353,0.09425898232873585,0.0042498585007624545,-0.010183423237819365
18,12,13.416407864998739,0.10466535236397638,0.004958351950305223,-0.010647265248039446
18,13,12.529964086141668,0.11555351282481474,0.005790163549291676,-0.01114214762363145
18,14,11.661903789690601,0.12694964761123928,0.006776313524435938,-0.011654429649230608
18,15,10.816653826391969,0.13886237212327596,0.007954706752847512,-0.012160247963517723
18,16,10.0,0.15127014353827473,0.009370044874991448,-0.012619621249292723
18,17,9.219544457292887,0.1641016146218614,0.011071454550193233,-0.012967986713392846
18,18,8.48528137423857,0.17720611696506042,0.013105161630896422,-0.013105161630896409
18,19,7.810249675906654,0.19031193788365422,0.01549760135443698,-0.012883667258970985
18,20,7.211102550927978,0.2029734514830024,0.018222339998331297,-0.012103155932041698
18,21,6.708203932499369,0.21451824974773762,0.021144940998143152,-0.010526893695419662
18,22,6.324555320336759,0.2240272388738417,0.023951642528885084,-0.007947984836421604
18,23,6.082762530298219,0.23041421942058082,0.026106104633127417,-0.0043316004988231405
18,24,6.0,0.232690439871488,0.026951736384521155,-4.627608859303356e-07
18,25,6.082762530298219,0.23041514494235268,0.02610612838743677,0.004330680925204944
18,26,6.324555320336759,0.2240290780210781,0.02395168973217486,0.007947083064840432
18,27,6.708203932499369,0.21452097881267182,0.021145011041933226,0.010526021452741022
18,28,7.211102550927978,0.20297703511559606,0.01822243197533263,0.012102324734279857
18,29,7.810249675906654,0.1903163293441121,0.015497714065032711,0.01288288832871863
18,30,8.48528137423857,0.1772112584581588,0.013105293591722564,0.01310444581651267
18,31,9.219544457292887,0.16410743771108677,0.011071604004768032,0.012967344410435358
18,32,10.0,0.15127656963728808,0.00937020980632916,0.012619062324667613
18,33,10.816653826391969,0.13886931306175154,0.007954884897981213,0.012159781682805543
18,34,11.661903789690601,0.126957006271677,0.006776502390761753,0.011654064607629432
18,35,12.529964086141668,0.11556118384649268,0.005790360432636366,0.011141891680938237
18,36,13.416407864998739,0.10467322290980052,0.004958553954608105,0.010647125468068327
18,37,14.317821063276353,0.09426693291035602,0.004250062559252608,0.010183405832631443
18,38,15.231546211727817,0.08430641124453764,0.0036399410656759723,0.009758048946612023
18,39,16.15549442140351,0.07475083501713198,0.0031082707180291325,0.009374549616318673
18,40,17.08800749063506,0.06555731201190029,0.002639151745501507,0.009034158117120234
18,41,18.027756377319946,0.05668251878289151,0.002219836024531071,0.008736862053084566
18,42,18.973665961010276,0.04808358790573116,0.0018400173171728498,0.008481992342576156
18,43,19.924858845171276,0.0397185340977392,0.0014912641927156377,0.008268594220328579
18,44,20.8806130178211,0.031546399465074,0.0011665707719293213,0.008095652357170585
18,45,21.840329667841555,0.02352722938339803,0.0008599999151633706,0.00796222593237244
18,46,22.80350850198276,0.015621947600329122,0.0005663963575899328,0.00786752844549179
18,47,23.769728648009426,0.007792172492414449,0.00028115089997582344,0.007810973800164561
18,48,24.73863375370596,0.0,0.0,0.0038960862462072243
19,0,24.515301344262525,0.0,0.0,-0.004026576654578011
19,1,23.53720459187964,0.008053153309156022,0.00024165223763006729,-0.008074006232279066
19,2,22.561028345356956,0.01614801246455813,0.00048707327097468906,-0.008136739381526915
19,3,21.587033144922902,0.02432663207220985,0.0007401996227425142,-0.008241942613419793
19,4,20.615528128088304,0.03263189769139772,0.001005318616283505,-0.008390659526419115
19,5,19.6468827043885,0.04110795112504808,0.0012872767751987042,-0.008584362520502608
19,6,18.681541692269406,0.04980062273240293,0.0015917316977889263,-0.008824956519171347
19,7,17.72004514666935,0.05875786416339077,0.0019254688505571833,-0.009114770432091204
19,8,16.76305461424021,0.06803016359658534,0.0022968116578087686,-0.009456520678524472
19,9,15.811388300841896,0.07767090552043972,0.0027161631196947755,-0.009853219125042965
19,10,14.866068747318506,0.08773660184667127,0.0031967305473723506,-0.0103079768935362
19,11,13.92838827718412,0.09828685930751212,0.003755501870785889,-0.010823618956926871
19,12,13.0,0.10938383976052501,0.0044145603710381565,-0.011401960675364455
19,13,12.083045973594572,0.12109078065824103,0.005202837088279996,-0.012042486952243678
19,14,11.180339887498949,0.13346881366501237,0.006158385016150708,-0.012739986517782007
19,15,10.295630140987,0.14657075369380504,0.007331161663372707,-0.013480384394372422
19,16,9.433981132056603,0.1604295824537572,0.008785996793604312,-0.014233541938692001
19,17,8.602325267042627,0.17503783757118904,0.010604612436525232,-0.014941177714948503
19,18,7.810249675906654,0.19031193788365422,0.012883667258970999,-0.01549760135443698
19,19,7.0710678118654755,0.206033040280063,0.015721790803960134,-0.01572179080396012
19,20,6.4031242374328485,0.22175551949157446,0.01918122628850487,-0.015324721205365738
19,21,5.830951894845301,0.23668248269079448,0.023199731504751978,-0.013892882312607643
19,22,5.385164807134504,0.24954128411678975,0.02742696319581024,-0.010947312434954962
19,23,5.0990195135927845,0.2585771075607044,0.031011119534920473,-0.006189026152276109
19,24,5.0,0.26191933642134196,0.03257208487531453,-4.7362980148957234e-07
19,25,5.0990195135927845,0.2585780548203074,0.03101113921552652,0.006188084980531722
19,26,5.385164807134504,0.24954316646027852,0.02742700230405533,0.01094638948336596
19,27,5.830951894845301,0.23668527585357546,0.02319978953650613,0.013891989583469724
19,28,6.4031242374328485,0.22175918729333907,0.01918130249207299,0.015323870485171087
19,29,7.0710678118654755,0.2060375348832333,0.015721884185451507,0.015720993578887663
19,30,7.810249675906654,0.19031720013556375,0.012883776589408577,0.015496868727642443
19,31,8.602325267042627,0.1750437974279484,0.010604736260652017,0.01494052032615116
19,32,9.433981132056603,0.16043615948326143,0.00878613344033391,0.014232969886543045
19,33,10.295630140987,0.1465778576548623,0.00733130925782173,0.013479907162074103
19,34,11.180339887498949,0.13347634515911322,0.006158541493179945,0.012739612902408798
19,35,12.083045973594572,0.12109863185004471,0.005203000207463636,0.012042224998196426
19,36,13.0,0.10939189516272037,0.0044147277329703236,0.011401817612365868
19,37,13.92838827718412,0.09829499662531298,0.003755670934626122,0.010823601142941404
19,38,14.866068747318506,0.08774469287683756,0.0031968986495240423,0.010308089762970214
19,39,15.811388300841896,0.07767881709937255,0.002716327493503125,0.009853467142551843
19,40,16.76305461424021,0.06803775859173387,0.0022969694541586025,0.00945690729872244
19,41,17.72004514666935,0.05876500250192767,0.001925617159245066,0.009115298065426911
19,42,18.681541692269406,0.04980716246088005,0.001591867569538996,0.008825626504197645
19,43,19.6468827043885,0.04111374949353238,0.0012873972441870205,0.008585175102733877
19,44,20.615528128088304,0.0326368122554123,0.0010054207230324047,0.008391613843932517
19,45,21.587033144922902,0.024330521805667346,0.0007402804372433017,0.008243036689319147
19,46,22.561028345356956,0.016150738876774002,0.00048712991589510996,0.008137970123349542
19,47,23.53720459187964,0.008054581558968262,0.00024168191146166406,0.008075369438387001
19,48,24.515301344262525,0.0,0.0,0.004027290779484131
20,0,24.331050121192877,0.0,0.0,-0.004137040746758312
20,1,23.345235059857504,0.008274081493516624,0.00019842564442971306,-0.00829671514805458
20,2,22.360679774997898,0.01659343029610916,0.00040012196636600265,-0.00836487333199799
20,3,21.37755832643195,0.025003828157512602,0.0006085165953027202,-0.008479402308771684
20,4,20.396078054371138,0.03355223491365253,0.0008273664721687099,-0.008641797091910328
20,5,19.4164878389476,0.04228742234133326,0.001060957426214676,-0.00885421336684081
20,6,18.439088914585774,0.05126066164733415,0.0013143506706038387,-0.00911952980780803
20,7,17.46424919657298,0.06052648195694932,0.0015937011475756595,-0.009441426487964099
20,8,16.492422502470642,0.07014351462326235,0.0019066826631827585,-0.009824474638268237
20,9,15.524174696260024,0.08017543123348579,0.0022630702785631923,-0.010274226179910001
20,10,14.560219778561036,0.09069196698308235,0.0026755542458142684,-0.010797277418410918
20,11,13.601470508735444,0.10176998607030763,0.0031608960092300367,-0.011401253061485171
20,12,12.649110640673518,0.11349447310605269,0.0037415910804393313,-0.012094600465533553
20,13,11.704699910719626,0.12595918700137473,0.004448282302106657,-0.012885972268744002
20,14,10.770329614269007,0.1392664176435407,0.005323272863535983,-0.013782754224323318
20,15,9.848857801796104,0.15352469545002137,0.0064256051563852945,-0.014787859740971326
20,16,8.94427190999916,0.16884213712548335,0.007838217048473026,-0.015893072022445248
20,17,8.06225774829855,0.18531083949491187,0.009677381561659593,-0.017065657178759533
20,18,7.211102550927978,0.20297345148300242,0.012103155932041726,-0.01822233999833131
20,19,6.4031242374328485,0.2217555194915745,0.015324721205365738,-0.019181226288504855
20,20,5.656854249492381,0.24133590406001212,0.019581096632833556,-0.019581096632833542
20,21,5.0,0.26091771275724157,0.02504584998417546,-0.018772630602725035
20,22,4.47213595499958,0.2788811652654622,0.03154541408925875,-0.0157593728665901
20,23,4.123105625617661,0.29243645849042177,0.037939380500979114,-0.00947672217832743
20,24,4.0,0.29783460962211705,0.041314399386693956,-4.824414919779585e-07
20,25,4.123105625617661,0.2924374233734057,0.037939396035305384,0.009475763496464146
20,26,4.47213595499958,0.27888308262918876,0.03154544495823888,0.015758432743860823
20,27,5.0,0.2609205578856841,0.025045895789888833,0.01877172126472336
20,28,5.656854249492381,0.24133964009974204,0.019581156781951145,0.01958023008533448
20,29,6.4031242374328485,0.22176009771501512,0.015324794913388076,0.019180414231383044
20,30,7.211102550927978,0.20297881163697595,0.012103242228910793,0.01822159374131216
20,31,8.06225774829855,0.1853169102323908,0.009677479298709699,0.017064987559510025
20,32,8.94427190999916,0.1688488365179559,0.007838324906679767,0.0158924893274979
20,33,9.848857801796104,0.153531931577395,0.006425721655862707,0.014787373629959508
20,34,10.770329614269007,0.1392740892580369,0.005323396374225256,0.013782373657987526
20,35,11.704699910719626,0.12596718426141995,0.004448411055591489,0.012885705441147859
20,36,12.649110640673518,0.11350267837574117,0.0037417231828169514,0.012094454740905841
20,37,13.601470508735444,0.10177827477960827,0.003161029454960357,0.011401234916077724
20,38,14.560219778561036,0.09070020854358572,0.0026756869324630825,0.01079739238773502
20,39,15.524174696260024,0.08018349000413823,0.002263200022350323,0.010274478811684112
20,40,16.492422502470642,0.0701512509202175,0.001906807215240211,0.009824868451378293
20,41,17.46424919657298,0.06053375310138164,0.0015938182108171974,0.009441963937704172
20,42,18.439088914585774,0.05126732304480915,0.0013144579171024962,0.009120212257634201
20,43,19.4164878389476,0.04229332858611324,0.0010610525149817515,0.00885504106683517
20,44,20.396078054371138,0.03355724091113881,0.0008274470672247347,0.008642769164114304
20,45,21.37755832643195,0.025007790257884632,0.0006085803839287335,0.008480516739509735
20,46,22.360679774997898,0.016596207432119342,0.00040016667742168166,0.008366126971273428
20,47,23.345235059857504,0.008275536315337777,0.00019844906662409238,0.008298103716059671
20,48,24.331050121192877,0.0,0.0,0.004137768157668888
21,0,24.186773244895647,0.0,0.0,-0.004225002299007724
21,1,23.194827009486403,0.008450004598015448,0.00015193229590882047,-0.008474128198645068
21,2,22.20360331117452,0.016948256397290137,0.0003064791204927149,-0.008546830332399922
21,3,21.213203435596427,0.02554366526281529,0.00046638789216481465,-0.0086691871192225
21,4,20.223748416156685,0.03428663063573514,0.0006346855806452223,-0.00884310035733107
21,5,19.235384061671343,0.04322986597747743,0.0008148508135863534,-0.009071346718937737
21,6,18.24828759089466,0.05242932407361061,0.0010110300624852561,-0.00935770024053233
21,7,17.26267650163207,0.06194526645854209,0.0012283225995564848,-0.009707102424670124
21,8,16.278820596099706,0.07184352892295086,0.0014731702106898295,-0.010125889809512005
21,9,15.297058540778355,0.0821970460775661,0.001753906071929462,-0.010622090707674475
21,10,14.317821063276353,0.09308771033829981,0.0020815473653416627,-0.011205802624203044
21,11,13.341664064126334,0.10460865132597219,0.0024709661652123627,-0.011889655791551934
21,12,12.36931687685298,0.11686702192140368,0.0029426569413270875,-0.012689346968241075
21,13,11.40175425099138,0.12998734526245434,0.0035254613151791264,-0.01362416873534033
21,14,10.44030650891055,0.14411535939208434,0.004260853808561435,-0.014717309372060644
21,15,9.486832980505138,0.15942196400657563,0.005209805415450353,-0.015995328579309465
21,16,8.54400374531753,0.17610601655070326,0.006463922423809554,-0.0174853183439663
21,17,7.615773105863909,0.19439260069450823,0.008163579782053856,-0.019206116598517203
21,18,6.708203932499369,0.21451824974773767,0.010526893695419676,-0.021144940998143125
21,19,5.830951894845301,0.23668248269079448,0.013892882312607643,-0.02319973150475195
21,20,5.0,0.26091771275724157,0.018772630602725063,-0.02504584998417546
21,21,4.242640687119285,0.2867741826591454,0.025857199769032835,-0.025857199769032835
21,22,3.605551275463989,0.31263211229530724,0.03576950506359772,-0.023840842951758617
21,23,3.1622776601683795,0.33445586856266263,0.047886631526649404,-0.015958011449711318
21,24,3.0,0.3445481351947299,0.05680677863248246,-4.89164127759345e-07
21,25,3.1622776601683795,0.33445684689091815,0.04788664286006439,0.015957039408986795
21,26,3.605551275463989,0.3126340563767563,0.035769527584752187,0.02383988972878251
21,27,4.242640687119285,0.28677706743335313,0.025857233187615014,0.025856277759757462
21,28,5.0,0.26092150085724136,0.018772674485858384,0.025044971361671844
21,29,5.830951894845301,0.23668712471000944,0.013892936087943064,0.023198908131928014
21,30,6.708203932499369,0.21452368459338533,0.010526956655229638,0.02114418434232082
21,31,7.615773105863909,0.1943987560253678,0.00816365108830365,0.019205437648382187
21,32,8.54400374531753,0.17611280929662096,0.006464001114175402,0.017484727529390037
21,33,9.486832980505138,0.15942930096658772,0.005209890410248386,0.015994835694528614
21,34,10.44030650891055,0.14412313790756373,0.00426094391854584,0.014716923502680015
21,35,11.40175425099138,0.1299954539612277,0.003525555250162224,0.01362389818960473
21,36,12.36931687685298,0.11687534152835427,0.002942753319569752,0.012689199212997
21,37,13.341664064126334,0.10461705553523369,0.0024710635235280012,0.011889637393295273
21,38,14.317821063276353,0.09309606674176372,0.002081644169852445,0.011205919195580248
21,39,15.297058540778355,0.0822052171440732,0.0017540007294097187,0.010622346859774714
21,40,16.278820596099706,0.0718513730222143,0.0014732610804276264,0.010126289110255565
21,41,17.26267650163207,0.061952638923562064,0.0012284080056612252,0.009707647363564626
21,42,18.24828759089466,0.052436078295085044,0.0010111083065657764,0.009358392200033091
21,43,19.235384061671343,0.04323585452349588,0.0008149201877220257,0.009072185952611639
21,44,20.223748416156685,0.034291706389861766,0.0006347443805700057,0.008844085974985535
21,45,21.213203435596427,0.025547682573524813,0.0004664344305828818,0.0086703170791222
21,46,22.20360331117452,0.016951072231617365,0.0003065117404428743,0.008548101440654182
21,47,23.194827009486403,0.008451479692216447,0.00015194938409431903,0.008475536115808683
21,48,24.186773244895647,0.0,0.0,0.0042257398461082235
22,0,24.08318915758459,0.0,0.0,-0.004288973042667133
22,1,23.08679276123039,0.008577946085334265,0.00010282720069888437,-0.008603194268547295
22,2,22.090722034374522,0.01720638853709459,0.00020747910512717085,-0.008679328928253984
22,3,21.095023109728988,0.02593660394184223,0.0003158770192938521,-0.008807608768924191
22,4,20.09975124224178,0.03482160607494297,0.0004301458267338826,-0.008990260013331867
22,5,19.1049731745428,0.043917123968505965,0.0005527407594093023,-0.009230557848680845
22,6,18.110770276274835,0.05328272177230466,0.0006866085823042795,-0.009533001593778161
22,7,17.11724276862369,0.06298312715606229,0.0008354031769161815,-0.009903566636168672
22,8,16.1245154965971,0.07308985504464201,0.0010037854250300807,-0.010350058110641214
22,9,15.132745950421556,0.08368324337734472,0.0011978539945687108,-0.010882603334561834
22,10,14.142135623730951,0.09485506171376568,0.0014257821045425834,-0.011514337511693819
22,11,13.152946437965905,0.10671191840073235,0.0016987849494834728,-0.012262362637470596
22,12,12.165525060596439,0.11937978698870687,0.0020326311950466802,-0.013149095615500317
22,13,11.180339887498949,0.133010109631733,0.002450075487296366,-0.01420416913597835
22,14,10.198039027185569,0.14778812526066357,0.002984900103400037,-0.015467098324594544
22,15,9.219544457292887,0.16394430628092208,0.003688865813074524,-0.016990928356219445
22,16,8.246211251235321,0.18176998197310246,0.00464411395366697,-0.018846846389048752
22,17,7.280109889280518,0.20163799905901958,0.00598614879997067,-0.021128628450369655
22,18,6.324555320336759,0.22402723887384177,0.007947984836421576,-0.023951642528885098
22,19,5.385164807134504,0.24954128411678977,0.010947312434954962,-0.02742696319581024
22,20,4.47213595499958,0.27888116526546225,0.0157593728665901,-0.03154541408925873
22,21,3.605551275463989,0.31263211229530724,0.023840842951758617,-0.03576950506359769
22,22,2.8284271247461903,0.35042017539265763,0.03778880462420667,-0.03778880462420667
22,23,2.23606797749979,0.3882097215437206,0.06103089176498136,-0.03051399574721217
22,24,2.0,0.41144816688708197,0.09013947058464003,-4.937749069622299e-07
22,25,2.23606797749979,0.3882107090935345,0.06103089886098123,0.030513014544194417
22,26,2.8284271247461903,0.35042213779869313,0.037788818724997175,0.0377878424163102
22,27,3.605551275463989,0.3126350242609141,0.02384086387557166,0.03576857436361716
22,28,4.47213595499958,0.2788849890714588,0.01575940034239598,0.03154452718500643
22,29,5.385164807134504,0.24954596989090125,0.010947346104398473,0.02742613206201179
22,30,6.324555320336759,0.22403272494743523,0.007948024256385147,0.023950878740951573
22,31,7.280109889280518,0.2016442124089981,0.005986193445749813,0.02112794310056426
22,32,8.246211251235321,0.1817768387463067,0.004644163222738057,0.018846250005553164
22,33,9.219544457292887,0.16395171239789177,0.003688919029433413,0.01699043082558907
22,34,10.198039027185569,0.14779597709512857,0.0029849565224442653,0.015466708818073688
22,35,11.180339887498949,0.1330182947617444,0.0024501343012224702,0.014203896040123946
22,36,12.165525060596439,0.11938818501488067,0.002032691538729682,0.013148946467540064
22,37,13.152946437965905,0.10672040182666427,0.0016988459068030398,0.01226234406579503
22,38,14.142135623730951,0.09486349688329061,0.001425842715117677,0.011514455181853303
22,39,15.132745950421556,0.08369149146295767,0.0011979132608598009,0.010882861901108931
22,40,16.1245154965971,0.07309777308107275,0.0010038423197658852,0.010350461175126786
22,41,17.11724276862369,0.06299056911270409,0.000835456650799607,0.009904116711566022
22,42,18.110770276274835,0.053289539657940706,0.0006866575719503207,0.0095337000755734
22,43,19.1049731745428,0.04392316896155729,0.000552784195466418,0.009231404992830941
22,44,20.09975124224178,0.034826729672278824,0.0004301826421387392,0.008991254921253447
22,45,21.095023109728988,0.025940659119050396,0.0003159061576083755,0.008808749379636866
22,46,22.090722034374522,0.01720923091300509,0.00020749952890621384,0.00868061201776199
22,47,23.08679276123039,0.008579435083526415,0.00010283789983616363,0.008604615456502545
22,48,24.08318915758459,0.0,0.0,0.004289717541763207
23,0,24.020824298928627,0.0,0.0,-0.004327829499706609
23,1,23.021728866442675,0.008655658999413217,5.1899034895981286e-05,-0.00868160730377224
23,2,22.02271554554524,0.01736321460754448,0.0001047358547107708,-0.008759880150994888
23,3,21.02379604162864,0.026175419301402995,0.0001594991542620012,-0.008891853840829212
23,4,20.024984394500787,0.0351469222892029,0.00021728495522261096,-0.00907996409744652
23,5,19.026297590440446,0.044335347496296036,0.0002793639045921559,-0.009327809474508134
23,6,18.027756377319946,0.05380254123821917,0.0003472674727923314,-0.00964036265803921
23,7,17.029386365926403,0.06361607281237446,0.0004229042624079096,-0.010024279267395925
23,8,16.0312195418814,0.07385109977301102,0.0005087234610045427,-0.010488340627164534
23,9,15.033296378372908,0.08459275406670352,0.0006079524593427671,-0.011044087387186978
23,10,14.035668847618199,0.09593927454738498,0.0007249530850440347,-0.011706733579117806
23,11,13.038404810405298,0.10800622122493914,0.000865772153590981,-0.012496504882056031
23,12,12.041594578792296,0.12093228431149704,0.0010390200137531252,-0.013440637506053968
23,13,11.045361017187261,0.13488749623704707,0.0012573226822371886,-0.014576437643693686
23,14,10.04987562112089,0.1500851595988844,0.0015398193271553007,-0.015956099697838802
23,15,9.055385138137417,0.16679969563272468,0.0019166584161612599,-0.017654542429576398
23,16,8.06225774829855,0.1853942444580372,0.0024375339637199983,-0.019782601330862445
23,17,7.0710678118654755,0.20636489829444957,0.0031889322966400374,-0.02250998748127181
23,18,6.082762530298219,0.23041421942058082,0.004331600498823113,-0.026106104633127417
23,19,5.0990195135927845,0.2585771075607044,0.0061890261522761225,-0.031011119534920473
23,20,4.123105625617661,0.29243645849042177,0.00947672217832743,-0.037939380500979114
23,21,3.1622776601683795,0.33445586856266263,0.015958011449711318,-0.047886631526649404
23,22,2.23606797749979,0.3882097215437206,0.03051399574721217,-0.06103089176498136
23,23,1.4142135623730951,0.45651765209262535,0.06830867741014462,-0.06830867741014468
23,24,1.0,0.5248270763640099,0.181689330147572,-4.962601276303769e-07
23,25,1.4142135623730951,0.4565186446128806,0.06830868025045783,0.06830769126862965
23,26,2.23606797749979,0.38821169382675064,0.030514001391330176,0.06102992471419208
23,27,3.1622776601683795,0.33445879518449645,0.015958019824877878,0.04788569614235866
23,28,4.123105625617661,0.2924403015420333,0.009476733176057656,0.03793848913284503
23,29,5.0990195135927845,0.2585818169188064,0.006189039629131296,0.031010284217938847
23,30,6.082762530298219,0.23041973310615563,0.0043316162774367645,0.02610533700096948
23,31,7.0710678118654755,0.20637114291686742,0.0031889501669888215,0.022509298682029277
23,32,8.06225774829855,0.18540113574209707,0.002437553684632096,0.019782001945706437
23,33,9.055385138137417,0.16680713902545455,0.0019166797170526995,0.017654042394822406
23,34,10.04987562112089,0.15009305095245226,0.0015398419099843519,0.015955708230890958
23,35,11.045361017187261,0.13489572256367263,0.0012573462236647043,0.014576163173319313
23,36,12.041594578792296,0.12094072460581363,0.0010390441674958673,0.01344048760741643
23,37,13.038404810405298,0.10801474734883977,0.0008657965529538098,0.012496486216907278
23,38,14.035668847618199,0.09594775217199908,0.0007249773456155725,0.011706851841523487
23,39,15.033296378372908,0.0846010436657928,0.0006079761818382767,0.011044347255126506
23,40,16.0312195418814,0.07385905766174607,0.0005087462342385357,0.01048874572031576
23,41,17.029386365926403,0.06362355222516128,0.00042292566637863044,0.01002483211138019
23,42,18.027756377319946,0.053809393438985685,0.00034728708185907675,0.00964106465536628
23,43,19.026297590440446,0.04434142291442872,0.0002793812907259975,0.00932866088242322
23,44,20.024984394500787,0.035152071674139244,0.00021729969131052337,0.009080964012843577
23,45,21.02379604162864,0.026179494888741564,0.00015951081744392838,0.008893000192354726
23,46,22.02271554554524,0.017366071289429793,0.00010474402972893843,0.008761169698426396
23,47,23.021728866442675,0.008657155491888774,5.190331743553777e-05,0.008683035644714896
23,48,24.020824298928627,0.0,0.0,0.004328577745944387
24,0,24.0,0.0,0.0,-0.004340872077563114
24,1,23.0,0.008681744155126228,3.356475107053891e-08,-0.008707930123258066
24,2,22.0,0.017415860246516132,6.689017921848728e-08,-0.008786929047620004
24,3,21.0,0.026255602250366234,9.983439819630235e-08,-0.008920157869436032
24,4,20.0,0.035256175985388195,1.322575572809681e-07,-0.009110124763662021
24,5,19.0,0.04447585177769028,1.6402243375318593e-07,-0.009360540366250565
24,6,18.0,0.053977256717889326,1.9499501244940598e-07,-0.009676541951593915
24,7,17.0,0.06382893568087811,2.2504504993553498e-07,-0.010065022624380884
24,8,16.0,0.07410730196665109,2.5404662096911723e-07,-0.010535106307576071
24,9,15.0,0.08489914829603025,2.818786448768873e-07,-0.011098832958601326
24,10,14.0,0.09630496788385375,3.0842538973480105e-07,-0.011772157205942033
24,11,13.0,0.10844346270791431,3.33576952199488e-07,-0.012576429566179687
24,12,12.0,0.12145782701621312,3.5722971115231816e-07,-0.013540646144146525
24,13,11.0,0.13552475499620736,3.792867529078814e-07,-0.014704968449380525
24,14,10.0,0.15086776391497417,3.996582668974735e-07,-0.016126434058518616
24,15,9.0,0.1677776231132446,4.1826190945448705e-07,-0.017888642992784143
24,16,8.0,0.18664504990054245,4.350231348898559e-07,-0.02011912026952753
24,17,7.0,0.20801586365229965,4.4987549213670874e-07,-0.02302269498547277
24,18,6.0,0.232690439871488,4.627608859303356e-07,-0.026951736384521183
24,19,5.0,0.261919336421342,4.736298015173279e-07,-0.03257208487531456
24,20,4.0,0.2978346096221171,4.824414920057141e-07,-0.04131439938669393
24,21,3.0,0.3445481351947299,4.89164127759345e-07,-0.05680677863248243
24,22,2.0,0.41144816688708197,4.937749069622299e-07,-0.09013947058463997
24,23,1.0,0.5248270763640098,4.962601276303769e-07,-0.181689330147572
24,24,0.0,0.774826827182226,4.966152201135721e-07,-4.966152201690832e-07
24,25,1.0,0.5248280695944502,4.948447406283307e-07,0.18168834330043623
24,26,2.0,0.4114501405813535,4.909623257942641e-07,0.09013850284189015
24,27,3.0,0.34455106391066986,4.849906083959077e-07,0.05680584257888968
24,28,4.0,0.2978384554235741,4.769610946475655e-07,0.04131350738075301
24,29,5.0,0.26192404914916384,4.6691400470977307e-07,0.03257124896063268
24,30,6.0,0.23269595750230876,4.548980751389875e-07,0.026950968203094047
24,31,7.0,0.20802211274297575,4.4097032625423083e-07,0.02302200569336893
24,32,8.0,0.1866519461155709,4.2519579489253e-07,0.020118520455489286
24,33,9.0,0.16778507183199717,4.0764723294173244e-07,0.017888142600236814
24,34,10.0,0.15087566091509727,3.8840477424584297e-07,0.016126042311461683
24,35,11.0,0.1355329872090738,3.6755557072942757e-07,0.014704693782612431
24,36,12.0,0.12146627334987241,3.451933996007073e-07,0.013540496138250958
24,37,13.0,0.10845199493257189,3.2141824307663214e-07,0.012576410887675325
24,38,14.0,0.09631345157452176,2.963358431765095e-07,0.011772275552968836
24,39,15.0,0.08490744382663422,2.70057232791554e-07,0.011099093012485968
24,40,16.0,0.07411526554954982,2.426982456046889e-07,0.010535511690586433
24,41,17.0,0.06383642044546135,2.143790068867557e-07,0.010065575863945481
24,42,18.0,0.05398411382165886,1.8522340730978137e-07,0.009677244451226034
24,43,19.0,0.044481931543009286,1.553585622406095e-07,0.009361392383379494
24,44,20.0,0.03526132905489987,1.2491425868330075e-07,0.009111125394535517
24,45,21.0,0.026259680753938253,9.402239246197874e-08,0.008921305041218451
24,46,22.0,0.017418718972462967,6.281639791660965e-08,0.008788219517770382
24,47,23.0,0.00868324171839749,3.1430672686044714e-08,0.008709359486231484
24,48,24.0,0.0,0.0,0.004341620859198745
25,0,24.020824298928627,0.0,0.0,-0.004327863064457679
25,1,23.021728866442675,0.008655726128915358,-5.183233682247261e-05,-0.008681674193951458
25,2,22.02271554554524,0.017363348387902915,-0.00010460293413343778,-0.008759946420642015
25,3,21.02379604162864,0.026175618970199387,-0.00015930076869925813,-0.008891919208207274
25,4,20.024984394500787,0.035147186804317464,-0.0002170221400967405,-0.009080028285482078
25,5,19.026297590440446,0.04433567554116354,-0.0002790379680070697,-0.009327872211963302
25,6,18.027756377319946,0.05380293122824407,-0.0003468799891596895,-0.009640423680655392
25,7,17.029386365926403,0.06361652290247433,-0.00042245706495212115,-0.010024338319004445
25,8,16.0312195418814,0.07385160786625296,-0.0005082186331819213,-0.010488397460759476
25,9,15.033296378372908,0.08459331782399328,-0.0006073923252146451,-0.011044141765955744
25,10,14.035668847618199,0.09593989139816445,-0.0007243401986480394,-0.011706785277425129
25,11,13.038404810405298,0.10800688837884354,-0.000865109287358716,-0.012496553686377448
25,12,12.041594578792296,0.12093299877091934,-0.001038310146026629,-0.013440683215854676
25,13,11.045361017187261,0.1348882548105529,-0.0012565689839400401,-0.014576480072249431
25,14,10.04987562112089,0.1500859589154182,-0.0015390251476779249,-0.01595613867299535
25,15,9.055385138137417,0.16680053215654359,-0.0019158272685229627,-0.01765457779444439
25,16,8.06225774829855,0.18539511450430698,-0.002436669509073286,-0.019782632944445128
25,17,7.0710678118654755,0.20636579804543384,-0.0031880383281854274,-0.02251001521902285
25,18,6.082762530298219,0.23041514494235268,-0.004330680925204916,-0.026106128387436797
25,19,5.0990195135927845,0.25857805482030743,-0.006188084980531736,-0.031011139215526548
25,20,4.123105625617661,0.2924374233734058,-0.009475763496464173,-0.037939396035305356
25,21,3.1622776601683795,0.33445684689091815,-0.015957039408986795,-0.04788664286006436
25,22,2.23606797749979,0.3882107090935345,-0.030513014544194417,-0.06103089886098123
25,23,1.4142135623730951,0.4565186446128806,-0.0683076912686296,-0.06830868025045783
25,24,1.0,0.5248280695944502,-0.18168834330043623,-4.948447406283307e-07
25,25,1.4142135623730951,0.45651963430236187,-0.06830769692152397,0.06830769692152397
25,26,2.23606797749979,0.3882126757514022,-0.0305130257773229,0.06102993456832431
25,27,3.1622776601683795,0.33445976516571324,-0.015957056077547327,0.047885710143589805
25,28,4.123105625617661,0.2924412554642226,-0.009475785384546104,0.03793850720944872
25,29,5.0990195135927845,0.2585827507468158,-0.0061881118026581305,0.031010306280958355
25,30,6.082762530298219,0.2304206429023059,-0.004330712328374578,0.026105362944647936
25,31,7.0710678118654755,0.20637202485751993,-0.0031880738944023435,0.022509328384309524
25,32,8.06225774829855,0.18540198613368686,-0.002436708758348491,0.01978203526879975
25,33,9.055385138137417,0.16680795431992043,-0.0019158696623304272,0.017654079185843052
25,34,10.04987562112089,0.15009382776200075,-0.0015390700928441664,0.01595574832255317
25,35,11.045361017187261,0.1348964576748141,-0.0012566158369437391,0.014576206384693959
25,36,12.041594578792296,0.12094141499261284,-0.001038358217682278,0.013440533744744083
25,37,13.038404810405298,0.10801539018532592,-0.0008651578478563599,0.012496535074463702
25,38,14.035668847618199,0.09594834484368543,-0.0007243884829182326,0.011706903202533772
25,39,15.033296378372908,0.08460158378025838,-0.0006074395385863712,0.011044400892724078
25,40,16.0312195418814,0.07385954305823728,-0.0005082639572989156,0.010488801398541664
25,41,17.029386365926403,0.06362398098317505,-0.00042249966391164767,0.010024889586218486
25,42,18.027756377319946,0.053809763885800305,-0.00034691901583617374,0.009641123675810926
25,43,19.026297590440446,0.0443417336315532,-0.0002790725705218017,0.009328721191571847
25,44,20.024984394500787,0.03515232150265661,-0.00021705146839386125,0.009081025349013356
25,45,21.02379604162864,0.026179682933526488,-0.0001593239811873287,0.008893062290215492
25,46,22.02271554554524,0.017366196922225626,-0.00010461920435136246,0.008761232290146172
25,47,23.021728866442675,0.008657218353234146,-5.18408600881648e-05,0.008683098461112813
25,48,24.020824298928627,0.0,0.0,0.004328609176617073
26,0,24.08318915758459,0.0,0.0,-0.004289039740740641
26,1,23.08679276123039,0.008578079481481283,-0.00010276179383420306,-0.008603327189124628
26,2,22.090722034374522,0.017206654378249257,-0.00020734875776093342,-0.008679460615743217
26,3,21.095023109728988,0.025937000712967718,-0.0003156824742796653,-0.008807738663472729
26,4,20.09975124224178,0.034822131705194714,-0.00042988809944927847,-0.00899038756435421
26,5,19.1049731745428,0.04391777584167614,-0.0005524211326345917,-0.009230682517187616
26,6,18.110770276274835,0.05328349673956995,-0.0006862285999720691,-0.009533122854648864
26,7,17.11724276862369,0.06298402155097386,-0.0008349646367614566,-0.009903683980358652
26,8,16.1245154965971,0.07309086470028725,-0.0010032903701754983,-0.010350171047313547
26,9,15.132745950421556,0.08368436364560096,-0.001197304704084079,-0.010882711393135208
26,10,14.142135623730951,0.09485628748655767,-0.0014251810830218925,-0.011514440243797962
26,11,13.152946437965905,0.10671324413319688,-0.0016981349156867664,-0.012262459618801097
26,12,12.165525060596439,0.11938120672415986,-0.002031935069658257,-0.0131491864475652
26,13,11.180339887498949,0.13301161702832728,-0.0024493363798538392,-0.014204253447729229
26,14,10.198039027185569,0.14778971361961832,-0.002984121298452963,-0.015467175773935693
26,15,9.219544457292887,0.16394596857619867,-0.0036880507556336095,-0.016990998631388782
26,16,8.246211251235321,0.18177171088239588,-0.004643266234008403,-0.018846909209865065
26,17,7.280109889280518,0.2016397869959288,-0.005985272137862402,-0.02112868356934114
26,18,6.324555320336759,0.22402907802107816,-0.007947083064840418,-0.023951689732174875
26,19,5.385164807134504,0.24954316646027855,-0.010946389483365987,-0.0274270023040553
26,20,4.47213595499958,0.27888308262918876,-0.01575843274386085,-0.03154544495823887
26,21,3.605551275463989,0.3126340563767563,-0.02383988972878251,-0.035769527584752187
26,22,2.8284271247461903,0.35042213779869313,-0.0377878424163102,-0.037788818724997175
26,23,2.23606797749979,0.38821169382675064,-0.06102992471419208,-0.030514001391330176
26,24,2.0,0.4114501405813535,-0.09013850284189015,-4.909623257942641e-07
26,25,2.23606797749979,0.3882126757514022,-0.06102993456832431,0.0305130257773229
26,26,2.8284271247461903,0.3504240890267077,-0.03778786199791351,0.03778786199791351
26,27,3.605551275463989,0.3126369517555752,-0.02383991878543762,0.035768602186112886
26,28,4.47213595499958,0.2788868846544819,-0.015758470899191995,0.031544563105863815
26,29,5.385164807134504,0.24954782554384758,-0.01094643623972942,0.027426175904461156
26,30,6.324555320336759,0.2240345328455596,-0.007947137806884066,0.02395093029483826
26,31,7.280109889280518,0.20164596495417106,-0.005985334136935139,0.021128002123342843
26,32,8.246211251235321,0.18177852859887392,-0.004643334653392783,0.01884631622341737
26,33,9.219544457292887,0.16395333250733632,-0.0036881246565704795,0.01699050393473249
26,34,10.198039027185569,0.14779752072940894,-0.0029841996469216064,0.015466788486074995
26,35,11.180339887498949,0.13301975553518633,-0.0024494180540670096,0.014203981907450543
26,36,12.165525060596439,0.11938955691450785,-0.0020320188682270007,0.013149038149163579
26,37,13.152946437965905,0.10672167923685917,-0.001698219566405465,0.01226244115291128
26,38,14.142135623730951,0.09486467460868529,-0.001425265252220545,0.011514557243698847
26,39,15.132745950421556,0.08369256474946148,-0.0011973870064912323,0.010882968486866651
26,40,16.1245154965971,0.07309873763495199,-0.0010033693792314904,0.010350571815911709
26,41,17.11724276862369,0.06299142111763806,-0.0008350388953196515,0.00990423092248274
26,42,18.110770276274835,0.05329027578998651,-0.0006862966313220982,0.009533817357836188
26,43,19.1049731745428,0.04392378640196568,-0.0005524814517804608,0.009231524835937182
26,44,20.09975124224178,0.03482722611811215,-0.00042993922457257305,0.008991376805201044
26,45,21.095023109728988,0.025941032791563595,-0.0003157229383171697,0.008808872777175953
26,46,22.090722034374522,0.017209480563760243,-0.00020737712002466546,0.008680736396671218
26,47,23.08679276123039,0.00857955999822116,-0.00010277665160134813,0.008604740281880121
26,48,24.08318915758459,0.0,0.0,0.00428977999911058
27,0,24.186773244895647,0.0,0.0,-0.004225101270623476
27,1,23.194827009486403,0.008450202541246952,-0.00015186903082036254,-0.008474325436190524
27,2,22.20360331117452,0.01694865087238105,-0.00030635304140765734,-0.008547025740196553
27,3,21.213203435596427,0.025544254021640057,-0.0004661997176117084,-0.00866937986651893
27,4,20.223748416156685,0.03428741060541891,-0.0006344362927526125,-0.008843289627127151
27,5,19.235384061671343,0.04323083327589436,-0.0008145416531293546,-0.009071531711440511
27,6,18.24828759089466,0.05243047402829993,-0.0010106625228397288,-0.009357880176528527
27,7,17.26267650163207,0.06194659362895141,-0.001227898419589795,-0.009707276548801016
27,8,16.278820596099706,0.07184502712590196,-0.0014726913666217104,-0.010126057393436853
27,9,15.297058540778355,0.08219870841582512,-0.0017533747682005885,-0.01062225105310935
27,10,14.317821063276353,0.09308952923212066,-0.002080966024531984,-0.011205955065822441
27,11,13.341664064126334,0.10461061854747,-0.002470337417054984,-0.011889799699741084
27,12,12.36931687685298,0.11686912863160283,-0.0029419836108671923,-0.012689481751687604
27,13,11.40175425099138,0.1299895820508452,-0.003524746410131202,-0.013624293843454725
27,14,10.44030650891055,0.14411771631851228,-0.0042601005059209884,-0.014717424297215578
27,15,9.486832980505138,0.15942443064527637,-0.005209017047419717,-0.01599543285888895
27,16,8.54400374531753,0.17610858203629018,-0.006463102463099807,-0.017485411562216335
27,17,7.615773105863909,0.19439525376970904,-0.008162731826627495,-0.019206198388190834
27,18,6.708203932499369,0.21452097881267185,-0.010526021452741036,-0.021145011041933212
27,19,5.830951894845301,0.23668527585357546,-0.013891989583469738,-0.023199789536506116
27,20,5.0,0.2609205578856841,-0.01877172126472336,-0.025045895789888833
27,21,4.242640687119285,0.28677706743335313,-0.025856277759757462,-0.025857233187615014
27,22,3.605551275463989,0.3126350242609141,-0.03576857436361716,-0.02384086387557166
27,23,3.1622776601683795,0.33445879518449645,-0.04788569614235866,-0.015958019824877878
27,24,3.0,0.34455106391066986,-0.05680584257888968,-4.849906083959077e-07
27,25,3.1622776601683795,0.33445976516571324,-0.047885710143589805,0.015957056077547327
27,26,3.605551275463989,0.3126369517555752,-0.035768602186112886,0.02383991878543762
27,27,4.242640687119285,0.286779927594838,-0.025856319044868292,0.025856319044868292
27,28,5.0,0.2609243136658386,-0.018771775477676236,0.02504502466374052
27,29,5.830951894845301,0.23668987826735696,-0.013892056017188237,0.023198973188650426
27,30,6.708203932499369,0.21452636728853777,-0.010526099232902902,0.021144260841853654
27,31,7.615773105863909,0.19440135658364965,-0.008162819917929748,0.01920552523081824
27,32,8.54400374531753,0.1761153168269013,-0.006463199676693579,0.01748482578843509
27,33,9.486832980505138,0.15943170500677947,-0.005209122049470216,0.015994944179371876
27,34,10.44030650891055,0.14412542846815754,-0.004260211827241248,0.0147170417200497
27,35,11.40175425099138,0.12999762156668007,-0.0035248624568312847,0.013624025605999353
27,36,12.36931687685298,0.11687737725615883,-0.002942102675955148,0.012689335257082539
27,37,13.341664064126334,0.104618951052515,-0.0024704576929190716,0.011889781458457246
27,38,14.317821063276353,0.09309781433924434,-0.00208108561622896,0.01120607064261954
27,39,15.297058540778355,0.08220680976727592,-0.0017534917074692596,0.010622505019735023
27,40,16.278820596099706,0.0718528042997743,-0.0014728036265366645,0.010126453287370083
27,41,17.26267650163207,0.06195390319253575,-0.0012280039297660993,0.009707816838309093
27,42,18.24828759089466,0.05243717062315611,-0.0010107591850953696,0.009358566232271735
27,43,19.235384061671343,0.04323677072799228,-0.0008146273575096938,0.009072363784822322
27,44,20.223748416156685,0.034292443053511465,-0.0006345089338178796,0.008844266835550065
27,45,21.213203435596427,0.02554823705689215,-0.0004662572108870295,0.008670500185667585
27,46,22.20360331117452,0.016951442682176295,-0.0003063933398933759,0.008548286003430348
27,47,23.194827009486403,0.00845166505003145,-0.00015189014145958277,0.008475721341088148
27,48,24.186773244895647,0.0,0.0,0.004225832525015725
28,0,24.331050121192877,0.0,0.0,-0.004137170709920279
28,1,23.345235059857504,0.008274341419840557,-0.00019836535639151508,-0.008296974147716971
28,2,22.360679774997898,0.016593948295433942,-0.0004000018201545455,-0.008365129928951873
28,3,21.37755832643195,0.0250046012777443,-0.0006083372756349199,-0.008479655412127774
28,4,20.396078054371138,0.03355325911968949,-0.0008271289149573216,-0.008642045628836564
28,5,19.4164878389476,0.04228869253541743,-0.0010606628138479617,-0.0088544562871005
28,6,18.439088914585774,0.05126217169389049,-0.0013140004261842225,-0.009119766088188423
28,7,17.46424919657298,0.060528224711794275,-0.0015932969281450375,-0.00944165513657667
28,8,16.492422502470642,0.07014548196704383,-0.0019062263519663558,-0.009824694698702754
28,9,15.524174696260024,0.08017761410919978,-0.0022625639762678534,-0.010274436735224934
28,10,14.560219778561036,0.0906943554374937,-0.002675000261021153,-0.010797477594943566
28,11,13.601470508735444,0.10177256929908692,-0.0031602968479255422,-0.011401442032465889
28,12,12.649110640673518,0.11349723950242548,-0.003740949434731161,-0.012094777454488982
28,13,11.704699910719626,0.12596212420806488,-0.004447601038175965,-0.012886136552675433
28,14,10.770329614269007,0.13926951260777634,-0.005322555008879168,-0.013782905136647178
28,15,9.848857801796104,0.15352793448135924,-0.006424853886402071,-0.014787996674209963
28,16,8.94427190999916,0.16884550595619627,-0.007837435672459911,-0.015893194430657287
28,17,8.06225774829855,0.1853143233426738,-0.009676573508270586,-0.01706576457969991
28,18,7.211102550927978,0.2029770351155961,-0.01210232473427987,-0.01822243197533263
28,19,6.4031242374328485,0.22175918729333907,-0.015323870485171087,-0.019181302492072977
28,20,5.656854249492381,0.24133964009974204,-0.01958023008533448,-0.019581156781951145
28,21,5.0,0.26092150085724136,-0.025044971361671817,-0.018772674485858384
28,22,4.47213595499958,0.2788849890714588,-0.031544527185006416,-0.01575940034239598
28,23,4.123105625617661,0.2924403015420333,-0.03793848913284503,-0.009476733176057656
28,24,4.0,0.2978384554235741,-0.04131350738075301,-4.769610946475655e-07
28,25,4.123105625617661,0.2924412554642226,-0.03793850720944872,0.009475785384546104
28,26,4.47213595499958,0.2788868846544819,-0.031544563105863815,0.015758470899191995
28,27,5.0,0.2609243136658386,-0.02504502466374052,0.018771775477676236
28,28,5.656854249492381,0.24134333369912944,-0.01958030007818376,0.01958030007818376
28,29,6.4031242374328485,0.2217637135094711,-0.015323956255913984,0.019180499659687822
28,30,7.211102550927978,0.2029823343797538,-0.012102425154103064,0.01822169419557977
28,31,8.06225774829855,0.18532032511831156,-0.00967668724052291,0.01706510256713352
28,32,8.94427190999916,0.16885212924548676,-0.007837561182251415,0.015892618354957838
28,33,9.848857801796104,0.1535350884083959,-0.006424989451655427,0.014787516085280158
28,34,10.770329614269007,0.13927709707492644,-0.005322698732767542,0.013782528893436063
28,35,11.704699910719626,0.12597003062152376,-0.0044477508628719895,0.012885872756164443
28,36,12.649110640673518,0.11350535156259756,-0.0037411031563845745,0.012094633385251366
28,37,13.601470508735444,0.10178076385102103,-0.0031604521327786572,0.011401424093185092
28,38,14.560219778561036,0.09070250337622737,-0.002675154662564974,0.010797591258249035
28,39,15.524174696260024,0.08018558133452296,-0.002262714953334577,0.010274686497174355
28,40,16.492422502470642,0.07015313038187866,-0.0019063712876484784,0.009825084038208549
28,41,17.46424919657298,0.06053541325810586,-0.001593433149425602,0.009442186481041445
28,42,18.439088914585774,0.05126875741979577,-0.0013141252241582954,0.009120440785579782
28,43,19.4164878389476,0.042294531686946295,-0.0010607734644112604,0.008855274584659692
28,44,20.396078054371138,0.03355820825047639,-0.0008272226998345747,0.00864300665857838
28,45,21.37755832643195,0.025008518369789536,-0.0006084115036180688,0.008480757183251449
28,46,22.360679774997898,0.01659669388397349,-0.00040005384841874936,0.00836636932724377
28,47,23.345235059857504,0.008275779715301995,-0.0001983926117559657,0.008298346941986745
28,48,24.331050121192877,0.0,0.0,0.004137889857650998
29,0,24.515301344262525,0.0,0.0,-0.004026735914231961
29,1,23.53720459187964,0.008053471828463922,-0.00024159574063385052,-0.008074323616035979
29,2,22.561028345356956,0.016148647232071957,-0.0004869606798163567,-0.008137053820953147
29,3,21.587033144922902,0.024327579470370217,-0.0007400315790825063,-0.008242252771716153
29,4,20.615528128088304,0.032633152775504264,-0.0010050959971823654,-0.00839096408891411
29,5,19.6468827043885,0.041109507648198436,-0.001287000688693564,-0.00858466020021361
29,6,18.681541692269406,0.049802473175931485,-0.0015914034774944519,-0.008825246062231451
29,7,17.72004514666935,0.05875999977266134,-0.001925090049316923,-0.009115050623018883
29,8,16.76305461424021,0.06803257442196925,-0.0022963840404266536,-0.009456790345314037
29,9,15.811388300841896,0.07767358046328941,-0.002715688654780675,-0.009853477144054552
29,10,14.866068747318506,0.08773952871007835,-0.0031962113983388662,-0.010308222194164753
29,11,13.92838827718412,0.09829002485161892,-0.003754940386037575,-0.010823850526031076
29,12,13.0,0.1093872297621405,-0.004413959073397158,-0.011402177561437181
29,13,12.083045973594572,0.12109437997449328,-0.005202198663695826,-0.012042688269306719
29,14,11.180339887498949,0.13347260630075394,-0.006157712301744292,-0.012740171448989472
29,15,10.295630140987,0.14657472287247222,-0.00733045763486774,-0.013480552195308207
29,16,9.433981132056603,0.16043371069137036,-0.008785264552201591,-0.01423369194034782
29,17,8.602325267042627,0.17504210675316786,-0.010603855195277595,-0.014941309326370875
29,18,7.810249675906654,0.1903163293441121,-0.012882888328718645,-0.015497714065032711
29,19,7.0710678118654755,0.2060375348832333,-0.015720993578887676,-0.015721884185451507
29,20,6.4031242374328485,0.22176009771501512,-0.019180414231383044,-0.015324794913388104
29,21,5.830951894845301,0.2366871247100095,-0.023198908131928014,-0.013892936087943078
29,22,5.385164807134504,0.24954596989090128,-0.02742613206201179,-0.010947346104398445
29,23,5.0990195135927845,0.2585818169188064,-0.03101028421793882,-0.006189039629131282
29,24,5.0,0.26192404914916384,-0.03257124896063267,-4.6691400470977307e-07
29,25,5.0990195135927845,0.2585827507468158,-0.031010306280958355,0.0061881118026581305
29,26,5.385164807134504,0.24954782554384758,-0.027426175904461156,0.01094643623972942
29,27,5.830951894845301,0.23668987826735696,-0.023198973188650426,0.013892056017188237
29,28,6.4031242374328485,0.2217637135094711,-0.019180499659687822,0.015323956255913984
29,29,7.0710678118654755,0.206041965755529,-0.015721098264569702,0.01572109826456973
29,30,7.810249675906654,0.19032151698033165,-0.01288301089402849,0.01549699182646258
29,31,8.602325267042627,0.17504798210260383,-0.010603994008793721,0.014940661258966592
29,32,9.433981132056603,0.16044019446239846,-0.008785417740546211,0.014233127999567607
29,33,10.295630140987,0.14658172610346862,-0.007330623096195532,0.013480081729888002
29,34,11.180339887498949,0.13348003100262246,-0.0061578877209230165,0.012739803131266263
29,35,12.083045973594572,0.12110211984093609,-0.0052023815290874395,0.012042430029616386
29,36,13.0,0.10939517094338969,-0.004414146695138399,0.011402036526989207
29,37,13.92838827718412,0.09829804678695768,-0.0037551299157094417,0.010823832964637646
29,38,14.866068747318506,0.0877475050141144,-0.0031963998499060786,0.01030833346317546
29,39,15.811388300841896,0.07768137986060676,-0.002715872926674162,0.009853721644818528
29,40,16.76305461424021,0.06804006172447734,-0.0022965609386348257,0.009457171483461108
29,41,17.72004514666935,0.058767036893684545,-0.0019252563113449778,0.00911557077481891
29,42,18.681541692269406,0.04980892017483952,-0.0015915557970452784,0.008825906547257394
29,43,19.6468827043885,0.04111522379916976,-0.0012871357409187656,0.008585461260498601
29,44,20.615528128088304,0.032637997653842316,-0.0010052104643480594,0.008391904874756873
29,45,21.587033144922902,0.02433141404965601,-0.0007401221764911214,0.00824333133425176
29,46,22.561028345356956,0.016151334985338796,-0.0004870241818234382,0.008138267111568245
29,47,23.53720459187964,0.008054879826519519,-0.00024162900659750915,0.008075667492669398
29,48,24.515301344262525,0.0,0.0,0.004027439913259759
30,0,24.73863375370596,0.0,0.0,-0.003895574969286428
30,1,23.769728648009426,0.007791149938572856,-0.0002810631648295231,-0.007810013467900614
30,2,22.80350850198276,0.015620026935801229,-0.000566224519675731,-0.007866694090503216
30,3,21.840329667841555,0.02352453811957929,-0.0008597479455434414,-0.007961520094761764
30,4,20.8806130178211,0.03154306712532476,-0.0011662429495103484,-0.008095076519225506
30,5,19.924858845171276,0.0397146911580303,-0.001490865072245079,-0.008268148806788413
30,6,18.973665961010276,0.048079364738901585,-0.0018395516962661784,-0.008481676727565064
30,7,18.027756377319946,0.05667804461316043,-0.0022193089099286425,-0.008736674573644469
30,8,17.08800749063506,0.06555271388619052,-0.0026385683187558143,-0.009034096093239002
30,9,16.15549442140351,0.07474623679963843,-0.0031076363008243,-0.009374609377312722
30,10,15.231546211727817,0.08430193264081597,-0.0036392610849813184,-0.009758225863686666
30,11,14.317821063276353,0.09426268852701176,-0.004249342512510738,-0.010183694357407597
30,12,13.416407864998739,0.10466932135563116,-0.0049577993751560925,-0.010647519176830732
30,13,12.529964086141668,0.11555772688067323,-0.005789576855555083,-0.011142383324328299
30,14,11.661903789690601,0.12695408800428776,-0.006775695319343987,-0.011654646165475263
30,15,10.816653826391969,0.13886701921162375,-0.007954059771004232,-0.012160444423752664
30,16,10.0,0.15127497685179309,-0.009369371966310727,-0.012619796870247432
30,17,9.219544457292887,0.16410661295211862,-0.011070758667377764,-0.012968140803182857
30,18,8.48528137423857,0.1772112584581588,-0.01310444581651267,-0.01310529359172255
30,19,7.810249675906654,0.19031720013556372,-0.015496868727642457,-0.012883776589408577
30,20,7.211102550927978,0.20297881163697595,-0.01822159374131216,-0.012103242228910807
30,21,6.708203932499369,0.21452368459338533,-0.02114418434232085,-0.010526956655229638
30,22,6.324555320336759,0.22403272494743523,-0.02395087874095163,-0.007948024256385175
30,23,6.082762530298219,0.23041973310615568,-0.026105337000969495,-0.004331616277436778
30,24,6.0,0.2326959575023088,-0.026950968203094047,-4.548980751112319e-07
30,25,6.082762530298219,0.2304206429023059,-0.02610536294464795,0.004330712328374592
30,26,6.324555320336759,0.2240345328455596,-0.02395093029483826,0.007947137806884066
30,27,6.708203932499369,0.21452636728853777,-0.021144260841853654,0.010526099232902902
30,28,7.211102550927978,0.2029823343797538,-0.01822169419557977,0.012102425154103036
30,29,7.810249675906654,0.1903215169803317,-0.01549699182646258,0.01288301089402849
30,30,8.48528137423857,0.17721631259169682,-0.013104589939803762,0.01310458993980379
30,31,9.219544457292887,0.16411233710072412,-0.01107092189676806,0.01296750941365124
30,32,10.0,0.15128129376439434,-0.009369552098914463,0.012619247442359649
30,33,10.816653826391969,0.13887384221600482,-0.007954254335283045,0.012159986065656964
30,34,11.661903789690601,0.1269613216330804,-0.006775901592957566,0.011654287326327971
30,35,12.529964086141668,0.11556526756334888,-0.00578979188509407,0.011142131730379826
30,36,13.416407864998739,0.10467705817232076,-0.004958019997637821,0.010647381771873368
30,37,14.317821063276353,0.09427050401960214,-0.004249565378508527,0.010183677247952772
30,38,15.231546211727817,0.08430970367641522,-0.003639482683246882,0.009758334269213756
30,39,16.15549442140351,0.07475383548117463,-0.0031078529842543945,0.009374847585903102
30,40,17.08800749063506,0.06556000850460901,-0.0026387763315449467,0.009034467422879364
30,41,18.027756377319946,0.056684900635415904,-0.0022195044157426493,0.008737181339451897
30,42,18.973665961010276,0.048085645825705216,-0.0018397308072641734,0.00848232021515357
30,43,19.924858845171276,0.039720260205108764,-0.0014910238787719209,0.008268929251962473
30,44,20.8806130178211,0.03154778732178027,-0.0011663775502767926,0.008095993094150735
30,45,21.840329667841555,0.023528274016807293,-0.0008598544781072848,0.007962570900726829
30,46,22.80350850198276,0.015622645520326614,-0.0005662991910347411,0.007867876157350158
30,47,23.769728648009426,0.007792521702106977,-0.0002811022819350947,0.007811322760163307
30,48,24.73863375370596,0.0,0.0,0.0038962608510534884
31,0,25.0,0.0,0.0,-0.003745672749402438
31,1,24.041630560342615,0.007491345498804876,-0.0003164396802222283,-0.007508099096360248
31,2,23.08679276123039,0.015016198192720496,-0.0006371390443136327,-0.007558369040239229
31,3,22.135943621178654,0.022608083579283334,-0.0009665108941070786,-0.007642234341881536
31,4,21.18962010041709,0.030300666876483567,-0.0013092862545695597,-0.007759846962212472
31,5,20.248456731316587,0.03812777750370828,-0.0016706936217451215,-0.00791135145345778
31,6,19.313207915827967,0.04612336978339913,-0.0020566630509078025,-0.008096802224547887
31,7,18.384776310850235,0.05432138195280405,-0.002474064200456101,-0.008316034000529247
31,8,17.46424919657298,0.06275543778445762,-0.0029309873692780243,-0.00856846295441838
31,9,16.55294535724685,0.07145830786164081,-0.0034370750116696214,-0.008852784377829048
31,10,15.652475842498529,0.08046100654011572,-0.004003906298923311,-0.009166515982478314
31,11,14.7648230602334,0.08979133982659744,-0.004645425442856621,-0.009505312235856302
31,12,13.892443989449804,0.09947163101182832,-0.005378379114268625,-0.009861943218392837
31,13,13.038404810405298,0.10951522626338311,-0.00622267766744572,-0.010224792325118824
31,14,12.206555615733702,0.11992121566206597,-0.0072014992185870305,-0.010575688533540323
31,15,11.40175425099138,0.13066660333046376,-0.008340784003714324,-0.010886875548341467
31,16,10.63014581273465,0.1416949667587489,-0.009667477378329528,-0.011116993043974288
31,17,9.899494936611665,0.15290058941841234,-0.011205436540757757,-0.011206235476168933
31,18,9.219544457292887,0.16410743771108677,-0.012967344410435358,-0.011071604004768018
31,19,8.602325267042627,0.17504379742794837,-0.014940520326151147,-0.010604736260652017
31,20,8.06225774829855,0.1853169102323908,-0.017064987559510025,-0.009677479298709712
31,21,7.615773105863909,0.1943987560253678,-0.019205437648382187,-0.008163651088303608
31,22,7.280109889280518,0.20164421240899802,-0.02112794310056429,-0.005986193445749799
31,23,7.0710678118654755,0.2063711429168674,-0.02250929868202932,-0.003188950166988863
31,24,7.0,0.20802211274297575,-0.023022005693368944,-4.4097032625423083e-07
31,25,7.0710678118654755,0.2063720248575199,-0.022509328384309524,0.0031880738944023435
31,26,7.280109889280518,0.20164596495417106,-0.021128002123342843,0.005985334136935125
31,27,7.615773105863909,0.19440135658364965,-0.01920552523081824,0.008162819917929748
31,28,8.06225774829855,0.18532032511831156,-0.01706510256713352,0.00967668724052291
31,29,8.602325267042627,0.17504798210260383,-0.01494066125896662,0.010603994008793721
31,30,9.219544457292887,0.16411233710072412,-0.01296750941365124,0.01107092189676806
31,31,9.899494936611665,0.1529061383090677,-0.011205623418077293,0.011205623418077293
31,32,10.63014581273465,0.14170109026456953,-0.00966768360772291,0.011116460438082593
31,33,11.40175425099138,0.13067321743290253,-0.008341006755578015,0.010886431223931105
31,34,12.206555615733702,0.11992822781670733,-0.007201735376180476,0.010575340681077287
31,35,13.038404810405298,0.10952253607074795,-0.0062229238494830585,0.01022454843429664
31,36,13.892443989449804,0.09947913094811404,-0.005378631699528756,0.009861810020403664
31,37,14.7648230602334,0.08979891602994063,-0.0046456805966631765,0.009505295650246708
31,38,15.652475842498529,0.08046853964762063,-0.004004160001334391,0.009166621068921327
31,39,16.55294535724685,0.07146567389209797,-0.003437323087206297,0.008853015293116592
31,40,17.46424919657298,0.06276250906138744,-0.002931225518010859,0.008568822914949363
31,41,18.384776310850235,0.054328028062199246,-0.002474288030260313,0.008316525250538137
31,42,19.313207915827967,0.04612945856031117,-0.002056868110689867,0.008097426010286665
31,43,20.248456731316587,0.038133176041625916,-0.001670875435436911,0.00791210800351122
31,44,21.18962010041709,0.03030524255328873,-0.0013094403556808392,0.007760735474092237
31,45,22.135943621178654,0.02261170509344144,-0.0009666328606226429,0.007643252975009708
31,46,23.08679276123039,0.015018736603269314,-0.000637224533718392,0.007559514915396056
31,47,24.041630560342615,0.007492675262649329,-0.00031648446443555654,0.007509368301634657
31,48,25.0,0.0,0.0,0.0037463376313246646
32,0,25.298221281347036,0.0,0.0,-0.0035791352890642
32,1,24.351591323771842,0.0071582705781284,-0.00034756480154767054,-0.0071728744235869816
32,2,23.40939982143925,0.014345748847173963,-0.000699395594819947,-0.007216622876618365
32,3,22.47220505424423,0.02159151633136513,-0.0010598909855138953,-0.007289372884505838
32,4,21.540659228538015,0.02892449461618564,-0.0014337242424948236,-0.007390893791587463
32,5,20.615528128088304,0.03637330391454006,-0.0018259927035084618,-0.0075207720104501705
32,6,19.697715603592208,0.04396603863708598,-0.0022423810278039413,-0.007678306148854085
32,7,18.788294228055936,0.05172991621224823,-0.0026893413823119577,-0.007862350255274247
32,8,17.88854381999832,0.059690739147634474,-0.0031742912210609917,-0.008071085282025482
32,9,17.0,0.06787208677629919,-0.003705824490610722,-0.008301690447667435
32,10,16.1245154965971,0.07629412004296934,-0.004293922959833517,-0.008549875432499666
32,11,15.264337522473747,0.08497183764129852,-0.004950137772407229,-0.008809221542062283
32,12,14.422205101855956,0.09391256312709391,-0.005687682234666223,-0.009070266952241633
32,13,13.601470508735444,0.10311237154578179,-0.006521327776386511,-0.009319263220009893
32,14,12.806248474865697,0.1125510895671137,-0.007466915890039359,-0.009536539829206658
32,15,12.041594578792296,0.1221854512041951,-0.008540179028567373,-0.009694466264010167
32,16,11.313708498984761,0.13194002209513403,-0.009754399410373829,-0.009755144333204
32,17,10.63014581273465,0.1416957398706031,-0.011116250779756226,-0.009668273771077027
32,18,10.0,0.15127656963728808,-0.012619062324667613,-0.00937020980632916
32,19,9.433981132056603,0.16043615948326143,-0.014232969886543045,-0.00878613344033391
32,20,8.94427190999916,0.1688488365179559,-0.0158924893274979,-0.007838324906679767
32,21,8.54400374531753,0.17611280929662096,-0.01748472752939005,-0.0064640011141753745
32,22,8.246211251235321,0.18177683874630665,-0.01884625000555315,-0.004644163222738043
32,23,8.06225774829855,0.18540113574209705,-0.019782001945706423,-0.002437553684632124
32,24,8.0,0.1866519461155709,-0.020118520455489286,-4.251957949064078e-07
32,25,8.06225774829855,0.18540198613368686,-0.019782035268799764,0.002436708758348491
32,26,8.246211251235321,0.18177852859887392,-0.01884631622341737,0.004643334653392783
32,27,8.54400374531753,0.1761153168269013,-0.017484825788435118,0.006463199676693579
32,28,8.94427190999916,0.16885212924548676,-0.015892618354957866,0.007837561182251415
32,29,9.433981132056603,0.16044019446239846,-0.014233127999567635,0.008785417740546211
32,30,10.0,0.15128129376439434,-0.012619247442359663,0.009369552098914463
32,31,10.63014581273465,0.14170109026456953,-0.011116460438082593,0.00966768360772291
32,32,11.313708498984761,0.13194592654894852,-0.009754630779860364,0.009754630779860371
32,33,12.041594578792296,0.12219182870484879,-0.008540428934671808,0.00969403783411453
32,34,12.806248474865697,0.11255785088071946,-0.007467180836079487,0.009536204420233015
32,35,13.601470508735444,0.10311941986438276,-0.006521603968885736,0.009319028053728105
32,36,14.422205101855956,0.09391979477326325,-0.005687965610963769,0.009070138519053486
32,37,15.264337522473747,0.08497914282627579,-0.004950424030366107,0.008809205549758406
32,38,16.1245154965971,0.07630138367374643,-0.004294207589466685,0.008549976759756876
32,39,17.0,0.06787918930676204,-0.0037061028074335672,0.008301913102579571
32,40,17.88854381999832,0.05969755746858729,-0.0031745584009674616,0.00807143236593338
32,41,18.788294228055936,0.05173632457489528,-0.002689592497761715,0.007862823932130905
32,42,19.697715603592208,0.04397190960432548,-0.002242611085099395,0.007678907620330168
32,43,20.615528128088304,0.03637850933423494,-0.0018261966809329337,0.007521501496953445
32,44,21.540659228538015,0.02892890661041859,-0.0014338971290771153,0.007391750519336467
32,45,22.47220505424423,0.021595008295562008,-0.0010600278201794936,0.0072903550787643805
32,46,23.40939982143925,0.01434819645288983,-0.0006994915056857962,0.007217727761163072
32,47,24.351591323771842,0.007159552773235864,-0.00034761504511515023,0.007174098226444915
32,48,25.298221281347036,0.0,0.0,0.003579776386617932
33,0,25.632011235952593,0.0,0.0,-0.0033981079478547674
33,1,24.698178070456937,0.006796215895709535,-0.00037443319119758334,-0.006808703501540301
33,2,23.769728648009426,0.013617407003080602,-0.0007530037481561927,-0.006846042856273004
33,3,22.847319317591726,0.020488301608255544,-0.0011399562619877068,-0.006907905694206659
33,4,21.93171219946131,0.02743321839149392,-0.0015397568106881449,-0.0069937452442179054
33,5,21.02379604162864,0.034475792096691354,-0.001957208292614806,-0.007102694668148663
33,6,20.12461179749811,0.041638607727791245,-0.0023975697570551915,-0.0072334535457443914
33,7,19.235384061671343,0.04894269918818014,-0.0028666780731224605,-0.007384123807272196
33,8,18.35755975068582,0.05640685534233564,-0.003371066618556847,-0.007551979846119616
33,9,17.4928556845359,0.06404665888041937,-0.003918069477451259,-0.007733152639056523
33,10,16.64331697709324,0.07187316062044868,-0.004515889439966905,-0.007922202700681807
33,11,15.811388300841896,0.07989106428178298,-0.005173591771241208,-0.008111552961023595
33,12,15.0,0.08809626654249587,-0.005900960431150987,-0.008290753214413554
33,13,14.212670403551895,0.09647257071061009,-0.006708115965929094,-0.008445558669745688
33,14,13.45362404707371,0.10498738388198725,-0.007604742328272969,-0.008556837281359461
33,15,12.727922061357855,0.11358624527332901,-0.008598705366369898,-0.008599392028006997
33,16,12.041594578792296,0.12218616793800124,-0.009693782386054041,-0.008540921292785435
33,17,11.40175425099138,0.13066808785889988,-0.010886199746506689,-0.008341572561875149
33,18,10.816653826391969,0.13886931306175154,-0.012159781682805543,-0.007954884897981199
33,19,10.295630140987,0.14657785765486228,-0.013479907162074117,-0.00733130925782173
33,20,9.848857801796104,0.153531931577395,-0.014787373629959508,-0.006425721655862707
33,21,9.486832980505138,0.1594293009665877,-0.015994835694528614,-0.005209890410248358
33,22,9.219544457292887,0.16395171239789172,-0.01699043082558907,-0.0036889190294334268
33,23,9.055385138137417,0.16680713902545455,-0.017654042394822392,-0.0019166797170527272
33,24,9.0,0.16778507183199717,-0.0178881426002368,-4.0764723291397686e-07
33,25,9.055385138137417,0.16680795431992038,-0.017654079185843066,0.0019158696623304272
33,26,9.219544457292887,0.16395333250733632,-0.016990503934732504,0.0036881246565704795
33,27,9.486832980505138,0.15943170500677942,-0.01599494417937189,0.005209122049470244
33,28,9.848857801796104,0.15353508840839583,-0.014787516085280172,0.006424989451655427
33,29,10.295630140987,0.14658172610346856,-0.013480081729888016,0.007330623096195518
33,30,10.816653826391969,0.1388738422160048,-0.012159986065656964,0.007954254335283018
33,31,11.40175425099138,0.13067321743290253,-0.010886431223931091,0.008341006755577994
33,32,12.041594578792296,0.1221918287048488,-0.00969403783411453,0.008540428934671808
33,33,12.727922061357855,0.11359235956355891,-0.008598981280150221,0.008598981280150228
33,34,13.45362404707371,0.10499386614454835,-0.007605034847191917,0.008556515715291216
33,35,14.212670403551895,0.09647932813297648,-0.006708420901723813,0.008445333209180922
33,36,15.0,0.0881031997261865,-0.005901273298360404,0.008290630081884034
33,37,15.811388300841896,0.07989806796920841,-0.005173907820005846,0.008111537628749624
33,38,16.64331697709324,0.07188012446868726,-0.004516203690946317,0.007922299845988787
33,39,17.4928556845359,0.06405346827723084,-0.003918376758647493,0.007733366104617369
33,40,18.35755975068582,0.05641339225945252,-0.0033713616038201534,0.007552312605277511
33,41,19.235384061671343,0.048948843066675816,-0.002866955322104417,0.00738457793467007
33,42,20.12461179749811,0.04164423639011238,-0.002397823756365134,0.007234030193457884
33,43,21.02379604162864,0.03448078267976005,-0.001957433497927069,0.007103394047488941
33,44,21.93171219946131,0.0274374482951345,-0.0015399476895407976,0.006994566613338797
33,45,22.847319317591726,0.020491649453082454,-0.0011401073370082594,0.006908847351618389
33,46,23.769728648009426,0.013619753591897722,-0.0007531096404457425,0.006847102140331712
33,47,24.698178070456937,0.006797445172419029,-0.00037448866360259396,0.006809876795948861
33,48,25.632011235952593,0.0,0.0,0.0033987225862095144
34,0,26.0,0.0,0.0,-0.0032047020978666165
34,1,25.079872407968907,0.006409404195733233,-0.0003971744030002323,-0.006419870675430789
34,2,24.166091947189145,0.012839741350861578,-0.0007982477594300269,-0.006451099805828243
34,3,23.259406699226016,0.019311603807389718,-0.0012071988473339231,-0.006502619821973886
34,4,22.360679774997898,0.02584498099480935,-0.0016281711884315476,-0.006573641760960364
34,5,21.470910553583888,0.032458887329310446,-0.002065553879839699,-0.006662959064083124
34,6,20.591260281974,0.0391708991229756,-0.002524058661484349,-0.00676883636834643
34,7,19.72308292331602,0.045996560066003306,-0.0030087883862623087,-0.006888853393772591
34,8,18.867962264113206,0.05294860591052078,-0.0035252881293336806,-0.007019693877696683
34,9,18.027756377319946,0.06003594782139667,-0.004079564085192989,-0.007156867626257377
34,10,17.204650534085253,0.06726234116303553,-0.004678046270230808,-0.007294353138709717
34,11,16.401219466856727,0.0746246540988161,-0.005327457826501833,-0.007424150550878202
34,12,15.620499351813308,0.08211064226479194,-0.006034535452504472,-0.007535742757553747
34,13,14.866068747318506,0.0896961396139236,-0.006805521969085751,-0.007615481322887911
34,14,14.142135623730951,0.09734160491056776,-0.007645325280068692,-0.007645950428765855
34,15,13.45362404707371,0.10498804047145531,-0.008556215048392664,-0.007605426206229095
34,16,12.806248474865697,0.11255245732302595,-0.009535926055100279,-0.007467649953067208
34,17,12.206555615733702,0.11992334037758973,-0.01057508843706395,-0.007202274474325525
34,18,11.661903789690601,0.126957006271677,-0.011654064607629432,-0.006776502390761732
34,19,11.180339887498949,0.1334763451591132,-0.012739612902408791,-0.006158541493179945
34,20,10.770329614269007,0.1392740892580369,-0.013782373657987526,-0.00532339637422527
34,21,10.44030650891055,0.14412313790756373,-0.014716923502680002,-0.004260943918545812
34,22,10.198039027185569,0.1477959770951285,-0.015466708818073674,-0.0029849565224442653
34,23,10.04987562112089,0.15009305095245226,-0.015955708230890958,-0.0015398419099843935
34,24,10.0,0.1508756609150973,-0.01612604231146167,-3.884047742319652e-07
34,25,10.04987562112089,0.15009382776200073,-0.015955748322553143,0.0015390700928441942
34,26,10.198039027185569,0.1477975207294089,-0.015466788486074995,0.0029841996469216064
34,27,10.44030650891055,0.1441254284681575,-0.014717041720049673,0.004260211827241248
34,28,10.770329614269007,0.13927709707492641,-0.01378252889343605,0.005322698732767542
34,29,11.180339887498949,0.13348003100262243,-0.012739803131266249,0.006157887720923003
34,30,11.661903789690601,0.1269613216330804,-0.011654287326327957,0.006775901592957538
34,31,12.206555615733702,0.11992822781670735,-0.01057534068107728,0.007201735376180476
34,32,12.806248474865697,0.11255785088071946,-0.009536204420233022,0.007467180836079501
34,33,13.45362404707371,0.10499386614454835,-0.008556515715291216,0.007605034847191917
34,34,14.142135623730951,0.09734778118633562,-0.007645644041806593,0.007645644041806607
34,35,14.866068747318506,0.08970257806093514,-0.006805854261657529,0.007615266504896592
34,36,15.620499351813308,0.08211724817654244,-0.006034876388043842,0.007535625437335519
34,37,16.401219466856727,0.0746313271862641,-0.0053278022290240215,0.007424135942344319
34,38,17.204650534085253,0.0672689762918538,-0.004678388713682646,0.007294445698398523
34,39,18.027756377319946,0.06004243578946705,-0.004079898933579854,0.007157071015453407
34,40,18.867962264113206,0.052954834260946985,-0.003525609578679683,0.0070200109293903044
34,41,19.72308292331602,0.046002413930686444,-0.0030090905081477486,0.006889286084675886
34,42,20.591260281974,0.039176262091595214,-0.0025243354478944532,0.00676938579615282
34,43,21.470910553583888,0.0324636423383808,-0.002065799289049406,0.006663625430129109
34,44,22.360679774997898,0.025849011231336996,-0.0016283791916438528,0.006574424358417657
34,45,23.259406699226016,0.01931479362154549,-0.0012073634757835214,0.0065035170296693255
34,46,24.166091947189145,0.012841977171998345,-0.0007983631516595901,0.0064521090877574065
34,47,25.079872407968907,0.006410575446030676,-0.0003972348520142315,0.006420988585999173
34,48,26.0,0.0,0.0,0.003205287723015338
35,0,26.40075756488817,0.0,0.0,-0.003000933544854535
35,1,25.495097567963924,0.00600186708970907,-0.0004160277309207005,-0.006010455742110274
35,2,24.596747752497688,0.012020911484220548,-0.0008356333877810734,-0.006036018411939313
35,3,23.706539182259394,0.018073903913587697,-0.0012624477006544267,-0.006077982265205138
35,4,22.825424421026653,0.024176876014630824,-0.001700210768602212,-0.00613539021171213
35,5,21.95449840010015,0.030344684337011957,-0.0021528207861313594,-0.006206807195095861
35,6,21.095023109728988,0.03659049040482255,-0.0026243736805327093,-0.006290219039321782
35,7,20.248456731316587,0.04292512241565552,-0.003119187147067236,-0.006382894339422865
35,8,19.4164878389476,0.04935627908366828,-0.0036417990302360405,-0.0064812041471889355
35,9,18.601075237738275,0.05588753071003339,-0.004196924902614793,-0.0065803944981593955
35,10,17.804493814764857,0.06251706807998707,-0.004789352674669244,-0.006674308959372963
35,11,17.029386365926403,0.06923614862877932,-0.005423742907695643,-0.006755063778749931
35,12,16.278820596099706,0.07602719563748693,-0.0061042924476140195,-0.006812689071829636
35,13,15.556349186104045,0.08286152677243859,-0.006834207405667675,-0.006834768842181468
35,14,14.866068747318506,0.08969673332184987,-0.007614922938874967,-0.006806144202052548
35,15,14.212670403551895,0.09647381517654369,-0.008445009146039482,-0.00670879125297541
35,16,13.601470508735444,0.10311431582780069,-0.009318728027753118,-0.006522047904114148
35,17,13.038404810405298,0.10951791098477198,-0.010224276562042785,-0.006223434009345996
35,18,12.529964086141668,0.11556118384649268,-0.011141891680938237,-0.005790360432636359
35,19,12.083045973594572,0.1210986318500447,-0.012042224998196412,-0.005203000207463636
35,20,11.704699910719626,0.12596718426141995,-0.012885705441147859,-0.004448411055591496
35,21,11.40175425099138,0.1299954539612277,-0.013623898189604737,-0.00352555525016221
35,22,11.180339887498949,0.13301829476174437,-0.014203896040123919,-0.0024501343012224702
35,23,11.045361017187261,0.13489572256367263,-0.0145761631733193,-0.001257346223664732
35,24,11.0,0.13553298720907384,-0.014704693782612431,-3.6755557072942757e-07
35,25,11.045361017187261,0.1348964576748141,-0.014576206384693945,0.001256615836943753
35,26,11.180339887498949,0.13301975553518633,-0.014203981907450529,0.0024494180540670096
35,27,11.40175425099138,0.12999762156668007,-0.013624025605999339,0.0035248624568312986
35,28,11.704699910719626,0.12597003062152373,-0.01288587275616443,0.004447750862872003
35,29,12.083045973594572,0.12110211984093606,-0.012042430029616372,0.005202381529087426
35,30,12.529964086141668,0.11556526756334888,-0.011142131730379819,0.005789791885094049
35,31,13.038404810405298,0.10952253607074797,-0.010224548434296654,0.0062229238494830585
35,32,13.601470508735444,0.10311941986438276,-0.009319028053728105,0.006521603968885743
35,33,14.212670403551895,0.09647932813297648,-0.008445333209180922,0.0067084209017237995
35,34,14.866068747318506,0.08970257806093516,-0.007615266504896592,0.006805854261657529
35,35,15.556349186104045,0.08286761960966142,-0.006834565555418157,0.006834565555418171
35,36,16.278820596099706,0.07603344695009882,-0.006104659912880242,0.006812578049250527
35,37,17.029386365926403,0.06924246351116037,-0.005424114109726215,0.0067550499543884285
35,38,17.804493814764857,0.06252334704132197,-0.0047897217651853875,0.006674396550544619
35,39,18.601075237738275,0.05589367041007113,-0.00419728580705982,0.0065805869696144055
35,40,19.4164878389476,0.049362173102093156,-0.0036421454930005946,0.006481504179845405
35,41,20.248456731316587,0.04293066205038032,-0.0031195127784146466,0.0063833038038848405
35,42,21.095023109728988,0.036595565494323475,-0.0026246720049375658,0.0062907389743595415
35,43,21.95449840010015,0.030349184101661236,-0.0021530852917348124,0.00620743779123834
35,44,22.825424421026653,0.024180689911846794,-0.0017004349574794644,0.0061361308000729125
35,45,23.706539182259394,0.01807692250151541,-0.0012626251395837056,0.006078831311634126
35,46,24.596747752497688,0.012023027288578542,-0.0008357577591987147,0.006036973516562422
35,47,25.495097567963924,0.006002975468390566,-0.00041609288374420223,0.006011513644289271
35,48,26.40075756488817,0.0,0.0,0.003001487734195283
36,0,26.832815729997478,0.0,0.0,-0.002788674366945916
36,1,25.942243542145693,0.005577348733891832,-0.0004313150342115848,-0.005584237287649715
36,2,25.059928172283335,0.01116847457529943,-0.0008658311552622562,-0.005604679836094516
36,3,24.186773244895647,0.016786708406080864,-0.0013067773735472013,-0.005638042441152747
36,4,23.323807579381203,0.022444559457604926,-0.0017574416017790608,-0.005683268675483431
36,5,22.47220505424423,0.028153245757047727,-0.0022211914580376867,-0.0057387961521526264
36,6,21.633307652783937,0.03392215176191018,-0.0027014829862223397,-0.005802470007410554
36,7,20.808652046684813,0.039758185771868834,-0.0032018503081760255,-0.00587142804406926
36,8,20.0,0.0456650078500487,-0.003725866425596875,-0.005941956122149126
36,9,19.209372712298546,0.051642098016167086,-0.004277061647358624,-0.006009313981824173
36,10,18.439088914585774,0.057683635813697044,-0.004858781434568672,-0.006067535133628867
36,11,17.69180601295413,0.06377716828342482,-0.00547396010507965,-0.006109210777933426
36,12,16.97056274847714,0.0699020573695639,-0.0061247816443616085,-0.006125278259581715
36,13,16.278820596099706,0.07602772480258825,-0.006812195648261771,-0.006104850831626964
36,14,15.620499351813308,0.08211175903281782,-0.007535258607577311,-0.006035148688394047
36,15,15.0,0.08809802217937635,-0.008290284075596024,-0.005901621117350944
36,16,14.422205101855956,0.09391500126751971,-0.009069818177550128,-0.005688382537063906
36,17,13.892443989449804,0.09947478725350416,-0.00986151973898211,-0.005379110821140405
36,18,13.416407864998739,0.10467322290980052,-0.010647125468068327,-0.004958553954608105
36,19,13.0,0.10939189516272037,-0.011401817612365861,-0.0044147277329703236
36,20,12.649110640673518,0.11350267837574117,-0.012094454740905841,-0.0037417231828169445
36,21,12.36931687685298,0.11687534152835426,-0.012689199212997,-0.002942753319569752
36,22,12.165525060596439,0.11938818501488067,-0.01314894646754005,-0.002032691538729703
36,23,12.041594578792296,0.12094072460581366,-0.01344048760741643,-0.0010390441674958811
36,24,12.0,0.12146627334987244,-0.013540496138250972,-3.451933995868295e-07
36,25,12.041594578792296,0.12094141499261284,-0.013440533744744083,0.001038358217682292
36,26,12.165525060596439,0.11938955691450785,-0.013149038149163579,0.0020320188682270007
36,27,12.36931687685298,0.11687737725615883,-0.012689335257082539,0.002942102675955148
36,28,12.649110640673518,0.11350535156259756,-0.012094633385251359,0.0037411031563845745
36,29,13.0,0.10939517094338969,-0.011402036526989193,0.004414146695138392
36,30,13.416407864998739,0.10467705817232077,-0.010647381771873368,0.004958019997637821
36,31,13.892443989449804,0.09947913094811404,-0.00986181002040367,0.005378631699528763
36,32,14.422205101855956,0.09391979477326325,-0.009070138519053486,0.005687965610963769
36,33,15.0,0.0881031997261865,-0.008290630081884034,0.005901273298360404
36,34,15.620499351813308,0.08211724817654244,-0.007535625437335533,0.006034876388043842
36,35,16.278820596099706,0.07603344695009882,-0.006812578049250534,0.006104659912880242
36,36,16.97056274847714,0.06990792835078195,-0.006125173991643577,0.006125173991643577
36,37,17.69180601295413,0.06378309896681167,-0.005474356442151888,0.0061091977946494645
36,38,18.439088914585774,0.057689532761483024,-0.0048591755171504165,0.0060676173957321285
36,39,19.209372712298546,0.05164786417534741,-0.004277446989569361,0.006009494743268614
36,40,20.0,0.045670543274945796,-0.003726236348243917,0.005942237900745131
36,41,20.808652046684813,0.03976338837385715,-0.0032021979888572395,0.005871812596612857
36,42,21.633307652783937,0.03392691808172008,-0.0027018015109378755,0.005802958309472986
36,43,22.47220505424423,0.02815747175491118,-0.0022214738739940194,0.0057393883826710075
36,44,23.323807579381203,0.022448141316378067,-0.0017576809710602489,0.00568396420626655
36,45,24.186773244895647,0.016789543342378078,-0.0013069668273215287,0.005638839831388576
36,46,25.059928172283335,0.011170461653600916,-0.0008659639481876091,0.005605576831917904
36,47,25.942243542145693,0.005578389678542271,-0.00043138459869988864,0.005585230826800458
36,48,26.832815729997478,0.0,0.0,0.0027891948392711357
37,0,27.294688127912362,0.0,0.0,-0.0025696185106429503
37,1,26.419689627245813,0.005139237021285901,-0.00044341393044915493,-0.005144624586848018
37,2,25.553864678361276,0.010289249173696035,-0.0008896209741549727,-0.0051605560726036975
37,3,24.698178070456937,0.015460349166493295,-0.0013414205322390483,-0.005186371818688334
37,4,23.853720883753127,0.020661992811072703,-0.001801627488375087,-0.005220976127221644
37,5,23.021728866442675,0.025902301420936583,-0.0022730701249268175,-0.005262765810652582
37,6,22.20360331117452,0.031187524432377867,-0.0027585749124082303,-0.005309560189183443
37,7,21.400934559032695,0.03652142179930347,-0.0032609315605901315,-0.00535851090004833
37,8,20.615528128088304,0.04190454623247453,-0.0037828297655850933,-0.005405992808006337
37,9,19.849433241279208,0.047333407415316144,-0.004326756693473332,-0.005447479489187598
37,10,19.1049731745428,0.05279950521084972,-0.0048948416190291305,-0.005477410501651937
37,11,18.384776310850235,0.05828822841862002,-0.005488631775030572,-0.005489063568956995
37,12,17.69180601295413,0.06377763234876371,-0.0061087823148106395,-0.005474453528647515
37,13,17.029386365926403,0.06923713547591505,-0.006754645007270195,-0.005424291878965766
37,14,16.401219466856727,0.07462621610669525,-0.007423747484526913,-0.005328055774718295
37,15,15.811388300841896,0.07989324702535164,-0.008111171222141535,-0.005174231683002593
37,16,15.264337522473747,0.08497467947270043,-0.008808866321115043,-0.004950812240728061
37,17,14.7648230602334,0.08979487150680776,-0.009504988254009271,-0.004646126718827796
37,18,14.317821063276353,0.09426693291035602,-0.010183405832631443,-0.004250062559252608
37,19,13.92838827718412,0.09829499662531298,-0.01082360114294141,-0.003755670934626122
37,20,13.601470508735444,0.10177827477960827,-0.011401234916077738,-0.003161029454960357
37,21,13.341664064126334,0.10461705553523369,-0.011889637393295266,-0.0024710635235280012
37,22,13.152946437965905,0.10672040182666427,-0.01226234406579503,-0.0016988459068030398
37,23,13.038404810405298,0.10801474734883977,-0.012496486216907292,-0.0008657965529538098
37,24,13.0,0.10845199493257189,-0.01257641088767534,-3.2141824307663214e-07
37,25,13.038404810405298,0.10801539018532592,-0.012496535074463702,0.0008651578478563599
37,26,13.152946437965905,0.10672167923685917,-0.01226244115291128,0.001698219566405465
37,27,13.341664064126334,0.104618951052515,-0.011889781458457246,0.0024704576929190786
37,28,13.601470508735444,0.10178076385102101,-0.011401424093185099,0.0031604521327786572
37,29,13.92838827718412,0.09829804678695768,-0.010823832964637646,0.0037551299157094348
37,30,14.317821063276353,0.09427050401960214,-0.010183677247952778,0.004249565378508527
37,31,14.7648230602334,0.08979891602994063,-0.009505295650246708,0.0046456805966631765
37,32,15.264337522473747,0.08497914282627579,-0.008809205549758406,0.004950424030366107
37,33,15.811388300841896,0.07989806796920841,-0.008111537628749624,0.005173907820005846
37,34,16.401219466856727,0.0746313271862641,-0.007424135942344326,0.0053278022290240284
37,35,17.029386365926403,0.06924246351116035,-0.0067550499543884285,0.005424114109726215
37,36,17.69180601295413,0.06378309896681167,-0.0061091977946494715,0.005474356442151881
37,37,18.384776310850235,0.05829375062685659,-0.005489051479895268,0.005489051479895268
37,38,19.1049731745428,0.052804996007021134,-0.004895258936479956,0.005477487097962093
37,39,19.849433241279208,0.04733877643093241,-0.004327164755226209,0.005447647800707906
37,40,20.615528128088304,0.04190970040560532,-0.0037832214986461728,0.005406255179133283
37,41,21.400934559032695,0.03652626607266584,-0.003261299740312619,0.005358868966578799
37,42,22.20360331117452,0.031191962472447723,-0.002758912217147063,0.005310014859496321
37,43,23.021728866442675,0.025906236353673198,-0.00227336919195599,0.0052633172513607135
37,44,23.853720883753127,0.020665327969726296,-0.0018018809707233512,0.005221623753400422
37,45,24.698178070456937,0.015462988846872354,-0.001341621156092561,0.0051871142887614866
37,46,25.553864678361276,0.010291099392203323,-0.0008897615964703551,0.005161391287940783
37,47,26.419689627245813,0.005140206270990788,-0.0004434875964173359,0.005145549696101662
37,48,27.294688127912362,0.0,0.0,0.002570103135495394
38,0,27.784887978899608,0.0,0.0,-0.002345260436496761
38,1,26.92582403567252,0.004690520872993522,-0.00045273311522609893,-0.004694616313494743
38,2,26.076809620810597,0.009389232626989485,-0.0009078416822039448,-0.004706673234304622
38,3,25.238858928247925,0.014103867341602768,-0.0013676895695037229,-0.004726035926932633
38,4,24.413111231467404,0.01884130448085475,-0.0018346206737513329,-0.004751619082795662
38,5,23.600847442411894,0.023607105507194092,-0.002310939111112159,-0.004781848728119483
38,6,22.80350850198276,0.028405001937093718,-0.0027988766876082625,-0.0048146085717472396
38,7,22.02271554554524,0.03323632265068857,-0.0033005419150434964,-0.004847173190892397
38,8,21.2602916254693,0.03809934831887851,-0.003817843662862013,-0.0048761309892659255
38,9,20.518284528683193,0.04298858462922042,-0.004352381279676236,-0.004897302128380136
38,10,19.79898987322333,0.04789395257563878,-0.004905291970328577,-0.0049056600520716274
38,11,19.1049731745428,0.05279990473336368,-0.005477045887483,-0.004895270082151917
38,12,18.439088914585774,0.05768449273994262,-0.006067180626768583,-0.004859265027342092
38,13,17.804493814764857,0.06251843478804786,-0.006673970853996687,-0.00478988566191069
38,14,17.204650534085253,0.067264264063764,-0.0072940373360607345,-0.0046786224735227075
38,15,16.64331697709324,0.07187567973509328,-0.007921914664760984,-0.004516502280762814
38,16,16.1245154965971,0.07629726862528963,-0.008549620149088645,-0.00429456550519617
38,17,15.652475842498529,0.08046481074548562,-0.009166297921746745,-0.004004571309624005
38,18,15.231546211727817,0.08430641124453764,-0.00975804894661203,-0.0036399410656759654
38,19,14.866068747318506,0.08774469287683755,-0.010308089762970228,-0.0031968986495240284
38,20,14.560219778561036,0.0907002085435857,-0.01079739238773502,-0.0026756869324630894
38,21,14.317821063276353,0.09309606674176372,-0.011205919195580255,-0.002081644169852459
38,22,14.142135623730951,0.09486349688329061,-0.011514455181853303,-0.001425842715117677
38,23,14.035668847618199,0.09594775217199908,-0.011706851841523487,-0.0007249773456155725
38,24,14.0,0.09631345157452176,-0.011772275552968836,-2.963358431765095e-07
38,25,14.035668847618199,0.09594834484368543,-0.011706903202533786,0.0007243884829182326
38,26,14.142135623730951,0.09486467460868529,-0.011514557243698861,0.001425265252220545
38,27,14.317821063276353,0.09309781433924434,-0.01120607064261954,0.002081085616228967
38,28,14.560219778561036,0.09070250337622736,-0.010797591258249035,0.002675154662564974
38,29,14.866068747318506,0.0877475050141144,-0.01030833346317546,0.0031963998499060717
38,30,15.231546211727817,0.08430970367641522,-0.009758334269213756,0.003639482683246882
38,31,15.652475842498529,0.08046853964762063,-0.009166621068921327,0.004004160001334391
38,32,16.1245154965971,0.07630138367374643,-0.008549976759756876,0.004294207589466685
38,33,16.64331697709324,0.07188012446868726,-0.007922299845988787,0.004516203690946324
38,34,17.204650534085253,0.06726897629185379,-0.007294445698398523,0.004678388713682646
38,35,17.804493814764857,0.06252334704132197,-0.0066743965505446055,0.0047897217651853875
38,36,18.439088914585774,0.05768953276148301,-0.006067617395732135,0.0048591755171504165
38,37,19.1049731745428,0.052804996007021134,-0.005477487097962096,0.004895258936479949
38,38,19.79898987322333,0.04789901488852311,-0.00490573067106307,0.00490573067106307
38,39,20.518284528683193,0.04299353466489499,-0.004352810250452213,0.004897457305434831
38,40,21.2602916254693,0.03810410027765345,-0.0038182554682664703,0.00487637288583154
38,41,22.02271554554524,0.03324078889323191,-0.0033009289602398215,0.004847503315113747
38,42,22.80350850198276,0.028409093647425956,-0.002799231275791394,0.004815027761116357
38,43,23.600847442411894,0.0236107333709992,-0.0023112535022911176,0.004782357136247296
38,44,24.413111231467404,0.018844379374931365,-0.0018348871444971628,0.004752216170403121
38,45,25.238858928247925,0.014106301030192956,-0.001367900473293441,0.00472672045713558
38,46,26.076809620810597,0.009390938460660206,-0.000907989509985707,0.0047074432722426784
38,47,26.92582403567252,0.0046914144857076,-0.0004528105558274562,0.004695469230330103
38,48,27.784887978899608,0.0,0.0,0.0023457072428538
39,0,28.30194339616981,0.0,0.0,-0.0021168853954168514
39,1,27.459060435491963,0.004233770790833703,-0.000459690912664397,-0.004236782904644073
39,2,26.627053911388696,0.008473565809288146,-0.0009213476246529538,-0.004245599618326074
39,3,25.80697580112788,0.012724970027485849,-0.001386910299884865,-0.0042595928271409456
39,4,25.0,0.016992751463570037,-0.0018582716125384409,-0.004277726585613208
39,5,24.20743687382041,0.021280423198712265,-0.002337243999238011,-0.004298509796795653
39,6,23.430749027719962,0.025589771057161342,-0.0028255155436351306,-0.0043199573852521055
39,7,22.67156809750927,0.029920337969216476,-0.003324589867003222,-0.004339543924794579
39,8,21.93171219946131,0.0342688589067505,-0.003835704851304092,-0.004354153443373598
39,9,21.213203435596427,0.03862864485596367,-0.004359724612917924,-0.004360031181721034
39,10,20.518284528683193,0.04298892127019257,-0.004896999159200527,-0.004352745893845173
39,11,19.849433241279208,0.04733413664365402,-0.005447187033484055,-0.004327174912516989
39,12,19.209372712298546,0.051643271095226546,-0.0060090386144313924,-0.004277528562133828
39,13,18.601075237738275,0.055889193767921674,-0.006580142403979899,-0.004197435169673615
39,14,18.027756377319946,0.060038141434573776,-0.007156644552371437,-0.004080111963953997
39,15,17.4928556845359,0.06404941769582967,-0.007732963850152843,-0.003918648869974683
39,16,17.0,0.06787543917452314,-0.008301540685070514,-0.0037064289837423006
39,17,16.55294535724685,0.07146227566331427,-0.00885267782237737,-0.003437697921304411
39,18,16.15549442140351,0.07475083501713196,-0.009374549616318673,-0.0031082707180291255
39,19,15.811388300841896,0.07767881709937252,-0.00985346714255185,-0.0027163274935031317
39,20,15.524174696260024,0.08018349000413823,-0.010274478811684112,-0.00226320002235033
39,21,15.297058540778355,0.08220521714407318,-0.010622346859774728,-0.0017540007294097187
39,22,15.132745950421556,0.08369149146295767,-0.010882861901108938,-0.0011979132608598078
39,23,15.033296378372908,0.0846010436657928,-0.011044347255126506,-0.0006079761818382767
39,24,15.0,0.08490744382663422,-0.011099093012485968,-2.7005723277767624e-07
39,25,15.033296378372908,0.08460158378025835,-0.011044400892724078,0.0006074395385863851
39,26,15.132745950421556,0.08369256474946145,-0.010882968486866651,0.0011973870064912184
39,27,15.297058540778355,0.08220680976727592,-0.010622505019735023,0.0017534917074692527
39,28,15.524174696260024,0.08018558133452294,-0.010274686497174355,0.002262714953334577
39,29,15.811388300841896,0.07768137986060676,-0.009853721644818528,0.002715872926674155
39,30,16.15549442140351,0.07475383548117463,-0.009374847585903102,0.0031078529842543945
39,31,16.55294535724685,0.07146567389209797,-0.0088530152931166,0.003437323087206297
39,32,17.0,0.06787918930676204,-0.008301913102579574,0.0037061028074335672
39,33,17.4928556845359,0.06405346827723084,-0.007733366104617372,0.003918376758647493
39,34,18.027756377319946,0.06004243578946705,-0.0071570710154534,0.004079898933579847
39,35,18.601075237738275,0.05589367041007114,-0.0065805869696144055,0.004197285807059827
39,36,19.209372712298546,0.0516478641753474,-0.006009494743268607,0.004277446989569372
39,37,19.849433241279208,0.0473387764309324,-0.005447647800707906,0.004327164755226202
39,38,20.518284528683193,0.04299353466489499,-0.004897457305434831,0.00435281025045221
39,39,21.213203435596427,0.03863315593002798,-0.004360172597911306,0.004360172597911306
39,40,21.93171219946131,0.03427318946907238,-0.003836134910067363,0.004354373888920892
39,41,22.67156809750927,0.029924408152186197,-0.0033249940680570664,0.004339844774103723
39,42,23.430749027719962,0.025593499920864935,-0.002825885849012026,0.0043203394015476175
39,43,24.20743687382041,0.021283729349090962,-0.0023375723258702956,0.004298973120066482
39,44,25.0,0.01699555368073197,-0.001858549894654598,0.004278270724402745
39,45,25.80697580112788,0.012727187900285472,-0.0013871305520282125,0.004260216654250031
39,46,26.627053911388696,0.00847512037223191,-0.0009215020049313867,0.004246301370474798
39,47,27.459060435491963,0.004234585159335876,-0.00045977178583625294,0.004237560186115955
39,48,28.30194339616981,0.0,0.0,0.002117292579667938
40,0,28.844410203711913,0.0,0.0,-0.0018855695238323641
40,1,28.0178514522438,0.0037711390476647282,-0.0004646975757501761,-0.003773268688841789
40,2,27.202941017470888,0.007546537377683578,-0.0009309732014376724,-0.003779453847084155
40,3,26.40075756488817,0.011330046741833038,-0.0014003687823413939,-0.003789111939047146
40,4,25.612496949731394,0.01512476125577787,-0.001874358472237751,-0.003801285383442516
40,5,24.839484696748443,0.01893261750871807,-0.0023543070987895667,-0.0038146047970227933
40,6,24.08318915758459,0.022753970849823456,-0.002841419088961494,-0.0038272627039820286
40,7,23.345235059857504,0.026587142916682127,-0.0033366744080093862,-0.0038369838832234358
40,8,22.627416997969522,0.030427938616270328,-0.003840747935741174,-0.003840996243351224
40,9,21.93171219946131,0.034269135403384575,-0.004353908860455927,-0.0038360078204837007
40,10,21.2602916254693,0.03809995425723773,-0.004875897309543912,-0.003818197631505496
40,11,20.615528128088304,0.04190553066639557,-0.0054057768821412396,-0.003783230626921052
40,12,20.0,0.04566641551107983,-0.00594176441860593,-0.003726309656846248
40,13,19.4164878389476,0.04935814998008806,-0.006481042700827933,-0.0036422797239706456
40,14,18.867962264113206,0.052950974959021124,-0.007019568241632225,-0.0035258010273497634
40,15,18.35755975068582,0.05640975203478759,-0.007551895047147376,-0.0033716061480637376
40,16,17.88854381999832,0.0596941872551486,-0.00807104577989786,-0.003174851532971642
40,17,17.46424919657298,0.06275945510073087,-0.008568472605224371,-0.0029315623783758467
40,18,17.08800749063506,0.06555731201190029,-0.009034158117120227,-0.0026391517455014862
40,19,16.76305461424021,0.06803775859173385,-0.009456907298722433,-0.0022969694541585886
40,20,16.492422502470642,0.07015125092021747,-0.009824868451378293,-0.001906807215240211
40,21,16.278820596099706,0.07185137302221427,-0.010126289110255569,-0.0014732610804276333
40,22,16.1245154965971,0.07309777308107274,-0.010350461175126786,-0.001003842319765899
40,23,16.0312195418814,0.07385905766174607,-0.01048874572031576,-0.0005087462342385426
40,24,16.0,0.07411526554954982,-0.010535511690586433,-2.426982456046889e-07
40,25,16.0312195418814,0.07385954305823728,-0.01048880139854165,0.0005082639572989156
40,26,16.1245154965971,0.07309873763495199,-0.010350571815911695,0.0010033693792314904
40,27,16.278820596099706,0.0718528042997743,-0.010126453287370083,0.0014728036265366715
40,28,16.492422502470642,0.07015313038187865,-0.009825084038208542,0.0019063712876484784
40,29,16.76305461424021,0.06804006172447734,-0.009457171483461108,0.0022965609386348187
40,30,17.08800749063506,0.06556000850460901,-0.009034467422879364,0.0026387763315449536
40,31,17.46424919657298,0.06276250906138743,-0.008568822914949363,0.0029312255180108625
40,32,17.88854381999832,0.059697557468587285,-0.00807143236593338,0.003174558400967458
40,33,18.35755975068582,0.056413392259452515,-0.007552312605277511,0.00337136160382015
40,34,18.867962264113206,0.052954834260946985,-0.0070200109293903044,0.0035256095786796796
40,35,19.4164878389476,0.049362173102093156,-0.006481504179845415,0.0036421454930005946
40,36,20.0,0.045670543274945796,-0.005942237900745127,0.003726236348243917
40,37,20.615528128088304,0.04190970040560532,-0.00540625517913328,0.0037832214986461728
40,38,21.2602916254693,0.03810410027765345,-0.004876372885831544,0.0038182554682664703
40,39,21.93171219946131,0.03427318946907238,-0.004354373888920892,0.003836134910067363
40,40,22.627416997969522,0.030431830457518724,-0.0038411943559773006,0.0038411943559773006
40,41,23.345235059857504,0.02659080075711778,-0.0033370939867863134,0.0038372542540584097
40,42,24.08318915758459,0.022757321949401905,-0.0028418034825093332,0.003827606018929586
40,43,24.839484696748443,0.018935588719258607,-0.002354647916522467,0.003815021181889868
40,44,25.612496949731394,0.01512727958562217,-0.0018746473415240288,0.0038017743965610383
40,45,26.40075756488817,0.01133203992613653,-0.00140059741391977,0.0037896725674123684
40,46,27.202941017470888,0.0075479344507974324,-0.0009311334550733083,0.0037800845060507182
40,47,28.0178514522438,0.003771870914035094,-0.0004647815257206446,0.0037739672253987162
40,48,28.844410203711913,0.0,0.0,0.001885935457017547
41,0,29.410882339705484,0.0,0.0,-0.0016521878196666753
41,1,28.600699292150182,0.0033043756393333506,-0.00046814138997805033,-0.0033058097032064005
41,2,27.80287754891569,0.006611619406412801,-0.0009375053509595222,-0.0033099284117348556
41,3,27.018512172212592,0.009924232462803061,-0.0014092708648384454,-0.003316207556340867
41,4,26.248809496813376,0.013244034519094535,-0.0018845350921826909,-0.003323788269165035
41,5,25.495097567963924,0.01657180900113313,-0.0023642662798222707,-0.00333144918007191
41,6,24.758836806279895,0.019906932879238354,-0.0028492492137474484,-0.003337590076032286
41,7,24.041630560342615,0.023246989153197704,-0.0033400207829858593,-0.003340215078014899
41,8,23.345235059857504,0.026587363035268152,-0.0038367934288351876,-0.003336918990927057
41,9,22.67156809750927,0.029920827135051817,-0.00433936474020555,-0.0033248818079182965
41,10,22.02271554554524,0.033237126651104745,-0.00484701239303815,-0.0033008778721598606
41,11,21.400934559032695,0.03652258287937154,-0.005358375236007722,-0.0032613078034549707
41,12,20.808652046684813,0.03975974225801469,-0.005871323836259202,-0.0032022627434471346
41,13,20.248456731316587,0.04292710836626581,-0.006382827433966922,-0.0031196313466473197
41,14,19.72308292331602,0.045999004951309326,-0.0068888291123694705,-0.003009259617634555
41,15,19.235384061671343,0.04894562760153492,-0.007384146902868729,-0.0028671713317090473
41,16,18.788294228055936,0.05173334761472742,-0.007862424871824723,-0.002689851425665305
41,17,18.384776310850235,0.05432533045286553,-0.008316163637098261,-0.0024745855840820445
41,18,18.027756377319946,0.05668251878289151,-0.008736862053084566,-0.002219836024531064
41,19,17.72004514666935,0.058765002501927656,-0.0091152980654269,-0.001925617159245066
41,20,17.46424919657298,0.06053375310138164,-0.009441963937704165,-0.0015938182108171939
41,21,17.26267650163207,0.061952638923562044,-0.00970764736356462,-0.0012284080056612252
41,22,17.11724276862369,0.06299056911270409,-0.009904116711566015,-0.0008354566507996174
41,23,17.029386365926403,0.06362355222516128,-0.01002483211138019,-0.00042292566637863044
41,24,17.0,0.06383642044546135,-0.010065575863945474,-2.143790068867557e-07
41,25,17.029386365926403,0.06362398098317505,-0.010024889586218486,0.00042249966391164767
41,26,17.11724276862369,0.06299142111763806,-0.00990423092248274,0.0008350388953196515
41,27,17.26267650163207,0.06195390319253575,-0.009707816838309093,0.0012280039297660993
41,28,17.46424919657298,0.06053541325810586,-0.009442186481041438,0.001593433149425602
41,29,17.72004514666935,0.058767036893684545,-0.00911557077481891,0.0019252563113449778
41,30,18.027756377319946,0.056684900635415904,-0.008737181339451897,0.0022195044157426493
41,31,18.384776310850235,0.054328028062199246,-0.00831652525053813,0.002474288030260313
41,32,18.788294228055936,0.05173632457489528,-0.007862823932130898,0.002689592497761715
41,33,19.235384061671343,0.048948843066675816,-0.007384577934670063,0.002866955322104417
41,34,19.72308292331602,0.046002413930686444,-0.006889286084675886,0.003009090508147752
41,35,20.248456731316587,0.04293066205038031,-0.0063833038038848405,0.00311951277841465
41,36,20.808652046684813,0.03976338837385714,-0.00587181259661286,0.003202197988857236
41,37,21.400934559032695,0.03652626607266584,-0.005358868966578801,0.003261299740312619
41,38,22.02271554554524,0.033240788893231905,-0.004847503315113747,0.0033009289602398215
41,39,22.67156809750927,0.029924408152186197,-0.004339844774103723,0.003324994068057063
41,40,23.345235059857504,0.02659080075711778,-0.0038372542540584097,0.0033370939867863134
41,41,24.041630560342615,0.02325022017861357,-0.0033404539006357536,0.0033404539006357554
41,42,24.758836806279895,0.01990989295584627,-0.002849646010819249,0.003337893331283771
41,43,25.495097567963924,0.01657443351604603,-0.0023646180949846033,0.0033318169790811777
41,44,26.248809496813376,0.013246258997683913,-0.00188483328263769,0.003324220221800048
41,45,27.018512172212592,0.009925993072445932,-0.001409506873848822,0.00331670276779931
41,46,27.80287754891569,0.006612853462085293,-0.0009376707756231862,0.0033104854822756727
41,47,28.600699292150182,0.003305022107894587,-0.0004682280488271574,0.0033064267310426465
41,48,29.410882339705484,0.0,0.0,0.0016525110539472934
42,0,30.0,0.0,0.0,-0.0014174281338543138
42,1,29.206163733020468,0.0028348562677086276,-0.00047037830382923675,-0.0028357633378822667
42,2,28.42534080710379,0.005671526675764533,-0.0009416632897693601,-0.0028383243722237593
42,3,27.65863337187866,0.008511505012156147,-0.0014147130973537463,-0.0028420821978239774
42,4,26.90724809414742,0.011355691071412488,-0.001890294937492978,-0.002846289968458691
42,5,26.1725046566048,0.014204084949073529,-0.002369034975416867,-0.0028498906754580357
42,6,25.45584412271571,0.01705547242232856,-0.002851362745588116,-0.00285150820081844
42,7,24.758836806279895,0.01990710135071041,-0.003337448566286795,-0.0028494396681356966
42,8,24.08318915758459,0.022754351758599953,-0.003827132801250594,-0.0028416522861315335
42,9,23.430749027719962,0.025590405922973476,-0.004319846458636329,-0.0028257888562807382
42,10,22.80350850198276,0.02840592947116143,-0.004814523637224103,-0.0027991871357033234
42,11,22.20360331117452,0.031188780194380122,-0.005309507851582877,-0.0027589191837
42,12,21.633307652783937,0.03392376783856143,-0.0058024564054354345,-0.0027018574588870484
42,13,21.095023109728988,0.03659249511215422,-0.006290249793959821,-0.002624774447860377
42,14,20.591260281974,0.03917331673428218,-0.00676891653500282,-0.0025244815584479566
42,15,20.12461179749811,0.04164145822905013,-0.007233587570401864,-0.0023980103886084847
42,16,19.697715603592208,0.04396933751149915,-0.007678497828542848,-0.0022428347987421098
42,17,19.313207915827967,0.04612712782653435,-0.008097054672382212,-0.002057125197116004
42,18,18.973665961010276,0.04808358790573116,-0.008481992342576156,-0.0018400173171728464
42,19,18.681541692269406,0.049807162460880045,-0.008825626504197638,-0.0015918675695389892
42,20,18.439088914585774,0.05126732304480914,-0.009120212257634205,-0.0013144579171024927
42,21,18.24828759089466,0.05243607829508503,-0.009358392200033084,-0.0010111083065657833
42,22,18.110770276274835,0.053289539657940706,-0.0095337000755734,-0.0006866575719503276
42,23,18.027756377319946,0.053809393438985685,-0.00964106465536628,-0.0003472870818590837
42,24,18.0,0.05398411382165887,-0.009677244451226027,-1.8522340730978137e-07
42,25,18.027756377319946,0.053809763885800305,-0.009641123675810926,0.0003469190158361807
42,26,18.110770276274835,0.05329027578998651,-0.009533817357836191,0.0006862966313220982
42,27,18.24828759089466,0.05243717062315611,-0.009358566232271735,0.0010107591850953696
42,28,18.439088914585774,0.05126875741979577,-0.009120440785579782,0.0013141252241582954
42,29,18.681541692269406,0.04980892017483952,-0.008825906547257394,0.0015915557970452784
42,30,18.973665961010276,0.048085645825705216,-0.00848232021515357,0.0018397308072641734
42,31,19.313207915827967,0.04612945856031117,-0.008097426010286665,0.0020568681106898634
42,32,19.697715603592208,0.04397190960432549,-0.007678907620330168,0.0022426110850993913
42,33,20.12461179749811,0.04164423639011239,-0.007234030193457884,0.0023978237563651375
42,34,20.591260281974,0.039176262091595214,-0.0067693857961528235,0.0025243354478944567
42,35,21.095023109728988,0.036595565494323475,-0.006290738974359538,0.0026246720049375692
42,36,21.633307652783937,0.033926918081720076,-0.005802958309472982,0.0027018015109378773
42,37,22.20360331117452,0.03119196247244772,-0.005310014859496325,0.0027589122171470595
42,38,22.80350850198276,0.028409093647425956,-0.004815027761116355,0.0027992312757913924
42,39,23.430749027719962,0.025593499920864935,-0.0043203394015476175,0.002825885849012026
42,40,24.08318915758459,0.022757321949401905,-0.003827606018929588,0.0028418034825093315
42,41,24.758836806279895,0.019909892955846272,-0.003337893331283771,0.002849646010819249
42,42,25.45584412271571,0.017058029927763407,-0.002851770213278434,0.0028517702132784357
42,43,26.1725046566048,0.0142063525292894,-0.002369396251549691,0.0028502084537083087
42,44,26.90724809414742,0.01135761302034679,-0.0018906011468493708,0.002846663175425257
42,45,27.65863337187866,0.008513026178438887,-0.0014149554530896815,0.0028425100603978646
42,46,28.42534080710379,0.00567259289955106,-0.0009418331630129274,0.002838805681029054
42,47,29.206163733020468,0.002835414816380779,-0.0004704672930975573,0.00283629644977553
42,48,30.0,0.0,0.0,0.0014177074081903895
43,0,30.610455730027933,0.0,0.0,-0.0011818095158374385
43,1,29.832867780352597,0.002363619031674877,-0.00047172460736420653,-0.0023641464134370404
43,2,29.068883707497267,0.004728292826874081,-0.0009440844440581427,-0.002365593618210346
43,3,28.319604517012593,0.007094806268095569,-0.0014176631456945198,-0.002367575908617249
43,4,27.586228448267445,0.009463444644108579,-0.0018929480404945441,-0.0023694663911019145
43,5,26.870057685088806,0.011833739050299398,-0.0023702787481003794,-0.002370381371976772
43,6,26.1725046566048,0.014204207388062122,-0.0028497920890122328,-0.002369176485162358
43,7,25.495097567963924,0.016572092020624114,-0.003331362502696448,-0.002364445022352421
43,8,24.839484696748443,0.018933097432766964,-0.003814537631562388,-0.002354521098577523
43,9,24.20743687382041,0.02128113421777916,-0.004298469413808738,-0.002337490971944788
43,10,23.600847442411894,0.02360807937665654,-0.004781842004873273,-0.0023112164792133127
43,11,23.021728866442675,0.025903567176205785,-0.0052627991729932554,-0.002273375035243639
43,12,22.47220505424423,0.028154829447143818,-0.005738875519621937,-0.0022215208010701905
43,13,21.95449840010015,0.030346608778346166,-0.006206937929646132,-0.0021531712170799345
43,14,21.470910553583888,0.03246117188130369,-0.006663145922720928,-0.0020659218411925116
43,15,21.02379604162864,0.03447845246073119,-0.007102941759814177,-0.0019575900381690187
43,16,20.615528128088304,0.036376351957641724,-0.007521082757414001,-0.0018263843236849577
43,17,20.248456731316587,0.038131221108101104,-0.007911728557490349,-0.0016710910700487372
43,18,19.924858845171276,0.0397185340977392,-0.008268594220328579,-0.0014912641927156377
43,19,19.6468827043885,0.04111374949353238,-0.008585175102733874,-0.001287397244187017
43,20,19.4164878389476,0.04229332858611323,-0.008855041066835163,-0.001061052514981748
43,21,19.235384061671343,0.043235854523495876,-0.009072185952611632,-0.0008149201877220291
43,22,19.1049731745428,0.04392316896155729,-0.009231404992830941,-0.0005527841954664214
43,23,19.026297590440446,0.04434142291442872,-0.00932866088242322,-0.00027938129072600446
43,24,19.0,0.0444819315430093,-0.009361392383379498,-1.553585622406095e-07
43,25,19.026297590440446,0.0443417336315532,-0.009328721191571843,0.0002790725705218121
43,26,19.1049731745428,0.043923786401965675,-0.009231524835937178,0.0005524814517804608
43,27,19.235384061671343,0.04323677072799228,-0.009072363784822322,0.0008146273575096903
43,28,19.4164878389476,0.042294531686946295,-0.008855274584659695,0.0010607734644112604
43,29,19.6468827043885,0.04111522379916976,-0.008585461260498604,0.0012871357409187656
43,30,19.924858845171276,0.039720260205108764,-0.008268929251962473,0.0014910238787719209
43,31,20.248456731316587,0.038133176041625916,-0.007912108003511218,0.001670875435436911
43,32,20.615528128088304,0.03637850933423494,-0.007521501496953449,0.0018261966809329337
43,33,21.02379604162864,0.03448078267976005,-0.007103394047488944,0.0019574334979270726
43,34,21.470910553583888,0.032463642338380796,-0.006663625430129107,0.002065799289049406
43,35,21.95449840010015,0.030349184101661236,-0.006207437791238338,0.002153085291734809
43,36,22.47220505424423,0.02815747175491118,-0.005739388382671002,0.002221473873994023
43,37,23.021728866442675,0.02590623635367319,-0.005263317251360712,0.002273369191955992
43,38,23.600847442411894,0.023610733370999195,-0.004782357136247296,0.002311253502291114
43,39,24.20743687382041,0.021283729349090962,-0.00429897312006648,0.0023375723258702956
43,40,24.839484696748443,0.018935588719258604,-0.003815021181889868,0.002354647916522467
43,41,25.495097567963924,0.01657443351604603,-0.0033318169790811794,0.0023646180949846015
43,42,26.1725046566048,0.0142063525292894,-0.0028502084537083095,0.002369396251549691
43,43,26.870057685088806,0.011835641012946646,-0.0023706479126521145,0.0023706479126521145
43,44,27.586228448267445,0.009465056703985172,-0.001893260935893711,0.0023697794233400386
43,45,28.319604517012593,0.007096082166266569,-0.0014179107932374606,0.0023679347839628668
43,46,29.068883707497267,0.004729187136059438,-0.0009442580264626126,0.0023659973222835487
43,47,29.832867780352597,0.002364087521699472,-0.0004718155397020052,0.002364593568029719
43,48,30.610455730027933,0.0,0.0,0.001182043760849736
44,0,31.240998703626616,0.0,0.0,-0.0009457035264901073
44,1,30.479501308256342,0.0018914070529802145,-0.00047245208463146974,-0.001891678893824124
44,2,29.732137494637012,0.003783357787648248,-0.0009453153435383941,-0.0018923858338934464
44,3,29.0,0.005676178720767107,-0.0014189476608651558,-0.001893218601387576
44,4,28.284271247461902,0.0075697949904234,-0.0018936078322292454,-0.0018936743660528314
44,5,27.586228448267445,0.00946352745287277,-0.0023694039721831707,-0.001893046626940347
44,6,26.90724809414742,0.011355888244304094,-0.0028462397203397466,-0.0018904244462223715
44,7,26.248809496813376,0.013244376345317513,-0.003323758006011409,-0.0018846941255855412
44,8,25.612496949731394,0.015125276495475177,-0.003801282611721451,-0.0018745453750192431
44,9,25.0,0.016993467095356,-0.004277758440391988,-0.001858484482969853
44,10,24.413111231467404,0.018842245461414883,-0.004751692266714625,-0.0018348573765188062
44,11,23.853720883753127,0.02066318184839361,-0.005221096852533319,-0.0018018856689513366
44,12,23.323807579381203,0.022446016799317556,-0.00568344260953094,-0.001757718702234172
44,13,22.825424421026653,0.024178619252861955,-0.006135622426199559,-0.0017005040447613858
44,14,22.360679774997898,0.025847024888840327,-0.006573936685345344,-0.0016284777282799118
44,15,21.93171219946131,0.02743557470942178,-0.0069941066235322605,-0.0015400735539154112
44,16,21.540659228538015,0.02892717199667115,-0.0073913246489657174,-0.0014340480010659375
44,17,21.18962010041709,0.030303670711553654,-0.007760349566380248,-0.0013096137342014265
44,18,20.8806130178211,0.031546399465074,-0.008095652357170585,-0.0011665707719293213
44,19,20.615528128088304,0.0326368122554123,-0.008391613843932515,-0.0010054207230324047
44,20,20.396078054371138,0.03355724091113881,-0.0086427691641143,-0.0008274470672247347
44,21,20.223748416156685,0.034291706389861766,-0.008844085974985531,-0.0006347443805700057
44,22,20.09975124224178,0.034826729672278824,-0.008991254921253447,-0.0004301826421387392
44,23,20.024984394500787,0.035152071674139244,-0.009080964012843576,-0.00021729969131052684
44,24,20.0,0.03526132905489988,-0.009111125394535522,-1.249142586867702e-07
44,25,20.024984394500787,0.03515232150265662,-0.009081025349013354,0.00021705146839386125
44,26,20.09975124224178,0.034827226118112155,-0.00899137680520104,0.0004299392245725765
44,27,20.223748416156685,0.034292443053511465,-0.008844266835550065,0.0006345089338178865
44,28,20.396078054371138,0.03355820825047638,-0.008643006658578383,0.0008272226998345782
44,29,20.615528128088304,0.03263799765384231,-0.008391904874756875,0.001005210464348056
44,30,20.8806130178211,0.03154778732178027,-0.008095993094150735,0.0011663775502767874
44,31,21.18962010041709,0.030305242553288734,-0.007760735474092237,0.0013094403556808392
44,32,21.540659228538015,0.02892890661041859,-0.007391750519336467,0.001433897129077117
44,33,21.93171219946131,0.0274374482951345,-0.006994566613338797,0.0015399476895407958
44,34,22.360679774997898,0.025849011231337,-0.00657442435841765,0.001628379191643851
44,35,22.825424421026653,0.024180689911846798,-0.0061361308000729125,0.0017004349574794644
44,36,23.323807579381203,0.02244814131637807,-0.00568396420626655,0.0017576809710602506
44,37,23.853720883753127,0.020665327969726296,-0.005221623753400418,0.0018018809707233529
44,38,24.413111231467404,0.018844379374931365,-0.004752216170403118,0.001834887144497161
44,39,25.0,0.016995553680731974,-0.004278270724402744,0.001858549894654598
44,40,25.612496949731394,0.01512727958562217,-0.0038017743965610366,0.0018746473415240305
44,41,26.248809496813376,0.013246258997683913,-0.003324220221800047,0.0018848332826376909
44,42,26.90724809414742,0.011357613020346788,-0.002846663175425257,0.0018906011468493708
44,43,27.586228448267445,0.009465056703985172,-0.0023697794233400386,0.00189326093589371
44,44,28.284271247461902,0.007571091148559367,-0.0018939260560106026,0.001893926056010603
44,45,29.0,0.005677204591963966,-0.0014191995256665176,0.0018935071509667662
44,46,29.732137494637012,0.003784076846625835,-0.0009454918819255837,0.0018927104274935984
44,47,30.479501308256342,0.0018917837369767686,-0.0004725445654811697,0.0018920384233129175
44,48,31.240998703626616,0.0,0.0,0.0009458918684883843
45,0,31.89043743820395,0.0,0.0,-0.0007093574312059688
45,1,31.144823004794873,0.0014187148624119376,-0.00047278505083424895,-0.0014188310698986463
45,2,30.4138126514911,0.0028376621397972926,-0.0009458062437127197,-0.0014190980419766597
45,3,29.698484809834994,0.004256910946365257,-0.0014192456173436822,-0.0014192834199263976
45,4,29.0,0.005676228979650088,-0.001893184975386848,-0.0014190100797838996
45,5,28.319604517012593,0.007094931105933056,-0.0023675546703406884,-0.0014177494838662707
45,6,27.65863337187866,0.008511727947382629,-0.002842081346719829,-0.0014148224513341199
45,7,27.018512172212592,0.009924576008601296,-0.0033162348120760843,-0.0014094021309707166
45,8,26.40075756488817,0.011330532209324062,-0.003789174675440834,-0.0014005206641969437
45,9,25.80697580112788,0.012725617336995183,-0.0042596980085424585,-0.0013870813169516135
45,10,25.238858928247925,0.01410469484322729,-0.004726190047453619,-0.001367878067071982
45,11,24.698178070456937,0.015461373471139147,-0.005186580844681055,-0.0013416246924273243
45,12,24.186773244895647,0.016787944228081938,-0.005638311757307934,-0.0013069952274039507
45,13,23.706539182259394,0.01807536392594705,-0.0060783166246212205,-0.0012626771412655308
45,14,23.259406699226016,0.019313298510613,-0.006503023300526231,-0.0012074376438598097
45,15,22.847319317591726,0.020490239213666668,-0.006908381649520185,-0.001140202074548645
45,16,22.47220505424423,0.02159370265971029,-0.007289923919807374,-0.0010601413808369702
45,17,22.135943621178654,0.02261052197534061,-0.007642862274979757,-0.0009667633618438698
45,18,21.840329667841555,0.02352722938339803,-0.00796222593237244,-0.0008599999151633706
45,19,21.587033144922902,0.02433052180566735,-0.008243036689319144,-0.0007402804372433017
45,20,21.37755832643195,0.025007790257884632,-0.008480516739509733,-0.0006085803839287317
45,21,21.213203435596427,0.025547682573524813,-0.0086703170791222,-0.0004664344305828818
45,22,21.095023109728988,0.025940659119050396,-0.008808749379636866,-0.0003159061576083772
45,23,21.02379604162864,0.026179494888741568,-0.008893000192354726,-0.00015951081744393011
45,24,21.0,0.026259680753938256,-0.008921305041218455,-9.402239246197874e-08
45,25,21.02379604162864,0.02617968293352649,-0.008893062290215496,0.00015932398118733045
45,26,21.095023109728988,0.025941032791563595,-0.008808872777175956,0.0003157229383171714
45,27,21.213203435596427,0.02554823705689215,-0.008670500185667583,0.00046625721088703297
45,28,21.37755832643195,0.02500851836978953,-0.008480757183251445,0.0006084115036180705
45,29,21.587033144922902,0.024331414049656008,-0.008243331334251756,0.0007401221764911179
45,30,21.840329667841555,0.023528274016807293,-0.007962570900726829,0.0008598544781072831
45,31,22.135943621178654,0.02261170509344144,-0.007643252975009707,0.0009666328606226429
45,32,22.47220505424423,0.021595008295562008,-0.0072903550787643805,0.0010600278201794936
45,33,22.847319317591726,0.020491649453082454,-0.006908847351618389,0.001140107337008256
45,34,23.259406699226016,0.019314793621545496,-0.006503517029669325,0.0012073634757835214
45,35,23.706539182259394,0.01807692250151541,-0.006078831311634127,0.001262625139583709
45,36,24.186773244895647,0.016789543342378078,-0.0056388398313885766,0.0013069668273215287
45,37,24.698178070456937,0.015462988846872354,-0.005187114288761486,0.0013416211560925593
45,38,25.238858928247925,0.01410630103019296,-0.004726720457135579,0.00136790047329344
45,39,25.80697580112788,0.012727187900285474,-0.004260216654250031,0.0013871305520282142
45,40,26.40075756488817,0.01133203992613653,-0.003789672567412368,0.00140059741391977
45,41,27.018512172212592,0.009925993072445934,-0.00331670276779931,0.001409506873848822
45,42,27.65863337187866,0.008513026178438887,-0.0028425100603978637,0.0014149554530896824
45,43,28.319604517012593,0.007096082166266569,-0.0023679347839628668,0.0014179107932374602
45,44,29.0,0.0056772045919639665,-0.0018935071509667662,0.0014191995256665176
45,45,29.698484809834994,0.004257683114933534,-0.0014195006098778476,0.0014195006098778478
45,46,30.4138126514911,0.002838203372208271,-0.0009459849744066616,0.0014193423620982005
45,47,31.144823004794873,0.0014189983907371328,-0.00047287868013893674,0.0014191016861041354
45,48,31.89043743820395,0.0,0.0,0.0007094991953685664
46,0,32.55764119219941,0.0,0.0,-0.0004729184756558583
46,1,31.827660925679098,0.0009458369513117166,-0.00047289872632421586,-0.0009458726501114043
46,2,31.11269837220809,0.0018917453002228087,-0.0009459083456307361,-0.000945925267384013
46,3,30.4138126514911,0.0028376874860797426,-0.0014190853416300945,-0.0009458398697134477
46,4,29.732137494637012,0.003783425039649704,-0.0018923856896786912,-0.0009453653130558253
46,5,29.068883707497267,0.004728418112191393,-0.0023656141856500572,-0.0009441502556073662
46,6,28.42534080710379,0.005671725550864436,-0.0028383735578275957,-0.0009417443044869756
46,7,27.80287754891569,0.006611906721165344,-0.003310013804940376,-0.000937600796864536
46,8,27.202941017470888,0.007546927144593508,-0.003779582654386675,-0.0009310821785528688
46,9,26.627053911388696,0.008474071078271082,-0.004245778600022019,-0.000921469110957068
46,10,26.076809620810597,0.009389865366507644,-0.004706908644257622,-0.00090797454038021
46,11,25.553864678361276,0.010290020159031502,-0.005160853601424946,-0.0008897639590970214
46,12,25.059928172283335,0.011169393284701687,-0.005605044558109005,-0.0008659829222940063
46,13,24.596747752497688,0.012021986003619515,-0.006036454736287472,-0.0008357925015430893
46,14,24.166091947189145,0.012840978287787866,-0.00645161143202843,-0.0007984127033809473
46,15,23.769728648009426,0.01361881141038141,-0.0068466327345443265,-0.0007531729346342683
46,16,23.40939982143925,0.014347324157056402,-0.0072172931732355505,-0.0006995673756063654
46,17,23.08679276123039,0.01501794616159414,-0.007559121108161997,-0.0006373117216363607
46,18,22.80350850198276,0.015621947600329124,-0.00786752844549179,-0.0005663963575899345
46,19,22.561028345356956,0.01615073887677401,-0.008137970123349544,-0.00048712991589511083
46,20,22.360679774997898,0.016596207432119345,-0.008366126971273428,-0.0004001666774216782
46,21,22.20360331117452,0.016951072231617365,-0.008548101440654182,-0.0003065117404428726
46,22,22.090722034374522,0.01720923091300509,-0.00868061201776199,-0.00020749952890621384
46,23,22.02271554554524,0.017366071289429793,-0.008761169698426396,-0.00010474402972893843
46,24,22.0,0.017418718972462967,-0.008788219517770382,-6.281639791660965e-08
46,25,22.02271554554524,0.017366196922225626,-0.008761232290146172,0.00010461920435136246
46,26,22.090722034374522,0.017209480563760243,-0.008680736396671216,0.00020737712002466373
46,27,22.20360331117452,0.0169514426821763,-0.008548286003430348,0.0003063933398933759
46,28,22.360679774997898,0.01659669388397349,-0.008366369327243765,0.0004000538484187511
46,29,22.561028345356956,0.016151334985338796,-0.008138267111568245,0.0004870241818234382
46,30,22.80350850198276,0.015622645520326614,-0.007867876157350158,0.0005662991910347385
46,31,23.08679276123039,0.01501873660326932,-0.007559514915396056,0.000637224533718392
46,32,23.40939982143925,0.01434819645288983,-0.007217727761163072,0.0006994915056857988
46,33,23.769728648009426,0.013619753591897722,-0.006847102140331712,0.0007531096404457399
46,34,24.166091947189145,0.01284197717199835,-0.006452109087757408,0.0007983631516595893
46,35,24.596747752497688,0.012023027288578543,-0.006036973516562422,0.0008357577591987164
46,36,25.059928172283335,0.011170461653600918,-0.005605576831917904,0.0008659639481876091
46,37,25.553864678361276,0.010291099392203325,-0.005161391287940783,0.0008897615964703551
46,38,26.076809620810597,0.009390938460660208,-0.00470744327224268,0.0009079895099857061
46,39,26.627053911388696,0.008475120372231913,-0.004246301370474799,0.0009215020049313872
46,40,27.202941017470888,0.007547934450797433,-0.0037800845060507182,0.00093113345507331
46,41,27.80287754891569,0.006612853462085293,-0.0033104854822756736,0.0009376707756231866
46,42,28.42534080710379,0.00567259289955106,-0.002838805681029054,0.0009418331630129274
46,43,29.068883707497267,0.004729187136059438,-0.0023659973222835483,0.0009442580264626126
46,44,29.732137494637012,0.003784076846625835,-0.0018927104274935993,0.0009454918819255839
46,45,30.4138126514911,0.0028382033722082704,-0.001419342362098201,0.0009459849744066616
46,46,31.11269837220809,0.0018921068978125118,-0.0009460884977546878,0.0009460884977546876
46,47,31.827660925679098,0.0009460263766988952,-0.00047299310025480153,0.0009460534489062559
46,48,32.55764119219941,0.0,0.0,0.0004730131883494476
47,0,33.24154027718932,0.0,0.0,-0.00023645870488175295
47,1,32.526911934581186,0.0004729174097635059,-0.0004729184756558583,-0.0004729227242679101
47,2,31.827660925679098,0.0009458454485358202,-0.0009458726501114043,-0.00047291142667078097
47,3,31.144823004794873,0.0014187402631050678,-0.0014188437430398713,-0.0004728060758784427
47,4,30.479501308256342,0.0018914576002927056,-0.001891712519824852,-0.0004724812357639372
47,5,29.832867780352597,0.0023637027346329422,-0.0023642090560956966,-0.0004717616157173659
47,6,29.206163733020468,0.0028349808317274373,-0.002835862775432218,-0.0004704228320438007
47,7,28.600699292150182,0.0033045483987205436,-0.003305953360582672,-0.0004681930344116374
47,8,28.0178514522438,0.003771366900550712,-0.003773463572296754,-0.0004647558691153017
47,9,27.459060435491963,0.004234060136951147,-0.004237035539135541,-0.000459755327080666
47,10,26.92582403567252,0.004690877554712044,-0.004694932683253822,-0.0004528030656690543
47,11,26.419689627245813,0.005139666268289256,-0.005145010079515751,-0.00044348877857594213
47,12,25.942243542145693,0.005577855111863928,-0.005584696642350844,-0.0004313940925414245
47,13,25.495097567963924,0.0060024544533721046,-0.006010993001809757,-0.00041611026734610524
47,14,25.079872407968907,0.006410075646556139,-0.006420489143893933,-0.0003972596456029553
47,15,24.698178070456937,0.006796973744578015,-0.006809405705190705,-0.00037452033334152424
47,16,24.351591323771842,0.007159116313239187,-0.007173662078528201,-0.0003476530072193001
47,17,24.041630560342615,0.007492279759016615,-0.00750897308079707,-0.00031652808958763066
47,18,23.769728648009426,0.007792172492414449,-0.007810973800164562,-0.0002811508999758243
47,19,23.53720459187964,0.008054581558968264,-0.008075369438387004,-0.00024168191146166492
47,20,23.345235059857504,0.008275536315337778,-0.008298103716059673,-0.0001984490666240915
47,21,23.194827009486403,0.008451479692216447,-0.008475536115808683,-0.0001519493840943173
47,22,23.08679276123039,0.008579435083526413,-0.008604615456502545,-0.0001028378998361645
47,23,23.021728866442675,0.008657155491888776,-0.008683035644714896,-5.190331743553864e-05
47,24,23.0,0.00868324171839749,-0.008709359486231484,-3.143067268517735e-08
47,25,23.021728866442675,0.008657218353234146,-0.008683098461112813,5.184086008816393e-05
47,26,23.08679276123039,0.008579559998221162,-0.008604740281880121,0.00010277665160134813
47,27,23.194827009486403,0.00845166505003145,-0.00847572134108815,0.00015189014145958277
47,28,23.345235059857504,0.008275779715301997,-0.008298346941986745,0.0001983926117559657
47,29,23.53720459187964,0.008054879826519519,-0.008075667492669398,0.00024162900659750958
47,30,23.769728648009426,0.007792521702106978,-0.007811322760163307,0.0002811022819350943
47,31,24.041630560342615,0.00749267526264933,-0.00750936830163466,0.000316484464435557
47,32,24.351591323771842,0.007159552773235864,-0.007174098226444915,0.00034761504511515023
47,33,24.698178070456937,0.00679744517241903,-0.006809876795948861,0.00037448866360259266
47,34,25.079872407968907,0.0064105754460306785,-0.006420988585999175,0.00039723485201423195
47,35,25.495097567963924,0.006002975468390566,-0.006011513644289272,0.00041609288374420354
47,36,25.942243542145693,0.005578389678542271,-0.005585230826800459,0.00043138459869988864
47,37,26.419689627245813,0.005140206270990788,-0.0051455496961016626,0.0004434875964173359
47,38,26.92582403567252,0.0046914144857076,-0.004695469230330104,0.0004528105558274562
47,39,27.459060435491963,0.004234585159335876,-0.0042375601861159564,0.0004597717858362527
47,40,28.0178514522438,0.0037718709140350942,-0.0037739672253987167,0.0004647815257206446
47,41,28.600699292150182,0.003305022107894587,-0.0033064267310426465,0.0004682280488271576
47,42,29.206163733020468,0.002835414816380779,-0.00283629644977553,0.0004704672930975571
47,43,29.832867780352597,0.0023640875216994726,-0.002364593568029719,0.0004718155397020054
47,44,30.479501308256342,0.0018917837369767682,-0.0018920384233129175,0.0004725445654811701
47,45,31.144823004794873,0.0014189983907371324,-0.0014191016861041352,0.0004728786801389365
47,46,31.827660925679098,0.0009460263766988952,-0.0009460534489062559,0.0004729931002548013
47,47,32.526911934581186,0.00047301219022752983,-0.0004730131883494476,0.0004730131883494476
47,48,33.24154027718932,0.0,0.0,0.00023650609511376492
48,0,33.94112549695428,0.0,0.0,-0.0
48,1,33.24154027718932,0.0,-0.00023645870488175295,-0.0
48,2,32.55764119219941,0.0,-0.0004729227242679101,-0.0
48,3,31.89043743820395,0.0,-0.0007093701315525339,-0.0
48,4,31.240998703626616,0.0,-0.0009457288001463528,-0.0
48,5,30.610455730027933,0.0,-0.0011818513673164711,-0.0
48,6,30.0,0.0,-0.0014174904158637187,-0.0
48,7,29.410882339705484,0.0,-0.0016522741993602718,-0.0
48,8,28.844410203711913,0.0,-0.001885683450275356,-0.0
48,9,28.30194339616981,0.0,-0.0021170300684755735,-0.0
48,10,27.784887978899608,0.0,-0.002345438777356022,-0.0
48,11,27.294688127912362,0.0,-0.002569833134144628,-0.0
48,12,26.832815729997478,0.0,-0.002788927555931964,-0.0
48,13,26.40075756488817,0.0,-0.0030012272266860523,-0.0
48,14,26.0,0.0,-0.0032050378232780694,-0.0
48,15,25.632011235952593,0.0,-0.0033984868722890076,-0.0
48,16,25.298221281347036,0.0,-0.0035795581566195936,-0.0
48,17,25.0,0.0,-0.0037461398795083077,-0.0
48,18,24.73863375370596,0.0,-0.0038960862462072243,-0.0
48,19,24.515301344262525,0.0,-0.004027290779484132,-0.0
48,20,24.331050121192877,0.0,-0.004137768157668889,-0.0
48,21,24.186773244895647,0.0,-0.0042257398461082235,-0.0
48,22,24.08318915758459,0.0,-0.0042897175417632065,-0.0
48,23,24.020824298928627,0.0,-0.004328577745944388,-0.0
48,24,24.0,0.0,-0.004341620859198745,-0.0
48,25,24.020824298928627,0.0,-0.004328609176617073,-0.0
48,26,24.08318915758459,0.0,-0.004289779999110581,-0.0
48,27,24.186773244895647,0.0,-0.004225832525015725,-0.0
48,28,24.331050121192877,0.0,-0.0041378898576509985,-0.0
48,29,24.515301344262525,0.0,-0.004027439913259759,-0.0
48,30,24.73863375370596,0.0,-0.003896260851053489,-0.0
48,31,25.0,0.0,-0.003746337631324665,-0.0
48,32,25.298221281347036,0.0,-0.003579776386617932,-0.0
48,33,25.632011235952593,0.0,-0.003398722586209515,-0.0
48,34,26.0,0.0,-0.0032052877230153392,-0.0
48,35,26.40075756488817,0.0,-0.003001487734195283,-0.0
48,36,26.832815729997478,0.0,-0.0027891948392711357,-0.0
48,37,27.294688127912362,0.0,-0.002570103135495394,-0.0
48,38,27.784887978899608,0.0,-0.0023457072428538,-0.0
48,39,28.30194339616981,0.0,-0.002117292579667938,-0.0
48,40,28.844410203711913,0.0,-0.0018859354570175471,-0.0
48,41,29.410882339705484,0.0,-0.0016525110539472934,-0.0
48,42,30.0,0.0,-0.0014177074081903895,-0.0
48,43,30.610455730027933,0.0,-0.0011820437608497363,-0.0
48,44,31.240998703626616,0.0,-0.0009458918684883841,-0.0
48,45,31.89043743820395,0.0,-0.0007094991953685662,-0.0
48,46,32.55764119219941,0.0,-0.0004730131883494476,-0.0
48,47,33.24154027718932,0.0,-0.00023650609511376492,-0.0
48,48,33.94112549695428,0.0,0.0,-0.0
